id,Sentiment
168802,2
168803,2
168804,2
168805,1
168806,2
168807,1
168808,2
168809,1
168810,2
168811,2
168812,2
168813,0
168814,2
168815,1
168816,2
168817,2
168818,2
168819,2
168820,2
168821,1
168822,2
168823,2
168824,1
168825,1
168826,1
168827,2
168828,1
168829,0
168830,1
168831,0
168832,2
168833,1
168834,1
168835,1
168836,1
168837,2
168838,2
168839,1
168840,0
168841,2
168842,0
168843,0
168844,2
168845,1
168846,2
168847,1
168848,2
168849,1
168850,1
168851,2
168852,1
168853,0
168854,0
168855,1
168856,1
168857,2
168858,0
168859,2
168860,0
168861,2
168862,0
168863,1
168864,2
168865,0
168866,2
168867,2
168868,2
168869,2
168870,1
168871,0
168872,0
168873,1
168874,2
168875,2
168876,2
168877,1
168878,2
168879,2
168880,1
168881,1
168882,2
168883,2
168884,0
168885,1
168886,0
168887,2
168888,2
168889,2
168890,2
168891,2
168892,2
168893,1
168894,1
168895,1
168896,0
168897,0
168898,2
168899,1
168900,1
168901,1
168902,2
168903,2
168904,1
168905,0
168906,2
168907,0
168908,2
168909,2
168910,2
168911,1
168912,2
168913,1
168914,1
168915,1
168916,0
168917,1
168918,0
168919,0
168920,1
168921,2
168922,2
168923,2
168924,2
168925,2
168926,1
168927,1
168928,0
168929,0
168930,1
168931,1
168932,1
168933,2
168934,1
168935,2
168936,1
168937,0
168938,1
168939,1
168940,2
168941,2
168942,1
168943,1
168944,0
168945,1
168946,2
168947,1
168948,2
168949,0
168950,2
168951,2
168952,2
168953,1
168954,2
168955,2
168956,1
168957,1
168958,1
168959,0
168960,2
168961,0
168962,1
168963,0
168964,0
168965,2
168966,2
168967,2
168968,2
168969,1
168970,2
168971,1
168972,0
168973,1
168974,2
168975,2
168976,0
168977,1
168978,0
168979,2
168980,1
168981,2
168982,2
168983,0
168984,1
168985,1
168986,0
168987,0
168988,2
168989,2
168990,1
168991,2
168992,0
168993,1
168994,1
168995,2
168996,1
168997,1
168998,1
168999,1
169000,2
169001,1
169002,1
169003,0
169004,2
169005,1
169006,1
169007,1
169008,1
169009,2
169010,1
169011,1
169012,2
169013,1
169014,2
169015,0
169016,1
169017,0
169018,1
169019,1
169020,1
169021,0
169022,0
169023,1
169024,2
169025,0
169026,1
169027,1
169028,2
169029,1
169030,1
169031,1
169032,2
169033,2
169034,2
169035,1
169036,0
169037,2
169038,0
169039,1
169040,2
169041,2
169042,0
169043,2
169044,2
169045,1
169046,2
169047,2
169048,1
169049,0
169050,1
169051,1
169052,2
169053,2
169054,2
169055,0
169056,2
169057,1
169058,1
169059,1
169060,1
169061,2
169062,0
169063,1
169064,1
169065,1
169066,1
169067,1
169068,2
169069,1
169070,1
169071,2
169072,1
169073,1
169074,2
169075,0
169076,2
169077,1
169078,2
169079,2
169080,1
169081,0
169082,1
169083,0
169084,1
169085,2
169086,1
169087,1
169088,2
169089,2
169090,1
169091,2
169092,2
169093,1
169094,0
169095,1
169096,1
169097,2
169098,2
169099,2
169100,1
169101,1
169102,1
169103,2
169104,2
169105,1
169106,2
169107,0
169108,2
169109,2
169110,2
169111,2
169112,0
169113,1
169114,2
169115,2
169116,1
169117,2
169118,2
169119,2
169120,2
169121,1
169122,1
169123,1
169124,0
169125,0
169126,1
169127,1
169128,2
169129,1
169130,2
169131,1
169132,2
169133,2
169134,2
169135,2
169136,1
169137,1
169138,0
169139,0
169140,2
169141,1
169142,0
169143,2
169144,0
169145,0
169146,0
169147,2
169148,2
169149,2
169150,2
169151,2
169152,2
169153,0
169154,0
169155,1
169156,2
169157,1
169158,1
169159,0
169160,2
169161,1
169162,1
169163,1
169164,0
169165,2
169166,2
169167,2
169168,0
169169,2
169170,2
169171,2
169172,2
169173,2
169174,2
169175,1
169176,2
169177,2
169178,0
169179,0
169180,2
169181,1
169182,2
169183,2
169184,2
169185,1
169186,1
169187,1
169188,0
169189,0
169190,1
169191,1
169192,1
169193,2
169194,1
169195,0
169196,0
169197,2
169198,2
169199,1
169200,1
169201,1
169202,2
169203,1
169204,2
169205,2
169206,0
169207,0
169208,2
169209,0
169210,2
169211,2
169212,1
169213,2
169214,2
169215,1
169216,2
169217,2
169218,2
169219,2
169220,0
169221,2
169222,1
169223,2
169224,2
169225,1
169226,0
169227,1
169228,2
169229,2
169230,0
169231,0
169232,1
169233,1
169234,1
169235,2
169236,1
169237,1
169238,2
169239,2
169240,2
169241,2
169242,2
169243,0
169244,1
169245,2
169246,0
169247,1
169248,1
169249,2
169250,1
169251,0
169252,2
169253,0
169254,1
169255,0
169256,1
169257,2
169258,2
169259,0
169260,1
169261,1
169262,1
169263,2
169264,2
169265,1
169266,2
169267,1
169268,2
169269,1
169270,2
169271,0
169272,1
169273,2
169274,2
169275,1
169276,0
169277,2
169278,1
169279,1
169280,1
169281,2
169282,2
169283,2
169284,1
169285,1
169286,2
169287,2
169288,2
169289,1
169290,2
169291,2
169292,1
169293,1
169294,0
169295,2
169296,1
169297,1
169298,2
169299,0
169300,2
169301,1
169302,2
169303,2
169304,2
169305,0
169306,2
169307,2
169308,2
169309,2
169310,2
169311,2
169312,2
169313,2
169314,1
169315,2
169316,2
169317,1
169318,1
169319,0
169320,1
169321,1
169322,2
169323,2
169324,2
169325,0
169326,2
169327,2
169328,1
169329,2
169330,1
169331,2
169332,2
169333,2
169334,2
169335,2
169336,2
169337,2
169338,2
169339,1
169340,1
169341,0
169342,1
169343,2
169344,1
169345,2
169346,2
169347,2
169348,2
169349,0
169350,2
169351,1
169352,2
169353,1
169354,0
169355,2
169356,0
169357,2
169358,1
169359,1
169360,1
169361,2
169362,2
169363,1
169364,1
169365,1
169366,2
169367,2
169368,2
169369,2
169370,2
169371,2
169372,2
169373,0
169374,1
169375,0
169376,1
169377,2
169378,2
169379,1
169380,2
169381,2
169382,2
169383,2
169384,2
169385,1
169386,2
169387,1
169388,2
169389,1
169390,1
169391,1
169392,0
169393,0
169394,0
169395,0
169396,2
169397,2
169398,1
169399,0
169400,2
169401,2
169402,2
169403,1
169404,1
169405,1
169406,1
169407,1
169408,2
169409,1
169410,2
169411,2
169412,2
169413,1
169414,0
169415,0
169416,1
169417,2
169418,1
169419,2
169420,0
169421,2
169422,0
169423,1
169424,1
169425,2
169426,1
169427,0
169428,1
169429,0
169430,2
169431,0
169432,0
169433,2
169434,1
169435,2
169436,2
169437,2
169438,1
169439,1
169440,0
169441,1
169442,2
169443,2
169444,0
169445,1
169446,0
169447,1
169448,1
169449,1
169450,2
169451,2
169452,1
169453,2
169454,1
169455,1
169456,1
169457,0
169458,2
169459,2
169460,2
169461,0
169462,2
169463,1
169464,0
169465,1
169466,0
169467,2
169468,2
169469,1
169470,2
169471,2
169472,1
169473,0
169474,2
169475,0
169476,2
169477,2
169478,2
169479,1
169480,2
169481,0
169482,2
169483,1
169484,1
169485,0
169486,2
169487,2
169488,2
169489,0
169490,2
169491,2
169492,1
169493,2
169494,1
169495,0
169496,2
169497,2
169498,0
169499,1
169500,1
169501,1
169502,1
169503,0
169504,1
169505,0
169506,1
169507,2
169508,0
169509,2
169510,1
169511,2
169512,0
169513,2
169514,1
169515,2
169516,0
169517,2
169518,1
169519,0
169520,2
169521,1
169522,2
169523,2
169524,1
169525,0
169526,2
169527,1
169528,0
169529,0
169530,0
169531,2
169532,0
169533,0
169534,1
169535,1
169536,0
169537,0
169538,2
169539,1
169540,2
169541,1
169542,0
169543,0
169544,2
169545,2
169546,2
169547,2
169548,2
169549,2
169550,2
169551,2
169552,2
169553,2
169554,1
169555,0
169556,1
169557,0
169558,1
169559,2
169560,1
169561,2
169562,1
169563,0
169564,2
169565,0
169566,2
169567,1
169568,1
169569,2
169570,0
169571,2
169572,0
169573,1
169574,2
169575,0
169576,2
169577,2
169578,2
169579,0
169580,1
169581,1
169582,2
169583,1
169584,2
169585,1
169586,2
169587,1
169588,0
169589,0
169590,2
169591,1
169592,0
169593,2
169594,2
169595,2
169596,2
169597,2
169598,1
169599,2
169600,0
169601,0
169602,2
169603,2
169604,1
169605,1
169606,0
169607,0
169608,0
169609,0
169610,2
169611,1
169612,2
169613,1
169614,0
169615,2
169616,2
169617,0
169618,1
169619,2
169620,2
169621,1
169622,1
169623,1
169624,1
169625,1
169626,2
169627,1
169628,1
169629,2
169630,0
169631,2
169632,1
169633,0
169634,2
169635,1
169636,0
169637,2
169638,2
169639,2
169640,2
169641,2
169642,0
169643,1
169644,2
169645,2
169646,1
169647,1
169648,0
169649,2
169650,1
169651,2
169652,1
169653,2
169654,1
169655,1
169656,2
169657,1
169658,2
169659,2
169660,0
169661,2
169662,0
169663,1
169664,1
169665,2
169666,1
169667,1
169668,2
169669,1
169670,1
169671,0
169672,2
169673,2
169674,2
169675,1
169676,0
169677,1
169678,2
169679,2
169680,2
169681,1
169682,2
169683,2
169684,0
169685,2
169686,1
169687,0
169688,2
169689,1
169690,1
169691,0
169692,1
169693,2
169694,2
169695,1
169696,2
169697,0
169698,0
169699,2
169700,0
169701,1
169702,0
169703,2
169704,2
169705,2
169706,2
169707,1
169708,2
169709,2
169710,1
169711,0
169712,1
169713,1
169714,2
169715,2
169716,2
169717,1
169718,2
169719,2
169720,1
169721,0
169722,2
169723,1
169724,2
169725,1
169726,1
169727,2
169728,1
169729,1
169730,1
169731,1
169732,0
169733,2
169734,0
169735,0
169736,2
169737,1
169738,0
169739,0
169740,0
169741,2
169742,1
169743,2
169744,0
169745,1
169746,2
169747,2
169748,1
169749,0
169750,0
169751,2
169752,2
169753,1
169754,1
169755,0
169756,1
169757,2
169758,1
169759,2
169760,2
169761,1
169762,2
169763,2
169764,1
169765,2
169766,0
169767,1
169768,1
169769,2
169770,0
169771,0
169772,2
169773,1
169774,2
169775,2
169776,2
169777,2
169778,2
169779,0
169780,0
169781,0
169782,2
169783,0
169784,1
169785,2
169786,2
169787,2
169788,2
169789,0
169790,2
169791,1
169792,2
169793,0
169794,1
169795,1
169796,0
169797,2
169798,0
169799,0
169800,2
169801,0
169802,2
169803,0
169804,2
169805,1
169806,2
169807,2
169808,1
169809,1
169810,1
169811,2
169812,2
169813,1
169814,2
169815,2
169816,2
169817,0
169818,2
169819,0
169820,0
169821,0
169822,1
169823,0
169824,2
169825,0
169826,2
169827,0
169828,2
169829,1
169830,1
169831,0
169832,2
169833,2
169834,0
169835,2
169836,2
169837,0
169838,1
169839,2
169840,2
169841,0
169842,1
169843,2
169844,1
169845,0
169846,0
169847,2
169848,0
169849,1
169850,2
169851,2
169852,1
169853,2
169854,1
169855,0
169856,2
169857,0
169858,2
169859,0
169860,1
169861,0
169862,0
169863,2
169864,1
169865,2
169866,1
169867,0
169868,0
169869,2
169870,0
169871,2
169872,0
169873,2
169874,1
169875,0
169876,2
169877,2
169878,2
169879,2
169880,2
169881,0
169882,2
169883,1
169884,2
169885,2
169886,2
169887,2
169888,2
169889,2
169890,2
169891,2
169892,2
169893,1
169894,2
169895,2
169896,2
169897,2
169898,0
169899,1
169900,2
169901,0
169902,1
169903,1
169904,2
169905,0
169906,1
169907,2
169908,1
169909,0
169910,1
169911,2
169912,2
169913,2
169914,1
169915,0
169916,2
169917,0
169918,1
169919,1
169920,1
169921,0
169922,2
169923,2
169924,0
169925,0
169926,2
169927,0
169928,1
169929,0
169930,2
169931,1
169932,1
169933,2
169934,0
169935,1
169936,0
169937,1
169938,2
169939,0
169940,2
169941,1
169942,0
169943,2
169944,1
169945,1
169946,1
169947,1
169948,1
169949,0
169950,1
169951,0
169952,0
169953,2
169954,2
169955,1
169956,2
169957,0
169958,1
169959,1
169960,2
169961,1
169962,1
169963,0
169964,0
169965,0
169966,2
169967,2
169968,1
169969,0
169970,1
169971,2
169972,2
169973,2
169974,0
169975,2
169976,0
169977,2
169978,1
169979,0
169980,1
169981,2
169982,0
169983,0
169984,0
169985,1
169986,1
169987,0
169988,2
169989,0
169990,0
169991,0
169992,2
169993,1
169994,2
169995,2
169996,0
169997,1
169998,2
169999,2
170000,1
170001,0
170002,2
170003,1
170004,2
170005,2
170006,0
170007,0
170008,1
170009,1
170010,0
170011,2
170012,2
170013,2
170014,2
170015,2
170016,2
170017,2
170018,0
170019,2
170020,1
170021,2
170022,1
170023,1
170024,1
170025,1
170026,1
170027,2
170028,2
170029,2
170030,1
170031,2
170032,1
170033,2
170034,1
170035,2
170036,1
170037,0
170038,1
170039,0
170040,0
170041,2
170042,2
170043,0
170044,1
170045,1
170046,2
170047,2
170048,1
170049,2
170050,1
170051,1
170052,1
170053,2
170054,0
170055,1
170056,1
170057,0
170058,1
170059,2
170060,2
170061,2
170062,2
170063,1
170064,2
170065,2
170066,1
170067,1
170068,2
170069,1
170070,0
170071,1
170072,1
170073,1
170074,1
170075,2
170076,2
170077,1
170078,0
170079,0
170080,2
170081,0
170082,1
170083,2
170084,1
170085,1
170086,2
170087,1
170088,2
170089,2
170090,2
170091,1
170092,1
170093,2
170094,0
170095,2
170096,2
170097,2
170098,0
170099,0
170100,2
170101,1
170102,0
170103,2
170104,0
170105,2
170106,0
170107,1
170108,2
170109,2
170110,2
170111,0
170112,1
170113,2
170114,2
170115,0
170116,0
170117,1
170118,2
170119,2
170120,2
170121,2
170122,1
170123,1
170124,1
170125,2
170126,2
170127,2
170128,0
170129,1
170130,1
170131,0
170132,2
170133,1
170134,2
170135,0
170136,1
170137,1
170138,0
170139,1
170140,1
170141,2
170142,2
170143,1
170144,1
170145,2
170146,0
170147,2
170148,0
170149,1
170150,1
170151,2
170152,1
170153,0
170154,1
170155,2
170156,2
170157,0
170158,1
170159,2
170160,1
170161,2
170162,1
170163,2
170164,2
170165,0
170166,1
170167,0
170168,2
170169,2
170170,1
170171,1
170172,0
170173,0
170174,2
170175,1
170176,2
170177,0
170178,1
170179,0
170180,0
170181,1
170182,1
170183,2
170184,2
170185,1
170186,0
170187,1
170188,0
170189,1
170190,0
170191,0
170192,0
170193,2
170194,1
170195,1
170196,2
170197,1
170198,1
170199,2
170200,1
170201,0
170202,2
170203,2
170204,0
170205,1
170206,1
170207,0
170208,2
170209,2
170210,2
170211,1
170212,2
170213,1
170214,2
170215,1
170216,2
170217,1
170218,1
170219,2
170220,0
170221,2
170222,1
170223,0
170224,2
170225,0
170226,1
170227,1
170228,1
170229,1
170230,1
170231,2
170232,2
170233,0
170234,1
170235,0
170236,2
170237,0
170238,0
170239,1
170240,1
170241,1
170242,2
170243,2
170244,1
170245,1
170246,1
170247,1
170248,0
170249,2
170250,1
170251,1
170252,1
170253,2
170254,2
170255,2
170256,1
170257,0
170258,1
170259,2
170260,2
170261,2
170262,1
170263,1
170264,1
170265,2
170266,1
170267,1
170268,1
170269,2
170270,2
170271,2
170272,2
170273,0
170274,2
170275,1
170276,2
170277,2
170278,0
170279,1
170280,1
170281,0
170282,2
170283,1
170284,0
170285,2
170286,2
170287,2
170288,2
170289,0
170290,1
170291,1
170292,1
170293,2
170294,2
170295,1
170296,0
170297,1
170298,0
170299,2
170300,0
170301,2
170302,0
170303,1
170304,2
170305,2
170306,1
170307,2
170308,0
170309,2
170310,2
170311,0
170312,2
170313,0
170314,2
170315,1
170316,1
170317,2
170318,0
170319,0
170320,1
170321,1
170322,0
170323,0
170324,2
170325,2
170326,1
170327,1
170328,0
170329,1
170330,2
170331,2
170332,2
170333,2
170334,1
170335,2
170336,0
170337,0
170338,2
170339,2
170340,0
170341,2
170342,1
170343,1
170344,0
170345,0
170346,0
170347,2
170348,2
170349,1
170350,2
170351,2
170352,1
170353,0
170354,2
170355,1
170356,1
170357,1
170358,1
170359,0
170360,1
170361,2
170362,2
170363,1
170364,1
170365,2
170366,2
170367,1
170368,2
170369,1
170370,0
170371,0
170372,0
170373,1
170374,1
170375,2
170376,2
170377,1
170378,2
170379,0
170380,2
170381,1
170382,2
170383,0
170384,0
170385,2
170386,2
170387,1
170388,2
170389,2
170390,1
170391,2
170392,0
170393,1
170394,2
170395,2
170396,0
170397,2
170398,2
170399,1
170400,1
170401,2
170402,2
170403,1
170404,1
170405,2
170406,2
170407,1
170408,2
170409,0
170410,2
170411,2
170412,0
170413,0
170414,0
170415,2
170416,0
170417,2
170418,1
170419,1
170420,2
170421,0
170422,2
170423,2
170424,1
170425,2
170426,1
170427,2
170428,0
170429,2
170430,2
170431,1
170432,2
170433,0
170434,1
170435,2
170436,1
170437,1
170438,2
170439,0
170440,2
170441,1
170442,0
170443,2
170444,1
170445,0
170446,2
170447,1
170448,1
170449,2
170450,2
170451,0
170452,2
170453,0
170454,0
170455,1
170456,1
170457,0
170458,1
170459,2
170460,2
170461,1
170462,2
170463,1
170464,2
170465,1
170466,0
170467,2
170468,1
170469,2
170470,2
170471,2
170472,1
170473,0
170474,1
170475,2
170476,2
170477,2
170478,0
170479,2
170480,2
170481,2
170482,1
170483,1
170484,2
170485,2
170486,2
170487,1
170488,1
170489,2
170490,2
170491,2
170492,0
170493,1
170494,0
170495,0
170496,0
170497,1
170498,1
170499,2
170500,1
170501,2
170502,2
170503,1
170504,0
170505,0
170506,1
170507,2
170508,2
170509,2
170510,1
170511,0
170512,1
170513,2
170514,2
170515,2
170516,2
170517,1
170518,2
170519,1
170520,2
170521,2
170522,2
170523,2
170524,2
170525,0
170526,1
170527,0
170528,0
170529,1
170530,1
170531,2
170532,1
170533,1
170534,2
170535,0
170536,1
170537,2
170538,2
170539,2
170540,1
170541,2
170542,2
170543,0
170544,1
170545,1
170546,1
170547,0
170548,2
170549,1
170550,0
170551,1
170552,2
170553,1
170554,1
170555,2
170556,2
170557,1
170558,2
170559,2
170560,2
170561,1
170562,1
170563,1
170564,2
170565,2
170566,0
170567,1
170568,1
170569,1
170570,2
170571,1
170572,0
170573,1
170574,1
170575,2
170576,2
170577,0
170578,1
170579,0
170580,2
170581,1
170582,0
170583,1
170584,0
170585,1
170586,1
170587,2
170588,1
170589,2
170590,2
170591,1
170592,2
170593,2
170594,1
170595,0
170596,2
170597,2
170598,1
170599,2
170600,1
170601,2
170602,2
170603,2
170604,0
170605,1
170606,1
170607,2
170608,2
170609,2
170610,1
170611,0
170612,1
170613,1
170614,2
170615,1
170616,2
170617,1
170618,0
170619,2
170620,2
170621,0
170622,1
170623,2
170624,2
170625,2
170626,1
170627,2
170628,2
170629,2
170630,1
170631,1
170632,1
170633,1
170634,0
170635,1
170636,2
170637,2
170638,1
170639,2
170640,2
170641,2
170642,2
170643,0
170644,2
170645,0
170646,0
170647,2
170648,1
170649,1
170650,0
170651,1
170652,2
170653,2
170654,2
170655,2
170656,2
170657,1
170658,2
170659,1
170660,1
170661,0
170662,1
170663,2
170664,0
170665,1
170666,0
170667,1
170668,2
170669,1
170670,1
170671,2
170672,0
170673,0
170674,2
170675,2
170676,0
170677,1
170678,2
170679,0
170680,1
170681,1
170682,0
170683,2
170684,2
170685,1
170686,0
170687,2
170688,2
170689,2
170690,1
170691,1
170692,2
170693,2
170694,1
170695,0
170696,0
170697,1
170698,1
170699,2
170700,2
170701,1
170702,1
170703,2
170704,2
170705,0
170706,1
170707,0
170708,2
170709,1
170710,2
170711,0
170712,2
170713,1
170714,2
170715,2
170716,1
170717,1
170718,0
170719,2
170720,2
170721,0
170722,1
170723,2
170724,2
170725,1
170726,2
170727,2
170728,1
170729,2
170730,2
170731,2
170732,0
170733,2
170734,2
170735,1
170736,1
170737,1
170738,2
170739,2
170740,2
170741,2
170742,2
170743,2
170744,2
170745,2
170746,1
170747,2
170748,1
170749,2
170750,2
170751,0
170752,0
170753,1
170754,2
170755,2
170756,2
170757,2
170758,1
170759,1
170760,0
170761,2
170762,2
170763,1
170764,1
170765,1
170766,0
170767,0
170768,0
170769,1
170770,1
170771,0
170772,0
170773,2
170774,1
170775,2
170776,2
170777,1
170778,1
170779,1
170780,1
170781,2
170782,1
170783,2
170784,1
170785,2
170786,2
170787,0
170788,0
170789,2
170790,1
170791,1
170792,1
170793,1
170794,2
170795,1
170796,2
170797,2
170798,2
170799,1
170800,0
170801,0
170802,1
170803,0
170804,2
170805,1
170806,1
170807,1
170808,1
170809,2
170810,1
170811,0
170812,1
170813,2
170814,1
170815,0
170816,2
170817,2
170818,2
170819,1
170820,1
170821,2
170822,2
170823,1
170824,2
170825,1
170826,1
170827,2
170828,0
170829,2
170830,2
170831,1
170832,1
170833,2
170834,2
170835,2
170836,0
170837,2
170838,2
170839,2
170840,2
170841,1
170842,2
170843,1
170844,0
170845,1
170846,2
170847,2
170848,1
170849,2
170850,0
170851,0
170852,1
170853,2
170854,2
170855,1
170856,2
170857,1
170858,1
170859,2
170860,2
170861,0
170862,1
170863,0
170864,2
170865,2
170866,2
170867,1
170868,2
170869,1
170870,1
170871,2
170872,1
170873,0
170874,0
170875,0
170876,0
170877,1
170878,2
170879,0
170880,1
170881,0
170882,2
170883,2
170884,2
170885,2
170886,2
170887,1
170888,2
170889,2
170890,2
170891,1
170892,1
170893,2
170894,1
170895,1
170896,2
170897,2
170898,2
170899,1
170900,1
170901,1
170902,1
170903,1
170904,0
170905,0
170906,1
170907,1
170908,0
170909,2
170910,1
170911,0
170912,1
170913,0
170914,1
170915,2
170916,2
170917,0
170918,1
170919,1
170920,2
170921,2
170922,2
170923,2
170924,2
170925,1
170926,1
170927,1
170928,2
170929,2
170930,0
170931,0
170932,1
170933,1
170934,2
170935,2
170936,1
170937,2
170938,1
170939,0
170940,0
170941,1
170942,1
170943,1
170944,0
170945,1
170946,2
170947,2
170948,2
170949,2
170950,2
170951,1
170952,2
170953,1
170954,2
170955,1
170956,1
170957,2
170958,0
170959,2
170960,2
170961,2
170962,1
170963,0
170964,2
170965,1
170966,2
170967,0
170968,0
170969,2
170970,1
170971,2
170972,2
170973,2
170974,2
170975,0
170976,2
170977,1
170978,1
170979,1
170980,0
170981,1
170982,2
170983,2
170984,1
170985,0
170986,1
170987,1
170988,1
170989,1
170990,1
170991,1
170992,0
170993,1
170994,2
170995,0
170996,2
170997,1
170998,2
170999,2
171000,0
171001,1
171002,2
171003,2
171004,0
171005,1
171006,2
171007,1
171008,1
171009,2
171010,1
171011,2
171012,1
171013,0
171014,2
171015,1
171016,1
171017,2
171018,2
171019,1
171020,0
171021,2
171022,1
171023,2
171024,0
171025,0
171026,2
171027,0
171028,2
171029,0
171030,2
171031,0
171032,1
171033,1
171034,2
171035,0
171036,0
171037,2
171038,0
171039,0
171040,2
171041,0
171042,0
171043,2
171044,0
171045,2
171046,1
171047,0
171048,1
171049,0
171050,0
171051,1
171052,2
171053,0
171054,1
171055,2
171056,2
171057,1
171058,1
171059,2
171060,1
171061,2
171062,2
171063,1
171064,2
171065,2
171066,2
171067,1
171068,0
171069,2
171070,0
171071,0
171072,2
171073,0
171074,0
171075,1
171076,1
171077,2
171078,1
171079,1
171080,1
171081,1
171082,1
171083,0
171084,2
171085,2
171086,2
171087,2
171088,1
171089,1
171090,2
171091,1
171092,2
171093,0
171094,1
171095,1
171096,2
171097,2
171098,1
171099,1
171100,1
171101,0
171102,1
171103,1
171104,1
171105,0
171106,1
171107,2
171108,1
171109,2
171110,0
171111,2
171112,0
171113,2
171114,0
171115,1
171116,0
171117,2
171118,1
171119,2
171120,1
171121,1
171122,1
171123,1
171124,1
171125,1
171126,2
171127,2
171128,1
171129,1
171130,0
171131,2
171132,1
171133,0
171134,2
171135,0
171136,2
171137,0
171138,1
171139,1
171140,2
171141,2
171142,2
171143,2
171144,0
171145,2
171146,1
171147,2
171148,1
171149,1
171150,1
171151,2
171152,2
171153,1
171154,2
171155,1
171156,2
171157,1
171158,0
171159,1
171160,2
171161,1
171162,0
171163,2
171164,2
171165,2
171166,1
171167,2
171168,2
171169,2
171170,2
171171,0
171172,2
171173,2
171174,0
171175,2
171176,2
171177,2
171178,2
171179,2
171180,2
171181,1
171182,0
171183,0
171184,1
171185,2
171186,1
171187,0
171188,2
171189,0
171190,2
171191,2
171192,0
171193,1
171194,1
171195,2
171196,1
171197,1
171198,0
171199,0
171200,0
171201,1
171202,0
171203,2
171204,2
171205,2
171206,2
171207,2
171208,1
171209,1
171210,2
171211,1
171212,1
171213,2
171214,2
171215,2
171216,2
171217,2
171218,1
171219,0
171220,1
171221,1
171222,0
171223,2
171224,2
171225,1
171226,2
171227,1
171228,2
171229,2
171230,1
171231,2
171232,2
171233,1
171234,1
171235,0
171236,0
171237,1
171238,2
171239,1
171240,2
171241,0
171242,2
171243,1
171244,1
171245,1
171246,0
171247,1
171248,1
171249,0
171250,1
171251,1
171252,1
171253,1
171254,0
171255,2
171256,2
171257,0
171258,1
171259,1
171260,2
171261,2
171262,2
171263,0
171264,0
171265,0
171266,1
171267,2
171268,2
171269,1
171270,2
171271,0
171272,2
171273,1
171274,0
171275,2
171276,2
171277,2
171278,1
171279,1
171280,1
171281,0
171282,0
171283,1
171284,1
171285,1
171286,2
171287,0
171288,1
171289,0
171290,0
171291,0
171292,0
171293,0
171294,0
171295,2
171296,2
171297,0
171298,1
171299,1
171300,0
171301,0
171302,1
171303,0
171304,0
171305,0
171306,2
171307,2
171308,1
171309,2
171310,1
171311,2
171312,1
171313,1
171314,2
171315,0
171316,1
171317,0
171318,0
171319,1
171320,2
171321,1
171322,0
171323,2
171324,0
171325,2
171326,1
171327,0
171328,1
171329,1
171330,1
171331,0
171332,2
171333,2
171334,1
171335,0
171336,0
171337,2
171338,0
171339,2
171340,0
171341,2
171342,2
171343,1
171344,2
171345,1
171346,1
171347,0
171348,2
171349,2
171350,1
171351,0
171352,2
171353,0
171354,2
171355,1
171356,2
171357,1
171358,2
171359,1
171360,0
171361,2
171362,2
171363,2
171364,1
171365,2
171366,1
171367,1
171368,1
171369,2
171370,0
171371,2
171372,1
171373,2
171374,1
171375,1
171376,1
171377,0
171378,2
171379,2
171380,0
171381,2
171382,2
171383,2
171384,2
171385,1
171386,2
171387,1
171388,2
171389,0
171390,0
171391,2
171392,0
171393,2
171394,1
171395,2
171396,2
171397,2
171398,1
171399,0
171400,2
171401,0
171402,0
171403,0
171404,2
171405,1
171406,1
171407,0
171408,1
171409,1
171410,2
171411,2
171412,1
171413,1
171414,2
171415,1
171416,0
171417,1
171418,2
171419,2
171420,2
171421,1
171422,2
171423,1
171424,2
171425,1
171426,2
171427,2
171428,2
171429,1
171430,0
171431,0
171432,1
171433,2
171434,2
171435,0
171436,2
171437,0
171438,0
171439,1
171440,1
171441,2
171442,2
171443,1
171444,1
171445,1
171446,0
171447,2
171448,2
171449,1
171450,2
171451,1
171452,2
171453,1
171454,1
171455,1
171456,2
171457,0
171458,0
171459,2
171460,2
171461,2
171462,1
171463,1
171464,0
171465,0
171466,2
171467,1
171468,2
171469,2
171470,0
171471,2
171472,2
171473,1
171474,2
171475,2
171476,1
171477,1
171478,2
171479,1
171480,0
171481,2
171482,1
171483,0
171484,2
171485,1
171486,2
171487,1
171488,0
171489,1
171490,1
171491,2
171492,2
171493,2
171494,0
171495,0
171496,1
171497,1
171498,2
171499,1
171500,0
171501,0
171502,2
171503,2
171504,1
171505,2
171506,2
171507,2
171508,1
171509,1
171510,2
171511,2
171512,2
171513,1
171514,0
171515,0
171516,1
171517,2
171518,1
171519,2
171520,0
171521,0
171522,1
171523,1
171524,2
171525,0
171526,1
171527,0
171528,1
171529,2
171530,1
171531,2
171532,2
171533,1
171534,2
171535,1
171536,1
171537,1
171538,1
171539,2
171540,1
171541,1
171542,0
171543,0
171544,1
171545,1
171546,2
171547,1
171548,2
171549,2
171550,2
171551,2
171552,2
171553,1
171554,2
171555,2
171556,2
171557,2
171558,1
171559,0
171560,1
171561,2
171562,1
171563,0
171564,2
171565,2
171566,2
171567,2
171568,0
171569,0
171570,2
171571,1
171572,1
171573,0
171574,2
171575,1
171576,1
171577,2
171578,2
171579,0
171580,2
171581,0
171582,1
171583,2
171584,2
171585,0
171586,1
171587,2
171588,0
171589,1
171590,2
171591,0
171592,1
171593,0
171594,1
171595,0
171596,1
171597,1
171598,2
171599,1
171600,2
171601,0
171602,1
171603,2
171604,2
171605,0
171606,2
171607,0
171608,0
171609,2
171610,0
171611,2
171612,0
171613,1
171614,2
171615,1
171616,0
171617,1
171618,2
171619,1
171620,2
171621,0
171622,1
171623,2
171624,1
171625,0
171626,2
171627,2
171628,2
171629,1
171630,1
171631,2
171632,2
171633,2
171634,2
171635,2
171636,0
171637,0
171638,2
171639,2
171640,2
171641,2
171642,1
171643,2
171644,2
171645,1
171646,1
171647,1
171648,2
171649,1
171650,2
171651,2
171652,1
171653,1
171654,2
171655,0
171656,2
171657,2
171658,1
171659,1
171660,0
171661,1
171662,0
171663,0
171664,2
171665,2
171666,2
171667,0
171668,0
171669,1
171670,2
171671,1
171672,1
171673,2
171674,2
171675,1
171676,2
171677,1
171678,2
171679,2
171680,2
171681,2
171682,2
171683,2
171684,2
171685,1
171686,1
171687,0
171688,0
171689,1
171690,1
171691,1
171692,1
171693,1
171694,0
171695,2
171696,1
171697,0
171698,2
171699,2
171700,2
171701,1
171702,1
171703,2
171704,2
171705,2
171706,0
171707,2
171708,2
171709,0
171710,1
171711,1
171712,0
171713,2
171714,1
171715,2
171716,0
171717,2
171718,2
171719,0
171720,2
171721,2
171722,1
171723,2
171724,1
171725,2
171726,1
171727,2
171728,0
171729,1
171730,1
171731,2
171732,0
171733,1
171734,2
171735,2
171736,2
171737,0
171738,2
171739,0
171740,1
171741,1
171742,2
171743,1
171744,0
171745,1
171746,2
171747,1
171748,0
171749,2
171750,0
171751,2
171752,2
171753,0
171754,2
171755,1
171756,2
171757,2
171758,2
171759,1
171760,2
171761,2
171762,2
171763,2
171764,2
171765,0
171766,2
171767,1
171768,2
171769,0
171770,2
171771,2
171772,2
171773,2
171774,2
171775,1
171776,0
171777,2
171778,1
171779,0
171780,1
171781,1
171782,2
171783,2
171784,1
171785,1
171786,1
171787,1
171788,2
171789,1
171790,2
171791,1
171792,1
171793,0
171794,2
171795,2
171796,0
171797,0
171798,2
171799,1
171800,0
171801,1
171802,2
171803,2
171804,1
171805,1
171806,0
171807,2
171808,2
171809,0
171810,1
171811,2
171812,1
171813,1
171814,2
171815,1
171816,0
171817,0
171818,2
171819,2
171820,0
171821,0
171822,2
171823,1
171824,2
171825,1
171826,0
171827,2
171828,1
171829,0
171830,0
171831,1
171832,0
171833,0
171834,1
171835,2
171836,1
171837,0
171838,0
171839,1
171840,1
171841,0
171842,2
171843,2
171844,2
171845,1
171846,2
171847,1
171848,1
171849,1
171850,2
171851,1
171852,2
171853,0
171854,2
171855,0
171856,1
171857,0
171858,2
171859,2
171860,2
171861,2
171862,1
171863,2
171864,1
171865,1
171866,1
171867,1
171868,2
171869,1
171870,2
171871,2
171872,0
171873,2
171874,1
171875,2
171876,1
171877,1
171878,0
171879,1
171880,2
171881,1
171882,1
171883,2
171884,1
171885,1
171886,2
171887,2
171888,2
171889,2
171890,0
171891,1
171892,1
171893,0
171894,2
171895,2
171896,0
171897,0
171898,2
171899,2
171900,2
171901,0
171902,1
171903,1
171904,1
171905,0
171906,1
171907,1
171908,2
171909,0
171910,2
171911,1
171912,1
171913,1
171914,1
171915,2
171916,1
171917,0
171918,0
171919,1
171920,1
171921,2
171922,2
171923,2
171924,2
171925,1
171926,0
171927,1
171928,2
171929,1
171930,0
171931,1
171932,2
171933,0
171934,1
171935,1
171936,0
171937,2
171938,1
171939,2
171940,1
171941,2
171942,1
171943,0
171944,2
171945,0
171946,0
171947,2
171948,2
171949,1
171950,2
171951,2
171952,2
171953,2
171954,0
171955,2
171956,0
171957,0
171958,2
171959,1
171960,0
171961,1
171962,0
171963,2
171964,0
171965,2
171966,1
171967,2
171968,1
171969,2
171970,0
171971,0
171972,2
171973,2
171974,2
171975,0
171976,1
171977,2
171978,1
171979,1
171980,1
171981,2
171982,2
171983,1
171984,1
171985,1
171986,2
171987,2
171988,2
171989,2
171990,0
171991,2
171992,0
171993,1
171994,1
171995,2
171996,2
171997,2
171998,1
171999,1
172000,2
172001,1
172002,1
172003,0
172004,0
172005,0
172006,1
172007,1
172008,2
172009,1
172010,0
172011,0
172012,0
172013,0
172014,2
172015,1
172016,0
172017,2
172018,2
172019,2
172020,0
172021,0
172022,0
172023,2
172024,2
172025,1
172026,2
172027,2
172028,0
172029,2
172030,2
172031,1
172032,2
172033,1
172034,2
172035,1
172036,1
172037,2
172038,0
172039,2
172040,1
172041,0
172042,0
172043,0
172044,1
172045,1
172046,0
172047,1
172048,1
172049,1
172050,1
172051,1
172052,1
172053,1
172054,1
172055,1
172056,1
172057,0
172058,2
172059,0
172060,1
172061,2
172062,2
172063,2
172064,0
172065,1
172066,1
172067,2
172068,0
172069,2
172070,1
172071,2
172072,1
172073,1
172074,2
172075,2
172076,1
172077,0
172078,1
172079,2
172080,0
172081,2
172082,2
172083,1
172084,2
172085,2
172086,1
172087,0
172088,2
172089,0
172090,2
172091,2
172092,2
172093,1
172094,2
172095,0
172096,2
172097,1
172098,0
172099,0
172100,1
172101,2
172102,2
172103,1
172104,1
172105,2
172106,1
172107,1
172108,2
172109,2
172110,2
172111,2
172112,2
172113,2
172114,2
172115,2
172116,2
172117,2
172118,1
172119,2
172120,2
172121,1
172122,2
172123,1
172124,2
172125,1
172126,2
172127,0
172128,1
172129,2
172130,2
172131,2
172132,1
172133,0
172134,2
172135,1
172136,0
172137,0
172138,2
172139,2
172140,2
172141,2
172142,2
172143,2
172144,2
172145,1
172146,2
172147,1
172148,2
172149,2
172150,2
172151,2
172152,2
172153,0
172154,1
172155,2
172156,1
172157,0
172158,2
172159,2
172160,2
172161,2
172162,1
172163,1
172164,0
172165,2
172166,1
172167,2
172168,2
172169,1
172170,2
172171,2
172172,2
172173,2
172174,1
172175,1
172176,1
172177,2
172178,2
172179,1
172180,2
172181,1
172182,1
172183,1
172184,2
172185,1
172186,0
172187,2
172188,0
172189,0
172190,1
172191,0
172192,2
172193,2
172194,0
172195,2
172196,0
172197,0
172198,1
172199,2
172200,1
172201,1
172202,0
172203,2
172204,0
172205,1
172206,2
172207,1
172208,1
172209,1
172210,0
172211,2
172212,0
172213,2
172214,2
172215,1
172216,2
172217,1
172218,2
172219,1
172220,2
172221,2
172222,1
172223,2
172224,2
172225,2
172226,1
172227,2
172228,2
172229,2
172230,2
172231,2
172232,1
172233,2
172234,2
172235,1
172236,2
172237,0
172238,0
172239,1
172240,1
172241,2
172242,2
172243,2
172244,2
172245,1
172246,2
172247,2
172248,2
172249,0
172250,1
172251,0
172252,2
172253,2
172254,2
172255,1
172256,0
172257,1
172258,1
172259,0
172260,0
172261,2
172262,1
172263,0
172264,1
172265,2
172266,2
172267,1
172268,1
172269,2
172270,2
172271,1
172272,0
172273,2
172274,0
172275,2
172276,2
172277,0
172278,2
172279,0
172280,1
172281,2
172282,1
172283,0
172284,2
172285,0
172286,1
172287,0
172288,0
172289,2
172290,2
172291,0
172292,1
172293,0
172294,2
172295,1
172296,1
172297,1
172298,2
172299,1
172300,2
172301,2
172302,2
172303,2
172304,1
172305,0
172306,2
172307,2
172308,2
172309,2
172310,1
172311,0
172312,1
172313,2
172314,2
172315,1
172316,2
172317,0
172318,1
172319,1
172320,0
172321,0
172322,1
172323,2
172324,1
172325,2
172326,1
172327,1
172328,2
172329,0
172330,2
172331,2
172332,1
172333,2
172334,0
172335,1
172336,2
172337,1
172338,1
172339,1
172340,2
172341,2
172342,1
172343,2
172344,2
172345,1
172346,0
172347,0
172348,0
172349,0
172350,1
172351,2
172352,2
172353,2
172354,0
172355,2
172356,2
172357,2
172358,1
172359,1
172360,2
172361,1
172362,1
172363,1
172364,1
172365,0
172366,2
172367,1
172368,1
172369,2
172370,2
172371,2
172372,1
172373,0
172374,2
172375,1
172376,1
172377,1
172378,2
172379,0
172380,1
172381,1
172382,2
172383,2
172384,2
172385,2
172386,1
172387,0
172388,2
172389,2
172390,0
172391,1
172392,2
172393,1
172394,1
172395,1
172396,1
172397,0
172398,0
172399,0
172400,1
172401,0
172402,1
172403,2
172404,2
172405,1
172406,1
172407,2
172408,2
172409,2
172410,1
172411,1
172412,1
172413,1
172414,2
172415,1
172416,1
172417,2
172418,1
172419,2
172420,2
172421,2
172422,1
172423,2
172424,0
172425,2
172426,2
172427,2
172428,1
172429,2
172430,0
172431,2
172432,2
172433,2
172434,0
172435,1
172436,2
172437,2
172438,1
172439,2
172440,2
172441,1
172442,2
172443,2
172444,2
172445,1
172446,2
172447,1
172448,2
172449,1
172450,2
172451,2
172452,1
172453,0
172454,1
172455,2
172456,1
172457,2
172458,0
172459,0
172460,2
172461,0
172462,2
172463,1
172464,1
172465,2
172466,2
172467,1
172468,1
172469,2
172470,1
172471,0
172472,0
172473,0
172474,2
172475,2
172476,2
172477,1
172478,1
172479,2
172480,2
172481,2
172482,2
172483,2
172484,0
172485,0
172486,2
172487,0
172488,1
172489,1
172490,1
172491,1
172492,2
172493,2
172494,2
172495,1
172496,0
172497,2
172498,0
172499,0
172500,2
172501,1
172502,2
172503,0
172504,2
172505,2
172506,1
172507,0
172508,0
172509,2
172510,1
172511,0
172512,1
172513,0
172514,1
172515,2
172516,2
172517,0
172518,2
172519,1
172520,2
172521,2
172522,1
172523,2
172524,0
172525,1
172526,0
172527,2
172528,1
172529,1
172530,1
172531,1
172532,2
172533,1
172534,0
172535,1
172536,2
172537,1
172538,2
172539,2
172540,0
172541,2
172542,0
172543,0
172544,1
172545,1
172546,1
172547,2
172548,0
172549,2
172550,2
172551,1
172552,0
172553,2
172554,0
172555,1
172556,0
172557,1
172558,1
172559,1
172560,2
172561,2
172562,0
172563,1
172564,1
172565,2
172566,1
172567,2
172568,2
172569,1
172570,1
172571,2
172572,2
172573,1
172574,1
172575,1
172576,1
172577,0
172578,1
172579,0
172580,2
172581,2
172582,1
172583,2
172584,0
172585,2
172586,2
172587,2
172588,1
172589,0
172590,1
172591,1
172592,0
172593,1
172594,2
172595,0
172596,2
172597,1
172598,0
172599,1
172600,0
172601,2
172602,1
172603,2
172604,1
172605,0
172606,2
172607,0
172608,1
172609,0
172610,1
172611,2
172612,2
172613,1
172614,2
172615,2
172616,1
172617,2
172618,0
172619,2
172620,2
172621,1
172622,2
172623,2
172624,2
172625,0
172626,2
172627,1
172628,2
172629,1
172630,2
172631,1
172632,0
172633,1
172634,2
172635,1
172636,1
172637,1
172638,1
172639,1
172640,0
172641,1
172642,1
172643,1
172644,1
172645,1
172646,2
172647,1
172648,0
172649,2
172650,2
172651,2
172652,0
172653,1
172654,1
172655,2
172656,2
172657,2
172658,2
172659,2
172660,2
172661,2
172662,1
172663,1
172664,1
172665,0
172666,2
172667,0
172668,2
172669,2
172670,0
172671,2
172672,1
172673,2
172674,1
172675,1
172676,2
172677,0
172678,2
172679,1
172680,2
172681,2
172682,2
172683,2
172684,1
172685,0
172686,0
172687,2
172688,1
172689,0
172690,1
172691,0
172692,1
172693,2
172694,1
172695,0
172696,1
172697,2
172698,1
172699,2
172700,2
172701,2
172702,1
172703,1
172704,1
172705,1
172706,1
172707,0
172708,2
172709,2
172710,0
172711,2
172712,2
172713,2
172714,2
172715,2
172716,2
172717,1
172718,2
172719,2
172720,0
172721,1
172722,2
172723,2
172724,2
172725,0
172726,1
172727,2
172728,0
172729,2
172730,2
172731,0
172732,1
172733,2
172734,1
172735,2
172736,0
172737,2
172738,1
172739,1
172740,2
172741,1
172742,1
172743,1
172744,2
172745,2
172746,2
172747,1
172748,1
172749,2
172750,2
172751,2
172752,1
172753,0
172754,1
172755,2
172756,1
172757,2
172758,1
172759,1
172760,1
172761,0
172762,0
172763,2
172764,0
172765,1
172766,2
172767,1
172768,2
172769,0
172770,2
172771,1
172772,0
172773,0
172774,0
172775,2
172776,2
172777,1
172778,1
172779,2
172780,2
172781,1
172782,0
172783,1
172784,2
172785,1
172786,1
172787,2
172788,1
172789,1
172790,1
172791,1
172792,1
172793,2
172794,1
172795,0
172796,1
172797,0
172798,2
172799,0
172800,1
172801,2
172802,2
172803,1
172804,1
172805,1
172806,0
172807,2
172808,1
172809,2
172810,1
172811,2
172812,1
172813,0
172814,0
172815,1
172816,1
172817,2
172818,2
172819,2
172820,0
172821,1
172822,1
172823,2
172824,1
172825,1
172826,0
172827,2
172828,2
172829,2
172830,2
172831,2
172832,0
172833,2
172834,1
172835,2
172836,0
172837,1
172838,1
172839,0
172840,2
172841,0
172842,2
172843,2
172844,1
172845,0
172846,2
172847,1
172848,0
172849,2
172850,1
172851,1
172852,1
172853,1
172854,1
172855,1
172856,0
172857,2
172858,2
172859,1
172860,1
172861,2
172862,2
172863,2
172864,2
172865,0
172866,1
172867,2
172868,2
172869,1
172870,1
172871,1
172872,2
172873,2
172874,2
172875,2
172876,0
172877,0
172878,1
172879,2
172880,0
172881,0
172882,2
172883,1
172884,2
172885,2
172886,0
172887,0
172888,2
172889,2
172890,2
172891,2
172892,1
172893,2
172894,1
172895,1
172896,0
172897,0
172898,2
172899,0
172900,1
172901,0
172902,2
172903,1
172904,1
172905,0
172906,1
172907,1
172908,2
172909,2
172910,1
172911,1
172912,2
172913,1
172914,1
172915,1
172916,2
172917,1
172918,2
172919,2
172920,2
172921,1
172922,0
172923,0
172924,1
172925,2
172926,0
172927,0
172928,1
172929,1
172930,1
172931,2
172932,1
172933,0
172934,2
172935,1
172936,2
172937,2
172938,0
172939,0
172940,1
172941,0
172942,0
172943,0
172944,2
172945,2
172946,1
172947,2
172948,2
172949,1
172950,2
172951,0
172952,2
172953,0
172954,2
172955,1
172956,1
172957,2
172958,1
172959,0
172960,1
172961,2
172962,1
172963,1
172964,1
172965,2
172966,2
172967,2
172968,1
172969,2
172970,1
172971,1
172972,1
172973,0
172974,2
172975,0
172976,0
172977,0
172978,0
172979,2
172980,0
172981,0
172982,2
172983,2
172984,0
172985,1
172986,0
172987,2
172988,1
172989,1
172990,0
172991,1
172992,1
172993,1
172994,2
172995,0
172996,2
172997,2
172998,2
172999,0
173000,2
173001,0
173002,2
173003,1
173004,1
173005,2
173006,0
173007,1
173008,1
173009,2
173010,1
173011,0
173012,1
173013,2
173014,2
173015,1
173016,0
173017,2
173018,0
173019,1
173020,1
173021,1
173022,0
173023,2
173024,0
173025,2
173026,1
173027,1
173028,1
173029,2
173030,1
173031,0
173032,0
173033,2
173034,2
173035,2
173036,1
173037,1
173038,2
173039,1
173040,1
173041,2
173042,1
173043,1
173044,0
173045,2
173046,2
173047,1
173048,2
173049,1
173050,1
173051,0
173052,1
173053,2
173054,1
173055,0
173056,1
173057,0
173058,2
173059,2
173060,0
173061,2
173062,2
173063,1
173064,1
173065,1
173066,0
173067,1
173068,1
173069,2
173070,2
173071,2
173072,0
173073,1
173074,2
173075,1
173076,0
173077,1
173078,2
173079,2
173080,1
173081,0
173082,2
173083,2
173084,1
173085,0
173086,2
173087,2
173088,2
173089,1
173090,0
173091,1
173092,1
173093,1
173094,2
173095,1
173096,1
173097,1
173098,1
173099,1
173100,2
173101,2
173102,0
173103,1
173104,1
173105,1
173106,0
173107,0
173108,0
173109,2
173110,1
173111,1
173112,1
173113,1
173114,1
173115,2
173116,0
173117,1
173118,2
173119,0
173120,1
173121,2
173122,1
173123,2
173124,2
173125,1
173126,0
173127,1
173128,2
173129,1
173130,2
173131,1
173132,2
173133,1
173134,1
173135,1
173136,2
173137,2
173138,1
173139,1
173140,1
173141,0
173142,2
173143,1
173144,1
173145,1
173146,1
173147,2
173148,0
173149,2
173150,1
173151,2
173152,2
173153,1
173154,1
173155,1
173156,1
173157,1
173158,2
173159,0
173160,1
173161,2
173162,2
173163,1
173164,0
173165,2
173166,0
173167,1
173168,0
173169,1
173170,0
173171,1
173172,1
173173,2
173174,2
173175,1
173176,2
173177,0
173178,0
173179,2
173180,2
173181,2
173182,0
173183,1
173184,0
173185,0
173186,0
173187,1
173188,2
173189,2
173190,0
173191,1
173192,1
173193,2
173194,1
173195,2
173196,1
173197,2
173198,1
173199,2
173200,2
173201,1
173202,1
173203,1
173204,1
173205,1
173206,1
173207,0
173208,0
173209,1
173210,1
173211,1
173212,2
173213,0
173214,2
173215,1
173216,2
173217,0
173218,1
173219,1
173220,2
173221,0
173222,2
173223,1
173224,1
173225,2
173226,2
173227,2
173228,0
173229,1
173230,0
173231,2
173232,1
173233,2
173234,0
173235,0
173236,2
173237,2
173238,1
173239,0
173240,0
173241,2
173242,1
173243,1
173244,1
173245,1
173246,2
173247,2
173248,2
173249,0
173250,2
173251,1
173252,2
173253,2
173254,2
173255,2
173256,1
173257,1
173258,0
173259,2
173260,2
173261,1
173262,0
173263,0
173264,1
173265,1
173266,2
173267,2
173268,2
173269,0
173270,0
173271,2
173272,1
173273,0
173274,2
173275,2
173276,1
173277,0
173278,1
173279,1
173280,2
173281,1
173282,2
173283,0
173284,0
173285,2
173286,1
173287,2
173288,1
173289,2
173290,1
173291,1
173292,1
173293,2
173294,2
173295,0
173296,1
173297,2
173298,1
173299,1
173300,2
173301,2
173302,1
173303,1
173304,1
173305,1
173306,1
173307,2
173308,1
173309,1
173310,2
173311,1
173312,1
173313,1
173314,1
173315,2
173316,2
173317,2
173318,1
173319,1
173320,2
173321,2
173322,1
173323,1
173324,0
173325,2
173326,1
173327,1
173328,2
173329,2
173330,1
173331,1
173332,2
173333,2
173334,2
173335,1
173336,1
173337,2
173338,2
173339,1
173340,1
173341,2
173342,2
173343,2
173344,1
173345,0
173346,0
173347,0
173348,2
173349,2
173350,2
173351,1
173352,1
173353,2
173354,0
173355,0
173356,1
173357,0
173358,2
173359,0
173360,1
173361,2
173362,0
173363,2
173364,1
173365,2
173366,1
173367,2
173368,2
173369,2
173370,2
173371,2
173372,2
173373,1
173374,0
173375,2
173376,1
173377,0
173378,1
173379,1
173380,0
173381,1
173382,2
173383,1
173384,0
173385,0
173386,2
173387,2
173388,0
173389,1
173390,2
173391,2
173392,1
173393,2
173394,2
173395,2
173396,2
173397,1
173398,2
173399,0
173400,2
173401,0
173402,2
173403,1
173404,0
173405,1
173406,1
173407,0
173408,1
173409,2
173410,1
173411,1
173412,2
173413,0
173414,1
173415,2
173416,2
173417,0
173418,2
173419,0
173420,1
173421,2
173422,2
173423,1
173424,1
173425,2
173426,1
173427,0
173428,2
173429,2
173430,1
173431,1
173432,0
173433,1
173434,2
173435,0
173436,1
173437,2
173438,2
173439,1
173440,2
173441,1
173442,1
173443,2
173444,2
173445,1
173446,2
173447,2
173448,0
173449,1
173450,1
173451,1
173452,1
173453,1
173454,2
173455,1
173456,1
173457,0
173458,2
173459,1
173460,2
173461,1
173462,2
173463,1
173464,2
173465,0
173466,1
173467,1
173468,2
173469,2
173470,1
173471,1
173472,2
173473,1
173474,1
173475,1
173476,2
173477,0
173478,0
173479,2
173480,1
173481,2
173482,1
173483,1
173484,1
173485,0
173486,1
173487,2
173488,1
173489,1
173490,1
173491,1
173492,1
173493,2
173494,2
173495,1
173496,2
173497,2
173498,0
173499,0
173500,1
173501,0
173502,2
173503,1
173504,1
173505,1
173506,2
173507,1
173508,2
173509,1
173510,0
173511,0
173512,2
173513,2
173514,2
173515,1
173516,2
173517,2
173518,1
173519,2
173520,2
173521,1
173522,0
173523,2
173524,2
173525,1
173526,2
173527,0
173528,2
173529,2
173530,0
173531,1
173532,1
173533,2
173534,0
173535,1
173536,2
173537,0
173538,1
173539,2
173540,2
173541,0
173542,1
173543,0
173544,2
173545,1
173546,2
173547,2
173548,2
173549,1
173550,1
173551,2
173552,0
173553,1
173554,0
173555,0
173556,1
173557,1
173558,1
173559,2
173560,0
173561,2
173562,0
173563,2
173564,1
173565,0
173566,2
173567,2
173568,2
173569,2
173570,2
173571,2
173572,1
173573,0
173574,1
173575,1
173576,1
173577,1
173578,0
173579,1
173580,0
173581,1
173582,1
173583,2
173584,0
173585,0
173586,2
173587,2
173588,1
173589,2
173590,1
173591,2
173592,2
173593,2
173594,2
173595,0
173596,2
173597,0
173598,2
173599,1
173600,0
173601,1
173602,0
173603,2
173604,2
173605,2
173606,0
173607,2
173608,1
173609,2
173610,2
173611,2
173612,0
173613,0
173614,2
173615,1
173616,1
173617,1
173618,0
173619,1
173620,0
173621,0
173622,2
173623,2
173624,1
173625,0
173626,2
173627,2
173628,1
173629,1
173630,2
173631,2
173632,2
173633,1
173634,0
173635,1
173636,1
173637,1
173638,2
173639,0
173640,2
173641,2
173642,0
173643,0
173644,1
173645,1
173646,0
173647,0
173648,0
173649,2
173650,2
173651,2
173652,1
173653,2
173654,0
173655,1
173656,2
173657,2
173658,2
173659,2
173660,0
173661,1
173662,0
173663,2
173664,1
173665,1
173666,1
173667,0
173668,2
173669,1
173670,1
173671,0
173672,2
173673,1
173674,0
173675,2
173676,2
173677,0
173678,1
173679,2
173680,0
173681,1
173682,0
173683,0
173684,0
173685,1
173686,1
173687,2
173688,2
173689,2
173690,0
173691,2
173692,0
173693,0
173694,2
173695,0
173696,2
173697,1
173698,0
173699,0
173700,0
173701,0
173702,1
173703,0
173704,0
173705,2
173706,2
173707,2
173708,2
173709,2
173710,2
173711,1
173712,0
173713,1
173714,1
173715,1
173716,2
173717,2
173718,2
173719,2
173720,0
173721,2
173722,0
173723,0
173724,2
173725,2
173726,2
173727,0
173728,2
173729,2
173730,1
173731,1
173732,0
173733,1
173734,1
173735,2
173736,2
173737,2
173738,1
173739,1
173740,2
173741,1
173742,0
173743,1
173744,1
173745,1
173746,1
173747,2
173748,0
173749,1
173750,1
173751,0
173752,2
173753,2
173754,0
173755,2
173756,1
173757,1
173758,1
173759,0
173760,1
173761,2
173762,1
173763,2
173764,2
173765,0
173766,0
173767,1
173768,2
173769,1
173770,1
173771,0
173772,2
173773,1
173774,2
173775,2
173776,2
173777,2
173778,2
173779,2
173780,2
173781,0
173782,2
173783,2
173784,1
173785,0
173786,2
173787,1
173788,2
173789,1
173790,1
173791,2
173792,1
173793,1
173794,1
173795,1
173796,1
173797,1
173798,1
173799,2
173800,0
173801,1
173802,2
173803,0
173804,0
173805,1
173806,0
173807,1
173808,2
173809,2
173810,2
173811,2
173812,0
173813,0
173814,2
173815,1
173816,1
173817,0
173818,1
173819,0
173820,1
173821,2
173822,1
173823,1
173824,2
173825,0
173826,2
173827,2
173828,1
173829,0
173830,1
173831,0
173832,2
173833,1
173834,1
173835,2
173836,1
173837,1
173838,2
173839,2
173840,2
173841,2
173842,2
173843,0
173844,1
173845,0
173846,0
173847,0
173848,0
173849,2
173850,0
173851,2
173852,2
173853,2
173854,2
173855,0
173856,1
173857,1
173858,1
173859,1
173860,2
173861,2
173862,2
173863,1
173864,0
173865,2
173866,0
173867,2
173868,1
173869,1
173870,2
173871,1
173872,0
173873,0
173874,1
173875,1
173876,1
173877,1
173878,0
173879,2
173880,1
173881,0
173882,1
173883,1
173884,1
173885,0
173886,2
173887,2
173888,1
173889,1
173890,1
173891,1
173892,2
173893,1
173894,1
173895,0
173896,0
173897,1
173898,1
173899,1
173900,1
173901,1
173902,2
173903,2
173904,1
173905,1
173906,2
173907,2
173908,1
173909,2
173910,2
173911,2
173912,2
173913,0
173914,0
173915,2
173916,2
173917,1
173918,1
173919,2
173920,2
173921,2
173922,2
173923,1
173924,0
173925,2
173926,0
173927,1
173928,2
173929,0
173930,0
173931,0
173932,0
173933,1
173934,1
173935,2
173936,0
173937,1
173938,1
173939,2
173940,1
173941,0
173942,1
173943,2
173944,0
173945,2
173946,1
173947,1
173948,1
173949,0
173950,2
173951,2
173952,2
173953,2
173954,2
173955,2
173956,0
173957,2
173958,0
173959,1
173960,1
173961,1
173962,1
173963,0
173964,1
173965,2
173966,2
173967,1
173968,0
173969,0
173970,2
173971,1
173972,2
173973,2
173974,1
173975,0
173976,1
173977,1
173978,2
173979,2
173980,2
173981,2
173982,2
173983,2
173984,0
173985,1
173986,1
173987,2
173988,0
173989,1
173990,0
173991,2
173992,0
173993,2
173994,2
173995,2
173996,2
173997,1
173998,0
173999,2
174000,0
174001,2
174002,0
174003,0
174004,0
174005,1
174006,1
174007,2
174008,2
174009,1
174010,0
174011,2
174012,1
174013,2
174014,0
174015,0
174016,2
174017,2
174018,0
174019,1
174020,1
174021,0
174022,2
174023,0
174024,0
174025,1
174026,2
174027,2
174028,1
174029,2
174030,1
174031,2
174032,1
174033,1
174034,2
174035,1
174036,0
174037,2
174038,2
174039,2
174040,0
174041,1
174042,1
174043,2
174044,2
174045,2
174046,0
174047,0
174048,2
174049,1
174050,1
174051,2
174052,0
174053,2
174054,2
174055,1
174056,1
174057,1
174058,2
174059,1
174060,2
174061,1
174062,2
174063,2
174064,1
174065,2
174066,1
174067,1
174068,0
174069,1
174070,2
174071,2
174072,2
174073,2
174074,1
174075,0
174076,2
174077,2
174078,0
174079,0
174080,1
174081,2
174082,0
174083,1
174084,1
174085,0
174086,0
174087,2
174088,1
174089,1
174090,2
174091,1
174092,1
174093,1
174094,1
174095,2
174096,2
174097,2
174098,1
174099,1
174100,2
174101,1
174102,1
174103,2
174104,1
174105,2
174106,2
174107,1
174108,0
174109,2
174110,2
174111,2
174112,1
174113,2
174114,0
174115,1
174116,2
174117,1
174118,2
174119,1
174120,0
174121,2
174122,0
174123,2
174124,0
174125,2
174126,1
174127,0
174128,1
174129,1
174130,2
174131,2
174132,2
174133,1
174134,0
174135,1
174136,2
174137,2
174138,1
174139,1
174140,1
174141,1
174142,0
174143,1
174144,1
174145,2
174146,2
174147,2
174148,0
174149,0
174150,2
174151,2
174152,1
174153,2
174154,2
174155,2
174156,1
174157,2
174158,2
174159,2
174160,1
174161,2
174162,0
174163,0
174164,2
174165,2
174166,2
174167,2
174168,1
174169,2
174170,0
174171,1
174172,2
174173,2
174174,2
174175,0
174176,1
174177,2
174178,1
174179,2
174180,2
174181,0
174182,2
174183,1
174184,1
174185,0
174186,2
174187,0
174188,0
174189,0
174190,2
174191,1
174192,0
174193,2
174194,2
174195,2
174196,1
174197,1
174198,2
174199,2
174200,1
174201,0
174202,1
174203,2
174204,1
174205,1
174206,1
174207,1
174208,2
174209,1
174210,0
174211,1
174212,1
174213,2
174214,1
174215,1
174216,2
174217,0
174218,1
174219,0
174220,1
174221,1
174222,1
174223,0
174224,2
174225,2
174226,2
174227,2
174228,1
174229,1
174230,0
174231,2
174232,1
174233,1
174234,0
174235,2
174236,2
174237,1
174238,1
174239,1
174240,0
174241,0
174242,0
174243,1
174244,2
174245,0
174246,1
174247,2
174248,2
174249,2
174250,0
174251,1
174252,0
174253,0
174254,2
174255,2
174256,1
174257,2
174258,2
174259,2
174260,0
174261,1
174262,1
174263,1
174264,1
174265,0
174266,1
174267,2
174268,1
174269,0
174270,0
174271,1
174272,1
174273,2
174274,2
174275,1
174276,2
174277,1
174278,1
174279,1
174280,0
174281,2
174282,2
174283,0
174284,0
174285,2
174286,2
174287,2
174288,1
174289,1
174290,2
174291,1
174292,2
174293,0
174294,0
174295,0
174296,0
174297,0
174298,0
174299,1
174300,2
174301,0
174302,1
174303,1
174304,0
174305,0
174306,2
174307,1
174308,1
174309,2
174310,2
174311,0
174312,0
174313,2
174314,2
174315,2
174316,2
174317,0
174318,2
174319,1
174320,2
174321,1
174322,1
174323,1
174324,2
174325,2
174326,2
174327,0
174328,2
174329,1
174330,0
174331,2
174332,2
174333,2
174334,2
174335,0
174336,2
174337,0
174338,2
174339,1
174340,1
174341,1
174342,1
174343,1
174344,1
174345,2
174346,2
174347,2
174348,1
174349,2
174350,2
174351,2
174352,2
174353,1
174354,1
174355,2
174356,0
174357,1
174358,1
174359,2
174360,2
174361,0
174362,2
174363,2
174364,1
174365,0
174366,0
174367,0
174368,2
174369,0
174370,2
174371,1
174372,0
174373,2
174374,1
174375,2
174376,2
174377,1
174378,1
174379,2
174380,0
174381,0
174382,2
174383,1
174384,1
174385,1
174386,1
174387,1
174388,0
174389,1
174390,2
174391,1
174392,1
174393,1
174394,2
174395,1
174396,0
174397,1
174398,2
174399,1
174400,1
174401,2
174402,0
174403,2
174404,1
174405,0
174406,0
174407,1
174408,2
174409,2
174410,1
174411,2
174412,1
174413,2
174414,2
174415,2
174416,2
174417,2
174418,0
174419,2
174420,2
174421,1
174422,2
174423,1
174424,1
174425,2
174426,0
174427,2
174428,1
174429,1
174430,2
174431,1
174432,1
174433,2
174434,0
174435,2
174436,1
174437,0
174438,1
174439,2
174440,2
174441,0
174442,1
174443,1
174444,1
174445,2
174446,1
174447,0
174448,2
174449,2
174450,2
174451,0
174452,1
174453,2
174454,2
174455,2
174456,2
174457,1
174458,0
174459,0
174460,1
174461,2
174462,1
174463,0
174464,1
174465,1
174466,1
174467,0
174468,1
174469,0
174470,2
174471,2
174472,1
174473,0
174474,2
174475,2
174476,2
174477,1
174478,2
174479,0
174480,0
174481,1
174482,1
174483,2
174484,1
174485,2
174486,2
174487,0
174488,0
174489,0
174490,2
174491,2
174492,2
174493,2
174494,2
174495,1
174496,2
174497,2
174498,2
174499,0
174500,1
174501,1
174502,1
174503,2
174504,0
174505,1
174506,2
174507,1
174508,2
174509,2
174510,0
174511,2
174512,1
174513,1
174514,1
174515,0
174516,1
174517,2
174518,0
174519,2
174520,1
174521,0
174522,1
174523,2
174524,2
174525,2
174526,1
174527,1
174528,1
174529,2
174530,2
174531,2
174532,0
174533,2
174534,2
174535,0
174536,1
174537,2
174538,2
174539,0
174540,2
174541,2
174542,2
174543,1
174544,1
174545,1
174546,2
174547,1
174548,1
174549,1
174550,1
174551,1
174552,0
174553,1
174554,2
174555,1
174556,2
174557,1
174558,2
174559,2
174560,2
174561,1
174562,2
174563,1
174564,2
174565,0
174566,2
174567,2
174568,0
174569,1
174570,2
174571,1
174572,2
174573,2
174574,2
174575,1
174576,1
174577,2
174578,1
174579,2
174580,1
174581,2
174582,0
174583,1
174584,2
174585,2
174586,1
174587,1
174588,0
174589,1
174590,2
174591,2
174592,2
174593,1
174594,2
174595,2
174596,2
174597,2
174598,0
174599,1
174600,0
174601,2
174602,2
174603,2
174604,1
174605,1
174606,2
174607,2
174608,1
174609,2
174610,2
174611,2
174612,2
174613,2
174614,1
174615,1
174616,2
174617,1
174618,1
174619,2
174620,2
174621,1
174622,2
174623,1
174624,1
174625,1
174626,2
174627,1
174628,2
174629,1
174630,1
174631,2
174632,0
174633,0
174634,1
174635,2
174636,2
174637,2
174638,2
174639,2
174640,1
174641,0
174642,2
174643,2
174644,2
174645,0
174646,1
174647,2
174648,2
174649,2
174650,0
174651,1
174652,0
174653,1
174654,0
174655,2
174656,0
174657,0
174658,0
174659,1
174660,1
174661,2
174662,2
174663,0
174664,1
174665,2
174666,1
174667,1
174668,1
174669,1
174670,0
174671,0
174672,2
174673,1
174674,2
174675,1
174676,1
174677,0
174678,2
174679,2
174680,0
174681,2
174682,2
174683,1
174684,1
174685,1
174686,2
174687,0
174688,1
174689,1
174690,2
174691,0
174692,2
174693,2
174694,2
174695,1
174696,2
174697,1
174698,0
174699,2
174700,2
174701,2
174702,2
174703,2
174704,1
174705,0
174706,2
174707,1
174708,2
174709,0
174710,2
174711,2
174712,2
174713,1
174714,1
174715,1
174716,2
174717,1
174718,2
174719,2
174720,1
174721,1
174722,1
174723,0
174724,2
174725,0
174726,2
174727,2
174728,2
174729,1
174730,1
174731,2
174732,2
174733,1
174734,0
174735,0
174736,0
174737,2
174738,0
174739,0
174740,1
174741,2
174742,1
174743,1
174744,1
174745,1
174746,2
174747,0
174748,2
174749,1
174750,0
174751,0
174752,1
174753,1
174754,2
174755,2
174756,1
174757,1
174758,0
174759,1
174760,1
174761,1
174762,1
174763,1
174764,1
174765,1
174766,2
174767,2
174768,2
174769,1
174770,0
174771,0
174772,2
174773,2
174774,0
174775,1
174776,0
174777,0
174778,1
174779,1
174780,2
174781,0
174782,0
174783,2
174784,1
174785,2
174786,2
174787,1
174788,1
174789,2
174790,1
174791,0
174792,1
174793,0
174794,2
174795,1
174796,1
174797,1
174798,0
174799,2
174800,2
174801,2
174802,1
174803,0
174804,0
174805,0
174806,0
174807,1
174808,1
174809,2
174810,1
174811,1
174812,1
174813,2
174814,0
174815,2
174816,2
174817,2
174818,1
174819,1
174820,1
174821,1
174822,2
174823,2
174824,2
174825,1
174826,0
174827,0
174828,1
174829,2
174830,2
174831,1
174832,2
174833,0
174834,1
174835,0
174836,0
174837,1
174838,1
174839,2
174840,0
174841,0
174842,2
174843,0
174844,2
174845,0
174846,1
174847,2
174848,1
174849,1
174850,0
174851,1
174852,2
174853,1
174854,0
174855,2
174856,0
174857,2
174858,2
174859,1
174860,1
174861,0
174862,2
174863,1
174864,2
174865,2
174866,1
174867,2
174868,2
174869,2
174870,1
174871,0
174872,2
174873,0
174874,2
174875,1
174876,2
174877,0
174878,1
174879,1
174880,0
174881,2
174882,2
174883,2
174884,0
174885,1
174886,2
174887,2
174888,2
174889,1
174890,1
174891,2
174892,1
174893,0
174894,0
174895,0
174896,2
174897,2
174898,0
174899,0
174900,2
174901,1
174902,1
174903,2
174904,2
174905,1
174906,0
174907,1
174908,1
174909,0
174910,1
174911,2
174912,2
174913,2
174914,1
174915,0
174916,0
174917,0
174918,1
174919,2
174920,1
174921,1
174922,0
174923,2
174924,1
174925,0
174926,0
174927,1
174928,2
174929,2
174930,2
174931,1
174932,1
174933,1
174934,2
174935,2
174936,2
174937,1
174938,2
174939,2
174940,2
174941,2
174942,0
174943,1
174944,2
174945,1
174946,1
174947,2
174948,0
174949,0
174950,0
174951,1
174952,0
174953,2
174954,2
174955,1
174956,1
174957,1
174958,2
174959,2
174960,0
174961,0
174962,2
174963,2
174964,1
174965,1
174966,1
174967,1
174968,1
174969,1
174970,1
174971,2
174972,1
174973,2
174974,2
174975,1
174976,2
174977,2
174978,1
174979,2
174980,0
174981,2
174982,2
174983,1
174984,0
174985,2
174986,2
174987,0
174988,2
174989,2
174990,0
174991,2
174992,2
174993,1
174994,1
174995,1
174996,0
174997,1
174998,1
174999,1
175000,1
175001,0
175002,2
175003,2
175004,2
175005,1
175006,2
175007,1
175008,0
175009,2
175010,1
175011,1
175012,2
175013,1
175014,1
175015,2
175016,0
175017,2
175018,2
175019,2
175020,2
175021,2
175022,2
175023,0
175024,1
175025,2
175026,0
175027,2
175028,1
175029,1
175030,1
175031,1
175032,2
175033,1
175034,1
175035,0
175036,1
175037,1
175038,1
175039,1
175040,1
175041,1
175042,2
175043,1
175044,1
175045,0
175046,2
175047,2
175048,2
175049,2
175050,2
175051,0
175052,0
175053,0
175054,2
175055,1
175056,0
175057,1
175058,2
175059,2
175060,1
175061,1
175062,2
175063,2
175064,1
175065,2
175066,2
175067,2
175068,0
175069,1
175070,1
175071,1
175072,1
175073,1
175074,2
175075,0
175076,0
175077,1
175078,2
175079,2
175080,1
175081,0
175082,0
175083,1
175084,2
175085,0
175086,1
175087,1
175088,0
175089,1
175090,0
175091,2
175092,2
175093,1
175094,0
175095,0
175096,2
175097,1
175098,2
175099,1
175100,1
175101,0
175102,1
175103,1
175104,1
175105,2
175106,2
175107,2
175108,1
175109,0
175110,1
175111,0
175112,1
175113,2
175114,1
175115,2
175116,1
175117,2
175118,2
175119,1
175120,1
175121,2
175122,0
175123,2
175124,0
175125,2
175126,1
175127,2
175128,1
175129,1
175130,1
175131,0
175132,1
175133,0
175134,1
175135,2
175136,2
175137,0
175138,1
175139,0
175140,1
175141,0
175142,2
175143,2
175144,2
175145,2
175146,2
175147,2
175148,2
175149,2
175150,0
175151,1
175152,2
175153,2
175154,0
175155,0
175156,1
175157,1
175158,2
175159,1
175160,2
175161,1
175162,1
175163,0
175164,1
175165,1
175166,1
175167,1
175168,1
175169,1
175170,1
175171,0
175172,2
175173,2
175174,2
175175,1
175176,2
175177,2
175178,2
175179,0
175180,2
175181,2
175182,2
175183,1
175184,2
175185,2
175186,0
175187,0
175188,2
175189,0
175190,2
175191,1
175192,2
175193,1
175194,2
175195,1
175196,1
175197,0
175198,2
175199,1
175200,1
175201,1
175202,2
175203,2
175204,1
175205,1
175206,2
175207,1
175208,2
175209,1
175210,1
175211,0
175212,1
175213,2
175214,1
175215,2
175216,2
175217,1
175218,0
175219,2
175220,2
175221,0
175222,1
175223,2
175224,1
175225,0
175226,2
175227,2
175228,2
175229,1
175230,0
175231,0
175232,1
175233,0
175234,2
175235,2
175236,1
175237,0
175238,0
175239,1
175240,2
175241,1
175242,1
175243,0
175244,1
175245,2
175246,2
175247,2
175248,0
175249,2
175250,2
175251,2
175252,0
175253,1
175254,2
175255,0
175256,1
175257,1
175258,2
175259,1
175260,0
175261,1
175262,2
175263,2
175264,1
175265,1
175266,0
175267,2
175268,1
175269,1
175270,0
175271,1
175272,2
175273,1
175274,1
175275,1
175276,1
175277,1
175278,2
175279,1
175280,2
175281,1
175282,1
175283,2
175284,1
175285,2
175286,0
175287,0
175288,2
175289,1
175290,2
175291,1
175292,0
175293,1
175294,2
175295,1
175296,2
175297,2
175298,2
175299,2
175300,2
175301,0
175302,2
175303,0
175304,2
175305,0
175306,1
175307,1
175308,1
175309,0
175310,2
175311,2
175312,1
175313,0
175314,1
175315,2
175316,2
175317,0
175318,2
175319,2
175320,2
175321,2
175322,1
175323,1
175324,0
175325,2
175326,1
175327,1
175328,1
175329,1
175330,1
175331,2
175332,2
175333,0
175334,2
175335,1
175336,0
175337,2
175338,2
175339,0
175340,1
175341,1
175342,1
175343,2
175344,1
175345,2
175346,2
175347,2
175348,2
175349,2
175350,1
175351,2
175352,1
175353,2
175354,2
175355,0
175356,2
175357,2
175358,0
175359,0
175360,2
175361,1
175362,1
175363,1
175364,2
175365,2
175366,1
175367,1
175368,1
175369,1
175370,1
175371,1
175372,0
175373,1
175374,1
175375,0
175376,1
175377,2
175378,1
175379,2
175380,0
175381,2
175382,1
175383,1
175384,2
175385,2
175386,1
175387,2
175388,2
175389,1
175390,1
175391,2
175392,2
175393,1
175394,0
175395,2
175396,2
175397,2
175398,0
175399,0
175400,0
175401,2
175402,1
175403,1
175404,2
175405,0
175406,0
175407,1
175408,1
175409,1
175410,0
175411,2
175412,2
175413,2
175414,2
175415,1
175416,2
175417,2
175418,0
175419,1
175420,1
175421,2
175422,2
175423,2
175424,2
175425,0
175426,1
175427,0
175428,1
175429,2
175430,2
175431,2
175432,1
175433,2
175434,2
175435,2
175436,2
175437,0
175438,2
175439,2
175440,1
175441,2
175442,1
175443,2
175444,2
175445,1
175446,1
175447,0
175448,0
175449,1
175450,0
175451,2
175452,1
175453,2
175454,0
175455,1
175456,0
175457,0
175458,2
175459,2
175460,1
175461,1
175462,0
175463,1
175464,2
175465,1
175466,1
175467,1
175468,0
175469,2
175470,1
175471,2
175472,2
175473,0
175474,2
175475,1
175476,2
175477,1
175478,0
175479,0
175480,2
175481,2
175482,0
175483,0
175484,2
175485,0
175486,2
175487,0
175488,1
175489,1
175490,0
175491,2
175492,0
175493,2
175494,1
175495,2
175496,1
175497,1
175498,1
175499,2
175500,1
175501,2
175502,0
175503,0
175504,2
175505,0
175506,0
175507,1
175508,1
175509,1
175510,2
175511,1
175512,1
175513,0
175514,0
175515,2
175516,1
175517,2
175518,1
175519,0
175520,1
175521,2
175522,2
175523,1
175524,0
175525,2
175526,2
175527,1
175528,1
175529,2
175530,2
175531,2
175532,2
175533,1
175534,1
175535,2
175536,0
175537,1
175538,0
175539,2
175540,0
175541,2
175542,2
175543,2
175544,2
175545,2
175546,1
175547,1
175548,1
175549,0
175550,2
175551,0
175552,1
175553,1
175554,1
175555,1
175556,2
175557,2
175558,2
175559,0
175560,2
175561,1
175562,2
175563,2
175564,0
175565,2
175566,2
175567,2
175568,1
175569,1
175570,2
175571,1
175572,2
175573,2
175574,1
175575,1
175576,1
175577,1
175578,2
175579,1
175580,2
175581,0
175582,2
175583,0
175584,2
175585,1
175586,1
175587,2
175588,0
175589,2
175590,1
175591,0
175592,2
175593,2
175594,0
175595,1
175596,0
175597,2
175598,1
175599,0
175600,2
175601,2
175602,1
175603,1
175604,1
175605,0
175606,1
175607,2
175608,1
175609,2
175610,2
175611,1
175612,2
175613,1
175614,0
175615,1
175616,2
175617,1
175618,2
175619,2
175620,0
175621,1
175622,1
175623,2
175624,0
175625,1
175626,0
175627,2
175628,1
175629,1
175630,1
175631,2
175632,0
175633,2
175634,1
175635,2
175636,2
175637,2
175638,1
175639,1
175640,1
175641,2
175642,1
175643,0
175644,1
175645,1
175646,2
175647,0
175648,2
175649,2
175650,0
175651,2
175652,0
175653,0
175654,0
175655,2
175656,2
175657,0
175658,0
175659,2
175660,2
175661,1
175662,2
175663,1
175664,1
175665,0
175666,2
175667,1
175668,2
175669,1
175670,1
175671,1
175672,1
175673,1
175674,1
175675,0
175676,1
175677,2
175678,0
175679,1
175680,0
175681,0
175682,1
175683,0
175684,2
175685,2
175686,2
175687,2
175688,0
175689,0
175690,0
175691,2
175692,0
175693,2
175694,1
175695,0
175696,0
175697,0
175698,1
175699,1
175700,0
175701,1
175702,2
175703,1
175704,1
175705,1
175706,2
175707,2
175708,2
175709,1
175710,0
175711,2
175712,0
175713,1
175714,2
175715,1
175716,2
175717,1
175718,0
175719,2
175720,0
175721,2
175722,2
175723,2
175724,1
175725,2
175726,1
175727,1
175728,1
175729,1
175730,1
175731,2
175732,2
175733,2
175734,1
175735,2
175736,1
175737,0
175738,0
175739,1
175740,2
175741,1
175742,2
175743,2
175744,1
175745,2
175746,0
175747,0
175748,1
175749,1
175750,2
175751,2
175752,2
175753,2
175754,1
175755,1
175756,1
175757,1
175758,0
175759,1
175760,1
175761,0
175762,2
175763,2
175764,1
175765,2
175766,0
175767,2
175768,1
175769,1
175770,1
175771,2
175772,0
175773,0
175774,2
175775,1
175776,1
175777,1
175778,0
175779,2
175780,0
175781,0
175782,2
175783,2
175784,1
175785,0
175786,2
175787,2
175788,1
175789,0
175790,1
175791,1
175792,0
175793,1
175794,1
175795,1
175796,2
175797,1
175798,0
175799,2
175800,2
175801,1
175802,1
175803,1
175804,2
175805,2
175806,2
175807,0
175808,1
175809,0
175810,2
175811,1
175812,1
175813,1
175814,1
175815,1
175816,0
175817,2
175818,0
175819,2
175820,0
175821,2
175822,0
175823,1
175824,1
175825,0
175826,2
175827,1
175828,0
175829,1
175830,0
175831,1
175832,1
175833,2
175834,2
175835,0
175836,1
175837,2
175838,2
175839,2
175840,2
175841,2
175842,2
175843,2
175844,2
175845,1
175846,1
175847,1
175848,2
175849,1
175850,2
175851,2
175852,0
175853,0
175854,1
175855,2
175856,0
175857,2
175858,1
175859,2
175860,2
175861,1
175862,0
175863,1
175864,2
175865,2
175866,1
175867,0
175868,0
175869,2
175870,2
175871,2
175872,0
175873,1
175874,2
175875,1
175876,0
175877,0
175878,1
175879,1
175880,1
175881,2
175882,1
175883,2
175884,1
175885,1
175886,1
175887,1
175888,1
175889,2
175890,2
175891,0
175892,1
175893,1
175894,2
175895,2
175896,1
175897,1
175898,1
175899,1
175900,2
175901,0
175902,2
175903,2
175904,1
175905,1
175906,0
175907,2
175908,1
175909,1
175910,0
175911,2
175912,0
175913,0
175914,1
175915,2
175916,2
175917,2
175918,2
175919,1
175920,0
175921,2
175922,0
175923,2
175924,2
175925,2
175926,1
175927,1
175928,1
175929,2
175930,2
175931,1
175932,2
175933,0
175934,2
175935,2
175936,0
175937,1
175938,1
175939,1
175940,2
175941,0
175942,1
175943,0
175944,2
175945,1
175946,1
175947,1
175948,2
175949,1
175950,0
175951,2
175952,0
175953,1
175954,2
175955,2
175956,2
175957,1
175958,0
175959,2
175960,0
175961,0
175962,2
175963,2
175964,2
175965,2
175966,2
175967,0
175968,1
175969,0
175970,2
175971,1
175972,0
175973,1
175974,2
175975,2
175976,2
175977,1
175978,2
175979,2
175980,0
175981,0
175982,0
175983,1
175984,0
175985,1
175986,2
175987,1
175988,2
175989,2
175990,1
175991,1
175992,0
175993,0
175994,2
175995,1
175996,1
175997,2
175998,1
175999,2
176000,1
176001,2
176002,2
176003,2
176004,0
176005,2
176006,1
176007,2
176008,2
176009,2
176010,2
176011,1
176012,0
176013,1
176014,1
176015,2
176016,2
176017,2
176018,2
176019,1
176020,1
176021,1
176022,2
176023,0
176024,1
176025,2
176026,2
176027,1
176028,0
176029,2
176030,0
176031,2
176032,1
176033,2
176034,1
176035,2
176036,0
176037,2
176038,2
176039,0
176040,0
176041,2
176042,1
176043,2
176044,0
176045,0
176046,2
176047,0
176048,0
176049,0
176050,1
176051,2
176052,2
176053,0
176054,2
176055,1
176056,1
176057,1
176058,2
176059,1
176060,0
176061,2
176062,0
176063,1
176064,0
176065,2
176066,2
176067,2
176068,0
176069,1
176070,0
176071,0
176072,2
176073,2
176074,2
176075,2
176076,2
176077,1
176078,1
176079,0
176080,2
176081,1
176082,1
176083,2
176084,2
176085,1
176086,0
176087,1
176088,0
176089,0
176090,1
176091,2
176092,2
176093,1
176094,1
176095,2
176096,0
176097,1
176098,0
176099,2
176100,2
176101,1
176102,1
176103,2
176104,1
176105,0
176106,2
176107,2
176108,1
176109,0
176110,1
176111,1
176112,2
176113,0
176114,0
176115,2
176116,2
176117,2
176118,2
176119,2
176120,2
176121,1
176122,2
176123,0
176124,2
176125,2
176126,2
176127,2
176128,2
176129,2
176130,1
176131,1
176132,0
176133,0
176134,2
176135,2
176136,1
176137,2
176138,0
176139,0
176140,1
176141,2
176142,2
176143,1
176144,0
176145,2
176146,2
176147,2
176148,2
176149,1
176150,0
176151,0
176152,1
176153,1
176154,1
176155,2
176156,2
176157,2
176158,1
176159,1
176160,2
176161,2
176162,1
176163,0
176164,0
176165,1
176166,2
176167,2
176168,1
176169,1
176170,0
176171,0
176172,0
176173,2
176174,0
176175,2
176176,2
176177,0
176178,1
176179,0
176180,0
176181,0
176182,0
176183,1
176184,2
176185,1
176186,1
176187,2
176188,2
176189,2
176190,2
176191,2
176192,2
176193,1
176194,0
176195,0
176196,2
176197,2
176198,2
176199,0
176200,0
176201,1
176202,1
176203,0
176204,2
176205,1
176206,1
176207,0
176208,1
176209,0
176210,2
176211,1
176212,2
176213,2
176214,1
176215,1
176216,1
176217,0
176218,0
176219,2
176220,1
176221,0
176222,2
176223,0
176224,1
176225,1
176226,0
176227,2
176228,2
176229,0
176230,0
176231,2
176232,2
176233,1
176234,1
176235,2
176236,1
176237,0
176238,0
176239,0
176240,2
176241,1
176242,0
176243,1
176244,0
176245,2
176246,1
176247,0
176248,0
176249,1
176250,2
176251,0
176252,2
176253,1
176254,2
176255,1
176256,2
176257,2
176258,2
176259,1
176260,2
176261,2
176262,1
176263,0
176264,2
176265,1
176266,2
176267,1
176268,2
176269,1
176270,2
176271,1
176272,2
176273,1
176274,1
176275,2
176276,0
176277,2
176278,1
176279,2
176280,1
176281,1
176282,1
176283,0
176284,0
176285,1
176286,0
176287,1
176288,2
176289,2
176290,2
176291,0
176292,2
176293,1
176294,2
176295,1
176296,2
176297,1
176298,2
176299,0
176300,2
176301,1
176302,0
176303,2
176304,2
176305,2
176306,1
176307,2
176308,0
176309,2
176310,0
176311,2
176312,1
176313,0
176314,1
176315,1
176316,1
176317,2
176318,0
176319,0
176320,2
176321,1
176322,2
176323,1
176324,2
176325,2
176326,2
176327,1
176328,2
176329,2
176330,1
176331,1
176332,1
176333,0
176334,1
176335,0
176336,2
176337,0
176338,1
176339,1
176340,0
176341,0
176342,2
176343,0
176344,0
176345,2
176346,0
176347,2
176348,2
176349,2
176350,1
176351,1
176352,1
176353,1
176354,2
176355,2
176356,0
176357,1
176358,1
176359,1
176360,1
176361,0
176362,1
176363,2
176364,1
176365,1
176366,0
176367,2
176368,2
176369,1
176370,2
176371,1
176372,2
176373,1
176374,2
176375,1
176376,1
176377,1
176378,2
176379,2
176380,0
176381,0
176382,2
176383,2
176384,2
176385,2
176386,2
176387,2
176388,0
176389,1
176390,2
176391,1
176392,0
176393,1
176394,2
176395,0
176396,2
176397,0
176398,2
176399,1
176400,1
176401,1
176402,2
176403,1
176404,2
176405,2
176406,1
176407,0
176408,2
176409,1
176410,0
176411,1
176412,2
176413,2
176414,2
176415,0
176416,0
176417,0
176418,0
176419,0
176420,1
176421,2
176422,1
176423,0
176424,1
176425,0
176426,2
176427,0
176428,2
176429,2
176430,1
176431,2
176432,2
176433,1
176434,1
176435,2
176436,0
176437,2
176438,2
176439,0
176440,1
176441,1
176442,2
176443,2
176444,0
176445,0
176446,0
176447,1
176448,2
176449,2
176450,2
176451,2
176452,2
176453,2
176454,1
176455,1
176456,2
176457,0
176458,2
176459,0
176460,1
176461,2
176462,1
176463,2
176464,1
176465,2
176466,1
176467,2
176468,2
176469,0
176470,2
176471,1
176472,1
176473,2
176474,1
176475,1
176476,1
176477,2
176478,0
176479,1
176480,2
176481,1
176482,2
176483,2
176484,2
176485,2
176486,1
176487,0
176488,2
176489,1
176490,2
176491,2
176492,1
176493,1
176494,1
176495,0
176496,2
176497,2
176498,2
176499,2
176500,1
176501,1
176502,1
176503,2
176504,0
176505,0
176506,0
176507,1
176508,2
176509,2
176510,0
176511,2
176512,2
176513,2
176514,0
176515,2
176516,1
176517,1
176518,2
176519,1
176520,2
176521,0
176522,1
176523,1
176524,1
176525,2
176526,2
176527,2
176528,0
176529,1
176530,2
176531,1
176532,1
176533,1
176534,2
176535,1
176536,2
176537,0
176538,1
176539,1
176540,1
176541,2
176542,2
176543,1
176544,2
176545,2
176546,1
176547,2
176548,2
176549,2
176550,2
176551,1
176552,1
176553,1
176554,1
176555,2
176556,2
176557,0
176558,2
176559,1
176560,1
176561,2
176562,2
176563,2
176564,1
176565,2
176566,1
176567,1
176568,2
176569,1
176570,0
176571,1
176572,2
176573,1
176574,1
176575,2
176576,2
176577,1
176578,1
176579,1
176580,0
176581,2
176582,2
176583,1
176584,2
176585,1
176586,1
176587,0
176588,2
176589,1
176590,1
176591,1
176592,1
176593,1
176594,0
176595,1
176596,2
176597,0
176598,2
176599,2
176600,1
176601,0
176602,2
176603,1
176604,2
176605,2
176606,1
176607,1
176608,1
176609,1
176610,0
176611,2
176612,1
176613,2
176614,2
176615,2
176616,1
176617,1
176618,1
176619,2
176620,0
176621,0
176622,2
176623,0
176624,0
176625,0
176626,2
176627,2
176628,2
176629,1
176630,1
176631,0
176632,1
176633,1
176634,1
176635,0
176636,0
176637,0
176638,2
176639,1
176640,1
176641,2
176642,0
176643,1
176644,2
176645,1
176646,0
176647,1
176648,1
176649,1
176650,2
176651,2
176652,1
176653,0
176654,2
176655,2
176656,2
176657,1
176658,0
176659,2
176660,2
176661,1
176662,1
176663,2
176664,0
176665,2
176666,2
176667,2
176668,1
176669,1
176670,0
176671,1
176672,2
176673,1
176674,2
176675,1
176676,2
176677,2
176678,2
176679,1
176680,2
176681,1
176682,1
176683,2
176684,2
176685,1
176686,1
176687,2
176688,2
176689,1
176690,0
176691,2
176692,1
176693,2
176694,2
176695,2
176696,2
176697,0
176698,2
176699,0
176700,2
176701,1
176702,2
176703,2
176704,2
176705,2
176706,2
176707,1
176708,1
176709,2
176710,1
176711,2
176712,2
176713,1
176714,0
176715,1
176716,2
176717,0
176718,2
176719,0
176720,2
176721,1
176722,0
176723,1
176724,0
176725,2
176726,2
176727,2
176728,1
176729,2
176730,2
176731,2
176732,2
176733,2
176734,0
176735,0
176736,2
176737,2
176738,2
176739,0
176740,1
176741,2
176742,1
176743,1
176744,2
176745,2
176746,0
176747,1
176748,0
176749,0
176750,2
176751,1
176752,2
176753,1
176754,1
176755,2
176756,2
176757,2
176758,1
176759,0
176760,1
176761,1
176762,2
176763,1
176764,0
176765,0
176766,2
176767,0
176768,2
176769,1
176770,2
176771,2
176772,1
176773,0
176774,0
176775,0
176776,0
176777,2
176778,1
176779,2
176780,0
176781,1
176782,0
176783,2
176784,2
176785,2
176786,1
176787,1
176788,1
176789,0
176790,2
176791,1
176792,0
176793,2
176794,2
176795,1
176796,0
176797,1
176798,0
176799,2
176800,0
176801,2
176802,1
176803,1
176804,2
176805,2
176806,0
176807,1
176808,2
176809,0
176810,2
176811,1
176812,2
176813,0
176814,1
176815,2
176816,0
176817,0
176818,0
176819,0
176820,0
176821,1
176822,0
176823,2
176824,2
176825,2
176826,2
176827,1
176828,1
176829,1
176830,2
176831,1
176832,2
176833,1
176834,1
176835,1
176836,2
176837,2
176838,2
176839,2
176840,2
176841,0
176842,2
176843,0
176844,2
176845,2
176846,2
176847,2
176848,0
176849,1
176850,2
176851,2
176852,2
176853,1
176854,2
176855,2
176856,2
176857,2
176858,2
176859,2
176860,1
176861,0
176862,0
176863,1
176864,2
176865,0
176866,1
176867,1
176868,1
176869,0
176870,2
176871,2
176872,1
176873,2
176874,2
176875,1
176876,2
176877,1
176878,0
176879,1
176880,1
176881,2
176882,0
176883,1
176884,1
176885,1
176886,1
176887,2
176888,2
176889,2
176890,0
176891,2
176892,0
176893,1
176894,2
176895,2
176896,2
176897,2
176898,0
176899,1
176900,2
176901,1
176902,2
176903,1
176904,2
176905,2
176906,0
176907,1
176908,1
176909,2
176910,1
176911,0
176912,2
176913,2
176914,0
176915,1
176916,1
176917,1
176918,0
176919,2
176920,2
176921,2
176922,2
176923,2
176924,2
176925,2
176926,1
176927,1
176928,2
176929,0
176930,1
176931,1
176932,2
176933,1
176934,1
176935,0
176936,2
176937,0
176938,1
176939,2
176940,2
176941,1
176942,1
176943,1
176944,1
176945,2
176946,1
176947,0
176948,2
176949,1
176950,1
176951,1
176952,0
176953,1
176954,2
176955,1
176956,1
176957,1
176958,1
176959,0
176960,1
176961,2
176962,0
176963,1
176964,2
176965,1
176966,2
176967,0
176968,2
176969,1
176970,1
176971,1
176972,1
176973,2
176974,0
176975,1
176976,1
176977,1
176978,2
176979,2
176980,0
176981,2
176982,2
176983,2
176984,2
176985,1
176986,0
176987,1
176988,0
176989,1
176990,1
176991,0
176992,2
176993,1
176994,1
176995,2
176996,1
176997,0
176998,1
176999,2
177000,2
177001,2
177002,2
177003,1
177004,1
177005,1
177006,1
177007,1
177008,0
177009,2
177010,0
177011,2
177012,1
177013,2
177014,1
177015,2
177016,1
177017,0
177018,2
177019,1
177020,0
177021,2
177022,2
177023,1
177024,0
177025,1
177026,2
177027,1
177028,2
177029,1
177030,2
177031,0
177032,0
177033,1
177034,1
177035,1
177036,2
177037,1
177038,2
177039,1
177040,2
177041,0
177042,2
177043,1
177044,2
177045,1
177046,1
177047,1
177048,1
177049,2
177050,2
177051,1
177052,2
177053,1
177054,2
177055,0
177056,2
177057,1
177058,1
177059,0
177060,2
177061,0
177062,2
177063,2
177064,2
177065,2
177066,0
177067,2
177068,1
177069,2
177070,2
177071,1
177072,0
177073,1
177074,0
177075,0
177076,0
177077,1
177078,1
177079,1
177080,2
177081,2
177082,2
177083,1
177084,0
177085,0
177086,2
177087,1
177088,1
177089,2
177090,2
177091,2
177092,2
177093,2
177094,1
177095,1
177096,1
177097,0
177098,1
177099,1
177100,1
177101,2
177102,0
177103,2
177104,2
177105,2
177106,2
177107,1
177108,2
177109,0
177110,0
177111,2
177112,1
177113,2
177114,2
177115,0
177116,1
177117,1
177118,2
177119,2
177120,0
177121,1
177122,2
177123,2
177124,1
177125,2
177126,1
177127,1
177128,2
177129,0
177130,1
177131,1
177132,1
177133,2
177134,2
177135,0
177136,2
177137,2
177138,1
177139,0
177140,1
177141,1
177142,2
177143,1
177144,2
177145,1
177146,2
177147,0
177148,2
177149,0
177150,1
177151,2
177152,0
177153,0
177154,1
177155,1
177156,1
177157,0
177158,2
177159,2
177160,1
177161,0
177162,1
177163,2
177164,2
177165,2
177166,2
177167,1
177168,1
177169,2
177170,1
177171,0
177172,0
177173,0
177174,1
177175,1
177176,0
177177,2
177178,0
177179,2
177180,2
177181,2
177182,2
177183,2
177184,0
177185,2
177186,0
177187,2
177188,0
177189,2
177190,1
177191,1
177192,1
177193,1
177194,0
177195,2
177196,0
177197,0
177198,1
177199,2
177200,2
177201,1
177202,2
177203,1
177204,2
177205,0
177206,2
177207,1
177208,1
177209,0
177210,2
177211,2
177212,0
177213,0
177214,1
177215,0
177216,2
177217,1
177218,2
177219,2
177220,1
177221,2
177222,2
177223,1
177224,0
177225,0
177226,0
177227,0
177228,2
177229,1
177230,0
177231,2
177232,1
177233,0
177234,1
177235,2
177236,2
177237,1
177238,1
177239,0
177240,0
177241,1
177242,1
177243,1
177244,0
177245,2
177246,0
177247,2
177248,2
177249,2
177250,0
177251,1
177252,0
177253,0
177254,1
177255,2
177256,0
177257,2
177258,2
177259,0
177260,1
177261,1
177262,0
177263,0
177264,1
177265,2
177266,2
177267,0
177268,2
177269,2
177270,0
177271,2
177272,1
177273,0
177274,2
177275,2
177276,2
177277,2
177278,1
177279,0
177280,0
177281,1
177282,1
177283,1
177284,1
177285,2
177286,0
177287,1
177288,1
177289,1
177290,0
177291,1
177292,1
177293,2
177294,1
177295,0
177296,1
177297,2
177298,2
177299,1
177300,1
177301,2
177302,0
177303,2
177304,1
177305,2
177306,0
177307,1
177308,1
177309,2
177310,2
177311,2
177312,2
177313,2
177314,1
177315,2
177316,0
177317,2
177318,2
177319,1
177320,2
177321,0
177322,2
177323,2
177324,0
177325,2
177326,1
177327,1
177328,1
177329,0
177330,2
177331,1
177332,2
177333,2
177334,1
177335,0
177336,1
177337,0
177338,0
177339,2
177340,2
177341,0
177342,2
177343,1
177344,2
177345,1
177346,0
177347,2
177348,2
177349,2
177350,1
177351,0
177352,0
177353,2
177354,2
177355,2
177356,2
177357,1
177358,2
177359,2
177360,1
177361,1
177362,1
177363,2
177364,1
177365,2
177366,1
177367,1
177368,1
177369,2
177370,0
177371,0
177372,0
177373,2
177374,1
177375,2
177376,2
177377,2
177378,0
177379,2
177380,1
177381,0
177382,2
177383,1
177384,1
177385,2
177386,2
177387,0
177388,2
177389,2
177390,2
177391,2
177392,2
177393,0
177394,1
177395,1
177396,1
177397,0
177398,1
177399,2
177400,0
177401,0
177402,2
177403,2
177404,2
177405,1
177406,1
177407,2
177408,2
177409,0
177410,2
177411,1
177412,1
177413,2
177414,2
177415,1
177416,2
177417,2
177418,0
177419,0
177420,2
177421,2
177422,0
177423,0
177424,2
177425,1
177426,1
177427,1
177428,0
177429,0
177430,1
177431,1
177432,0
177433,1
177434,2
177435,1
177436,1
177437,0
177438,1
177439,2
177440,1
177441,1
177442,1
177443,2
177444,2
177445,1
177446,2
177447,0
177448,1
177449,2
177450,2
177451,1
177452,1
177453,0
177454,0
177455,2
177456,2
177457,2
177458,2
177459,2
177460,2
177461,0
177462,2
177463,2
177464,2
177465,2
177466,2
177467,2
177468,2
177469,0
177470,2
177471,1
177472,2
177473,0
177474,0
177475,0
177476,2
177477,1
177478,2
177479,0
177480,0
177481,0
177482,1
177483,2
177484,2
177485,2
177486,0
177487,2
177488,2
177489,1
177490,0
177491,2
177492,1
177493,1
177494,1
177495,2
177496,2
177497,1
177498,1
177499,0
177500,1
177501,1
177502,2
177503,2
177504,1
177505,1
177506,1
177507,2
177508,2
177509,2
177510,1
177511,1
177512,1
177513,0
177514,2
177515,1
177516,0
177517,1
177518,0
177519,1
177520,0
177521,1
177522,2
177523,1
177524,0
177525,2
177526,0
177527,1
177528,1
177529,2
177530,2
177531,2
177532,1
177533,2
177534,1
177535,2
177536,1
177537,2
177538,2
177539,2
177540,1
177541,0
177542,2
177543,2
177544,2
177545,2
177546,0
177547,2
177548,0
177549,1
177550,2
177551,2
177552,1
177553,1
177554,1
177555,1
177556,0
177557,2
177558,1
177559,2
177560,1
177561,0
177562,0
177563,1
177564,2
177565,2
177566,2
177567,1
177568,1
177569,2
177570,0
177571,2
177572,1
177573,2
177574,0
177575,2
177576,1
177577,2
177578,1
177579,1
177580,1
177581,2
177582,2
177583,0
177584,2
177585,2
177586,0
177587,1
177588,2
177589,2
177590,2
177591,0
177592,1
177593,1
177594,2
177595,1
177596,1
177597,0
177598,1
177599,1
177600,2
177601,2
177602,2
177603,1
177604,1
177605,2
177606,0
177607,1
177608,2
177609,1
177610,2
177611,1
177612,2
177613,2
177614,2
177615,2
177616,1
177617,1
177618,2
177619,2
177620,2
177621,2
177622,1
177623,0
177624,2
177625,2
177626,1
177627,1
177628,2
177629,2
177630,2
177631,2
177632,0
177633,2
177634,1
177635,0
177636,2
177637,1
177638,1
177639,1
177640,0
177641,1
177642,0
177643,1
177644,2
177645,0
177646,2
177647,1
177648,1
177649,2
177650,0
177651,2
177652,0
177653,2
177654,0
177655,0
177656,0
177657,2
177658,2
177659,2
177660,2
177661,1
177662,2
177663,1
177664,2
177665,2
177666,2
177667,1
177668,1
177669,2
177670,0
177671,1
177672,2
177673,1
177674,1
177675,0
177676,2
177677,2
177678,2
177679,1
177680,2
177681,2
177682,2
177683,0
177684,2
177685,1
177686,2
177687,1
177688,2
177689,2
177690,1
177691,1
177692,2
177693,1
177694,1
177695,0
177696,2
177697,2
177698,2
177699,0
177700,0
177701,1
177702,1
177703,0
177704,0
177705,2
177706,1
177707,2
177708,1
177709,0
177710,1
177711,0
177712,1
177713,1
177714,2
177715,1
177716,1
177717,1
177718,2
177719,0
177720,0
177721,0
177722,0
177723,2
177724,2
177725,1
177726,2
177727,2
177728,1
177729,1
177730,1
177731,1
177732,0
177733,1
177734,1
177735,2
177736,0
177737,0
177738,2
177739,1
177740,2
177741,1
177742,0
177743,2
177744,1
177745,2
177746,2
177747,0
177748,2
177749,1
177750,1
177751,1
177752,1
177753,2
177754,0
177755,2
177756,1
177757,1
177758,0
177759,2
177760,1
177761,0
177762,2
177763,0
177764,0
177765,1
177766,1
177767,2
177768,1
177769,0
177770,1
177771,0
177772,1
177773,0
177774,0
177775,1
177776,1
177777,1
177778,2
177779,2
177780,2
177781,2
177782,1
177783,2
177784,2
177785,2
177786,1
177787,2
177788,1
177789,2
177790,0
177791,2
177792,2
177793,0
177794,2
177795,2
177796,2
177797,2
177798,0
177799,2
177800,2
177801,2
177802,2
177803,1
177804,2
177805,1
177806,2
177807,1
177808,1
177809,0
177810,2
177811,0
177812,1
177813,1
177814,0
177815,1
177816,1
177817,0
177818,1
177819,1
177820,2
177821,1
177822,0
177823,0
177824,2
177825,0
177826,1
177827,2
177828,2
177829,2
177830,1
177831,2
177832,2
177833,2
177834,1
177835,1
177836,2
177837,1
177838,2
177839,0
177840,1
177841,1
177842,1
177843,0
177844,2
177845,2
177846,1
177847,0
177848,2
177849,1
177850,2
177851,2
177852,1
177853,2
177854,2
177855,1
177856,2
177857,0
177858,1
177859,1
177860,1
177861,1
177862,2
177863,2
177864,1
177865,2
177866,0
177867,2
177868,1
177869,2
177870,1
177871,1
177872,1
177873,1
177874,1
177875,2
177876,1
177877,2
177878,1
177879,0
177880,2
177881,1
177882,2
177883,0
177884,1
177885,2
177886,0
177887,0
177888,1
177889,1
177890,0
177891,2
177892,2
177893,2
177894,1
177895,2
177896,1
177897,0
177898,0
177899,1
177900,1
177901,1
177902,2
177903,2
177904,0
177905,0
177906,1
177907,2
177908,1
177909,2
177910,1
177911,1
177912,1
177913,2
177914,0
177915,1
177916,0
177917,1
177918,2
177919,1
177920,2
177921,1
177922,2
177923,0
177924,1
177925,2
177926,2
177927,0
177928,2
177929,0
177930,1
177931,2
177932,2
177933,2
177934,0
177935,1
177936,2
177937,2
177938,2
177939,2
177940,2
177941,2
177942,2
177943,1
177944,1
177945,2
177946,1
177947,0
177948,1
177949,2
177950,2
177951,0
177952,1
177953,2
177954,1
177955,1
177956,2
177957,1
177958,2
177959,0
177960,0
177961,1
177962,2
177963,2
177964,0
177965,1
177966,1
177967,2
177968,2
177969,1
177970,0
177971,1
177972,0
177973,1
177974,1
177975,0
177976,0
177977,2
177978,0
177979,2
177980,0
177981,2
177982,1
177983,2
177984,2
177985,2
177986,2
177987,1
177988,1
177989,1
177990,0
177991,2
177992,2
177993,1
177994,2
177995,1
177996,1
177997,1
177998,0
177999,1
178000,2
178001,1
178002,2
178003,0
178004,2
178005,2
178006,1
178007,1
178008,2
178009,2
178010,2
178011,1
178012,1
178013,2
178014,1
178015,2
178016,2
178017,1
178018,1
178019,1
178020,1
178021,0
178022,2
178023,1
178024,0
178025,2
178026,1
178027,2
178028,0
178029,0
178030,1
178031,0
178032,2
178033,2
178034,2
178035,2
178036,2
178037,2
178038,1
178039,1
178040,2
178041,2
178042,0
178043,1
178044,0
178045,1
178046,2
178047,2
178048,0
178049,2
178050,2
178051,2
178052,2
178053,2
178054,2
178055,2
178056,2
178057,0
178058,1
178059,0
178060,1
178061,0
178062,1
178063,2
178064,0
178065,2
178066,0
178067,2
178068,2
178069,0
178070,2
178071,1
178072,1
178073,2
178074,2
178075,2
178076,2
178077,0
178078,0
178079,0
178080,1
178081,2
178082,1
178083,2
178084,1
178085,0
178086,1
178087,2
178088,0
178089,2
178090,2
178091,2
178092,2
178093,1
178094,2
178095,1
178096,2
178097,0
178098,1
178099,1
178100,1
178101,0
178102,1
178103,0
178104,2
178105,1
178106,2
178107,1
178108,2
178109,2
178110,2
178111,0
178112,2
178113,0
178114,2
178115,0
178116,2
178117,1
178118,0
178119,1
178120,1
178121,2
178122,1
178123,1
178124,1
178125,1
178126,2
178127,0
178128,2
178129,2
178130,0
178131,2
178132,2
178133,0
178134,1
178135,0
178136,0
178137,0
178138,2
178139,2
178140,2
178141,0
178142,1
178143,2
178144,0
178145,2
178146,1
178147,1
178148,2
178149,2
178150,2
178151,1
178152,0
178153,2
178154,0
178155,2
178156,2
178157,0
178158,1
178159,2
178160,2
178161,2
178162,1
178163,1
178164,2
178165,0
178166,0
178167,0
178168,2
178169,2
178170,0
178171,1
178172,2
178173,2
178174,1
178175,1
178176,1
178177,1
178178,1
178179,0
178180,1
178181,2
178182,1
178183,2
178184,1
178185,2
178186,2
178187,2
178188,1
178189,0
178190,0
178191,2
178192,2
178193,2
178194,2
178195,1
178196,2
178197,1
178198,1
178199,1
178200,2
178201,1
178202,0
178203,0
178204,1
178205,2
178206,2
178207,2
178208,2
178209,2
178210,1
178211,2
178212,0
178213,1
178214,2
178215,2
178216,1
178217,2
178218,0
178219,2
178220,2
178221,2
178222,1
178223,2
178224,2
178225,1
178226,2
178227,2
178228,2
178229,0
178230,2
178231,2
178232,1
178233,1
178234,1
178235,2
178236,1
178237,1
178238,0
178239,1
178240,2
178241,0
178242,0
178243,0
178244,1
178245,1
178246,0
178247,2
178248,1
178249,0
178250,2
178251,0
178252,0
178253,2
178254,2
178255,2
178256,1
178257,1
178258,2
178259,2
178260,1
178261,2
178262,2
178263,1
178264,0
178265,1
178266,1
178267,1
178268,2
178269,1
178270,1
178271,2
178272,2
178273,0
178274,0
178275,1
178276,2
178277,1
178278,1
178279,1
178280,2
178281,0
178282,0
178283,2
178284,0
178285,0
178286,2
178287,2
178288,2
178289,1
178290,0
178291,0
178292,0
178293,1
178294,2
178295,2
178296,2
178297,2
178298,2
178299,2
178300,2
178301,2
178302,0
178303,1
178304,0
178305,1
178306,2
178307,2
178308,0
178309,2
178310,2
178311,2
178312,0
178313,2
178314,1
178315,0
178316,1
178317,0
178318,2
178319,1
178320,0
178321,2
178322,1
178323,0
178324,0
178325,2
178326,1
178327,1
178328,1
178329,1
178330,0
178331,0
178332,1
178333,1
178334,2
178335,2
178336,2
178337,2
178338,1
178339,2
178340,1
178341,1
178342,0
178343,2
178344,1
178345,2
178346,1
178347,2
178348,1
178349,0
178350,1
178351,2
178352,1
178353,2
178354,2
178355,1
178356,2
178357,0
178358,1
178359,2
178360,1
178361,2
178362,0
178363,1
178364,2
178365,2
178366,0
178367,1
178368,0
178369,0
178370,1
178371,1
178372,0
178373,1
178374,2
178375,1
178376,0
178377,0
178378,2
178379,0
178380,1
178381,1
178382,1
178383,1
178384,1
178385,0
178386,2
178387,1
178388,1
178389,2
178390,2
178391,1
178392,2
178393,1
178394,1
178395,0
178396,0
178397,2
178398,2
178399,2
178400,1
178401,1
178402,2
178403,1
178404,0
178405,0
178406,1
178407,1
178408,1
178409,1
178410,2
178411,2
178412,1
178413,2
178414,2
178415,1
178416,2
178417,2
178418,0
178419,0
178420,2
178421,0
178422,1
178423,1
178424,1
178425,1
178426,0
178427,1
178428,0
178429,1
178430,1
178431,1
178432,2
178433,1
178434,1
178435,0
178436,0
178437,2
178438,2
178439,0
178440,1
178441,1
178442,2
178443,0
178444,1
178445,2
178446,2
178447,0
178448,0
178449,1
178450,0
178451,2
178452,2
178453,1
178454,1
178455,1
178456,1
178457,2
178458,1
178459,2
178460,0
178461,0
178462,0
178463,2
178464,2
178465,1
178466,1
178467,2
178468,2
178469,1
178470,1
178471,1
178472,2
178473,0
178474,1
178475,2
178476,1
178477,2
178478,0
178479,1
178480,1
178481,1
178482,0
178483,2
178484,1
178485,2
178486,1
178487,0
178488,1
178489,1
178490,2
178491,2
178492,0
178493,1
178494,1
178495,1
178496,0
178497,1
178498,1
178499,1
178500,1
178501,1
178502,2
178503,1
178504,0
178505,2
178506,2
178507,1
178508,2
178509,2
178510,1
178511,0
178512,0
178513,1
178514,1
178515,1
178516,2
178517,0
178518,1
178519,2
178520,1
178521,2
178522,2
178523,0
178524,1
178525,0
178526,0
178527,1
178528,2
178529,2
178530,2
178531,2
178532,0
178533,0
178534,1
178535,0
178536,1
178537,2
178538,2
178539,2
178540,1
178541,1
178542,2
178543,1
178544,1
178545,1
178546,1
178547,1
178548,2
178549,2
178550,2
178551,2
178552,1
178553,1
178554,2
178555,1
178556,1
178557,0
178558,1
178559,1
178560,2
178561,0
178562,1
178563,1
178564,0
178565,2
178566,1
178567,2
178568,1
178569,0
178570,0
178571,2
178572,2
178573,2
178574,0
178575,2
178576,2
178577,2
178578,2
178579,2
178580,2
178581,2
178582,2
178583,2
178584,2
178585,1
178586,0
178587,2
178588,2
178589,2
178590,2
178591,2
178592,2
178593,0
178594,1
178595,2
178596,2
178597,0
178598,2
178599,0
178600,0
178601,1
178602,0
178603,2
178604,2
178605,1
178606,0
178607,1
178608,1
178609,1
178610,2
178611,1
178612,2
178613,2
178614,2
178615,2
178616,1
178617,2
178618,0
178619,1
178620,1
178621,1
178622,2
178623,2
178624,2
178625,0
178626,1
178627,0
178628,0
178629,0
178630,0
178631,2
178632,2
178633,2
178634,1
178635,1
178636,1
178637,1
178638,2
178639,1
178640,1
178641,1
178642,2
178643,1
178644,1
178645,0
178646,2
178647,1
178648,2
178649,0
178650,1
178651,0
178652,2
178653,1
178654,1
178655,1
178656,0
178657,2
178658,1
178659,2
178660,1
178661,1
178662,2
178663,2
178664,2
178665,2
178666,1
178667,0
178668,2
178669,0
178670,1
178671,2
178672,0
178673,0
178674,2
178675,1
178676,1
178677,1
178678,2
178679,2
178680,1
178681,2
178682,2
178683,0
178684,2
178685,0
178686,2
178687,1
178688,1
178689,2
178690,1
178691,2
178692,0
178693,2
178694,1
178695,2
178696,0
178697,1
178698,1
178699,1
178700,2
178701,1
178702,1
178703,2
178704,2
178705,2
178706,1
178707,0
178708,2
178709,2
178710,2
178711,2
178712,2
178713,1
178714,1
178715,1
178716,2
178717,2
178718,2
178719,2
178720,2
178721,2
178722,1
178723,1
178724,2
178725,2
178726,1
178727,1
178728,2
178729,1
178730,0
178731,2
178732,2
178733,2
178734,2
178735,1
178736,1
178737,2
178738,2
178739,1
178740,1
178741,0
178742,0
178743,2
178744,1
178745,2
178746,2
178747,0
178748,1
178749,2
178750,1
178751,1
178752,2
178753,0
178754,2
178755,2
178756,1
178757,0
178758,1
178759,1
178760,0
178761,2
178762,1
178763,1
178764,0
178765,2
178766,1
178767,2
178768,2
178769,0
178770,0
178771,2
178772,0
178773,0
178774,0
178775,2
178776,2
178777,1
178778,2
178779,1
178780,1
178781,2
178782,0
178783,2
178784,2
178785,1
178786,0
178787,2
178788,0
178789,1
178790,2
178791,2
178792,1
178793,2
178794,2
178795,1
178796,1
178797,2
178798,2
178799,1
178800,0
178801,2
178802,2
178803,2
178804,1
178805,2
178806,0
178807,0
178808,1
178809,1
178810,2
178811,2
178812,2
178813,1
178814,0
178815,2
178816,2
178817,2
178818,2
178819,1
178820,2
178821,1
178822,2
178823,2
178824,2
178825,2
178826,0
178827,1
178828,2
178829,1
178830,2
178831,2
178832,1
178833,1
178834,2
178835,1
178836,2
178837,1
178838,1
178839,2
178840,0
178841,2
178842,2
178843,1
178844,1
178845,2
178846,2
178847,0
178848,1
178849,1
178850,0
178851,2
178852,0
178853,2
178854,0
178855,2
178856,1
178857,1
178858,1
178859,1
178860,1
178861,1
178862,0
178863,2
178864,1
178865,2
178866,1
178867,0
178868,1
178869,1
178870,1
178871,1
178872,2
178873,1
178874,0
178875,2
178876,1
178877,2
178878,1
178879,2
178880,0
178881,1
178882,2
178883,0
178884,0
178885,1
178886,2
178887,2
178888,1
178889,0
178890,0
178891,1
178892,1
178893,1
178894,2
178895,1
178896,2
178897,1
178898,1
178899,1
178900,2
178901,0
178902,1
178903,0
178904,2
178905,1
178906,0
178907,2
178908,2
178909,1
178910,0
178911,1
178912,0
178913,2
178914,2
178915,1
178916,1
178917,2
178918,1
178919,2
178920,2
178921,1
178922,1
178923,1
178924,2
178925,2
178926,0
178927,1
178928,2
178929,2
178930,2
178931,1
178932,1
178933,0
178934,1
178935,2
178936,0
178937,1
178938,2
178939,2
178940,1
178941,2
178942,2
178943,2
178944,2
178945,2
178946,2
178947,2
178948,1
178949,2
178950,1
178951,1
178952,2
178953,1
178954,2
178955,0
178956,2
178957,2
178958,2
178959,2
178960,1
178961,0
178962,0
178963,2
178964,2
178965,1
178966,2
178967,1
178968,2
178969,2
178970,0
178971,0
178972,2
178973,1
178974,2
178975,0
178976,2
178977,0
178978,2
178979,0
178980,2
178981,1
178982,2
178983,2
178984,0
178985,2
178986,0
178987,1
178988,2
178989,0
178990,1
178991,1
178992,2
178993,1
178994,1
178995,0
178996,0
178997,0
178998,2
178999,2
179000,0
179001,2
179002,2
179003,0
179004,0
179005,1
179006,1
179007,2
179008,0
179009,0
179010,1
179011,2
179012,2
179013,2
179014,2
179015,0
179016,2
179017,1
179018,1
179019,2
179020,1
179021,2
179022,2
179023,0
179024,2
179025,0
179026,1
179027,2
179028,2
179029,2
179030,2
179031,0
179032,1
179033,1
179034,2
179035,1
179036,1
179037,2
179038,2
179039,2
179040,2
179041,1
179042,1
179043,2
179044,1
179045,1
179046,1
179047,1
179048,1
179049,1
179050,2
179051,2
179052,2
179053,1
179054,1
179055,2
179056,2
179057,1
179058,1
179059,2
179060,0
179061,1
179062,1
179063,1
179064,2
179065,2
179066,1
179067,2
179068,1
179069,2
179070,1
179071,2
179072,1
179073,1
179074,2
179075,1
179076,0
179077,1
179078,2
179079,1
179080,2
179081,2
179082,1
179083,2
179084,2
179085,2
179086,2
179087,1
179088,1
179089,0
179090,0
179091,2
179092,1
179093,0
179094,2
179095,1
179096,0
179097,2
179098,2
179099,2
179100,1
179101,1
179102,0
179103,1
179104,2
179105,2
179106,0
179107,2
179108,2
179109,2
179110,2
179111,0
179112,0
179113,1
179114,1
179115,1
179116,1
179117,2
179118,1
179119,1
179120,1
179121,1
179122,1
179123,1
179124,1
179125,1
179126,2
179127,2
179128,2
179129,2
179130,2
179131,0
179132,0
179133,2
179134,2
179135,0
179136,2
179137,2
179138,2
179139,1
179140,1
179141,0
179142,2
179143,1
179144,0
179145,2
179146,2
179147,1
179148,1
179149,2
179150,1
179151,0
179152,1
179153,1
179154,2
179155,1
179156,1
179157,2
179158,1
179159,1
179160,1
179161,2
179162,2
179163,0
179164,0
179165,2
179166,1
179167,0
179168,2
179169,2
179170,2
179171,1
179172,2
179173,1
179174,2
179175,1
179176,2
179177,2
179178,0
179179,2
179180,1
179181,2
179182,1
179183,2
179184,0
179185,0
179186,0
179187,1
179188,1
179189,2
179190,1
179191,2
179192,0
179193,2
179194,2
179195,2
179196,0
179197,1
179198,1
179199,0
179200,2
179201,1
179202,1
179203,2
179204,2
179205,2
179206,0
179207,2
179208,2
179209,1
179210,1
179211,1
179212,1
179213,2
179214,2
179215,1
179216,0
179217,2
179218,1
179219,2
179220,1
179221,2
179222,2
179223,2
179224,1
179225,1
179226,1
179227,1
179228,2
179229,2
179230,1
179231,2
179232,1
179233,0
179234,1
179235,2
179236,0
179237,2
179238,1
179239,1
179240,2
179241,1
179242,0
179243,1
179244,2
179245,2
179246,2
179247,1
179248,0
179249,2
179250,0
179251,0
179252,2
179253,0
179254,1
179255,2
179256,2
179257,2
179258,1
179259,1
179260,0
179261,2
179262,1
179263,0
179264,2
179265,1
179266,1
179267,2
179268,1
179269,2
179270,2
179271,1
179272,1
179273,0
179274,2
179275,1
179276,1
179277,1
179278,2
179279,2
179280,2
179281,1
179282,1
179283,1
179284,1
179285,2
179286,1
179287,2
179288,2
179289,0
179290,1
179291,2
179292,2
179293,0
179294,2
179295,2
179296,2
179297,0
179298,0
179299,2
179300,1
179301,1
179302,2
179303,1
179304,1
179305,2
179306,0
179307,1
179308,1
179309,2
179310,2
179311,1
179312,0
179313,1
179314,2
179315,2
179316,2
179317,1
179318,1
179319,1
179320,2
179321,1
179322,1
179323,2
179324,2
179325,2
179326,1
179327,0
179328,1
179329,2
179330,2
179331,2
179332,1
179333,0
179334,1
179335,0
179336,2
179337,2
179338,0
179339,1
179340,2
179341,1
179342,1
179343,0
179344,1
179345,0
179346,0
179347,1
179348,2
179349,0
179350,2
179351,0
179352,0
179353,2
179354,1
179355,0
179356,1
179357,1
179358,2
179359,2
179360,1
179361,2
179362,1
179363,2
179364,1
179365,2
179366,0
179367,1
179368,1
179369,0
179370,2
179371,1
179372,1
179373,0
179374,2
179375,1
179376,2
179377,0
179378,2
179379,0
179380,1
179381,0
179382,2
179383,1
179384,2
179385,0
179386,1
179387,0
179388,1
179389,1
179390,2
179391,1
179392,2
179393,1
179394,2
179395,0
179396,1
179397,2
179398,1
179399,1
179400,1
179401,1
179402,1
179403,1
179404,2
179405,2
179406,0
179407,2
179408,0
179409,2
179410,2
179411,1
179412,0
179413,0
179414,2
179415,0
179416,2
179417,0
179418,1
179419,2
179420,2
179421,0
179422,1
179423,2
179424,1
179425,2
179426,1
179427,1
179428,1
179429,1
179430,2
179431,2
179432,0
179433,2
179434,2
179435,0
179436,2
179437,0
179438,2
179439,1
179440,2
179441,2
179442,0
179443,1
179444,1
179445,2
179446,2
179447,2
179448,1
179449,2
179450,1
179451,2
179452,2
179453,2
179454,0
179455,2
179456,0
179457,1
179458,1
179459,2
179460,2
179461,1
179462,2
179463,0
179464,1
179465,1
179466,2
179467,1
179468,0
179469,0
179470,2
179471,1
179472,1
179473,2
179474,0
179475,0
179476,1
179477,1
179478,2
179479,1
179480,1
179481,2
179482,1
179483,2
179484,1
179485,1
179486,2
179487,1
179488,1
179489,1
179490,1
179491,1
179492,2
179493,2
179494,1
179495,2
179496,1
179497,1
179498,1
179499,0
179500,2
179501,1
179502,0
179503,0
179504,1
179505,1
179506,1
179507,2
179508,0
179509,2
179510,1
179511,0
179512,0
179513,1
179514,1
179515,2
179516,2
179517,1
179518,2
179519,0
179520,1
179521,0
179522,2
179523,0
179524,2
179525,1
179526,1
179527,2
179528,1
179529,2
179530,2
179531,2
179532,1
179533,1
179534,0
179535,1
179536,1
179537,1
179538,2
179539,0
179540,2
179541,2
179542,2
179543,1
179544,2
179545,2
179546,2
179547,1
179548,0
179549,1
179550,0
179551,0
179552,1
179553,2
179554,2
179555,1
179556,0
179557,1
179558,2
179559,1
179560,0
179561,2
179562,0
179563,0
179564,1
179565,1
179566,2
179567,1
179568,2
179569,0
179570,2
179571,1
179572,0
179573,1
179574,1
179575,2
179576,2
179577,1
179578,2
179579,2
179580,1
179581,1
179582,1
179583,0
179584,0
179585,2
179586,2
179587,1
179588,2
179589,2
179590,2
179591,2
179592,2
179593,0
179594,2
179595,0
179596,1
179597,1
179598,1
179599,1
179600,0
179601,0
179602,2
179603,1
179604,0
179605,2
179606,2
179607,1
179608,1
179609,1
179610,2
179611,2
179612,1
179613,2
179614,2
179615,1
179616,2
179617,0
179618,1
179619,1
179620,0
179621,2
179622,0
179623,0
179624,2
179625,2
179626,2
179627,2
179628,1
179629,2
179630,2
179631,0
179632,0
179633,1
179634,0
179635,2
179636,2
179637,0
179638,0
179639,1
179640,1
179641,1
179642,2
179643,0
179644,1
179645,2
179646,1
179647,2
179648,1
179649,1
179650,2
179651,0
179652,2
179653,0
179654,2
179655,0
179656,2
179657,1
179658,2
179659,1
179660,0
179661,0
179662,2
179663,1
179664,0
179665,0
179666,2
179667,1
179668,1
179669,1
179670,2
179671,2
179672,1
179673,2
179674,1
179675,0
179676,2
179677,2
179678,1
179679,1
179680,0
179681,1
179682,1
179683,2
179684,2
179685,0
179686,0
179687,2
179688,2
179689,1
179690,1
179691,1
179692,2
179693,2
179694,1
179695,1
179696,2
179697,0
179698,1
179699,1
179700,2
179701,1
179702,0
179703,1
179704,1
179705,0
179706,2
179707,2
179708,1
179709,2
179710,1
179711,1
179712,1
179713,0
179714,2
179715,2
179716,2
179717,0
179718,1
179719,2
179720,0
179721,2
179722,1
179723,2
179724,1
179725,2
179726,2
179727,0
179728,1
179729,2
179730,0
179731,1
179732,0
179733,2
179734,2
179735,1
179736,2
179737,1
179738,2
179739,1
179740,0
179741,1
179742,1
179743,0
179744,2
179745,1
179746,0
179747,2
179748,0
179749,1
179750,0
179751,0
179752,1
179753,1
179754,0
179755,1
179756,1
179757,0
179758,1
179759,0
179760,0
179761,1
179762,1
179763,1
179764,1
179765,0
179766,1
179767,2
179768,1
179769,2
179770,2
179771,0
179772,1
179773,1
179774,1
179775,0
179776,1
179777,1
179778,1
179779,1
179780,1
179781,0
179782,0
179783,2
179784,1
179785,2
179786,1
179787,1
179788,0
179789,2
179790,1
179791,0
179792,1
179793,2
179794,1
179795,1
179796,0
179797,1
179798,2
179799,2
179800,0
179801,1
179802,1
179803,2
179804,2
179805,0
179806,1
179807,1
179808,0
179809,0
179810,1
179811,0
179812,1
179813,2
179814,2
179815,0
179816,2
179817,2
179818,2
179819,2
179820,2
179821,2
179822,1
179823,1
179824,1
179825,2
179826,0
179827,2
179828,0
179829,2
179830,1
179831,1
179832,0
179833,2
179834,1
179835,1
179836,2
179837,0
179838,0
179839,0
179840,0
179841,0
179842,0
179843,0
179844,2
179845,1
179846,0
179847,2
179848,1
179849,2
179850,1
179851,2
179852,2
179853,2
179854,2
179855,2
179856,2
179857,0
179858,0
179859,0
179860,2
179861,1
179862,1
179863,1
179864,1
179865,0
179866,2
179867,2
179868,1
179869,0
179870,2
179871,1
179872,1
179873,1
179874,2
179875,1
179876,2
179877,1
179878,1
179879,0
179880,1
179881,1
179882,1
179883,1
179884,1
179885,1
179886,2
179887,2
179888,0
179889,2
179890,2
179891,1
179892,2
179893,1
179894,0
179895,1
179896,1
179897,1
179898,1
179899,0
179900,0
179901,1
179902,1
179903,0
179904,1
179905,1
179906,1
179907,0
179908,2
179909,2
179910,1
179911,2
179912,2
179913,0
179914,1
179915,0
179916,0
179917,0
179918,1
179919,2
179920,2
179921,2
179922,0
179923,1
179924,2
179925,2
179926,1
179927,2
179928,1
179929,0
179930,1
179931,1
179932,1
179933,1
179934,0
179935,2
179936,1
179937,2
179938,2
179939,1
179940,1
179941,2
179942,0
179943,1
179944,1
179945,0
179946,1
179947,0
179948,2
179949,0
179950,2
179951,2
179952,0
179953,0
179954,2
179955,1
179956,1
179957,2
179958,1
179959,2
179960,2
179961,2
179962,1
179963,1
179964,2
179965,1
179966,2
179967,1
179968,1
179969,2
179970,2
179971,2
179972,1
179973,0
179974,0
179975,2
179976,1
179977,0
179978,1
179979,2
179980,2
179981,1
179982,1
179983,2
179984,0
179985,1
179986,2
179987,2
179988,2
179989,1
179990,0
179991,1
179992,2
179993,0
179994,1
179995,1
179996,0
179997,2
179998,0
179999,1
180000,2
180001,2
180002,0
180003,0
180004,0
180005,2
180006,2
180007,2
180008,2
180009,2
180010,1
180011,1
180012,2
180013,2
180014,2
180015,1
180016,0
180017,0
180018,1
180019,1
180020,2
180021,2
180022,0
180023,0
180024,1
180025,0
180026,2
180027,2
180028,1
180029,2
180030,0
180031,2
180032,2
180033,2
180034,1
180035,2
180036,2
180037,2
180038,0
180039,0
180040,0
180041,2
180042,2
180043,2
180044,1
180045,0
180046,1
180047,0
180048,0
180049,2
180050,1
180051,0
180052,2
180053,0
180054,1
180055,1
180056,0
180057,0
180058,2
180059,0
180060,2
180061,2
180062,0
180063,2
180064,0
180065,1
180066,2
180067,1
180068,0
180069,2
180070,1
180071,2
180072,2
180073,1
180074,1
180075,0
180076,0
180077,0
180078,1
180079,2
180080,2
180081,1
180082,2
180083,0
180084,0
180085,2
180086,2
180087,0
180088,1
180089,0
180090,1
180091,0
180092,2
180093,2
180094,2
180095,2
180096,1
180097,2
180098,1
180099,2
180100,1
180101,2
180102,0
180103,2
180104,1
180105,2
180106,1
180107,1
180108,1
180109,2
180110,1
180111,1
180112,0
180113,2
180114,2
180115,0
180116,1
180117,1
180118,2
180119,0
180120,1
180121,1
180122,2
180123,1
180124,1
180125,2
180126,2
180127,1
180128,2
180129,2
180130,2
180131,0
180132,0
180133,0
180134,2
180135,2
180136,2
180137,2
180138,1
180139,0
180140,2
180141,0
180142,2
180143,2
180144,2
180145,1
180146,1
180147,2
180148,1
180149,1
180150,1
180151,1
180152,1
180153,1
180154,0
180155,2
180156,0
180157,1
180158,0
180159,1
180160,2
180161,2
180162,0
180163,2
180164,0
180165,2
180166,0
180167,2
180168,2
180169,2
180170,2
180171,2
180172,2
180173,1
180174,0
180175,2
180176,1
180177,1
180178,1
180179,1
180180,2
180181,2
180182,2
180183,2
180184,2
180185,1
180186,1
180187,1
180188,1
180189,2
180190,1
180191,1
180192,1
180193,1
180194,1
180195,1
180196,2
180197,1
180198,2
180199,1
180200,2
180201,0
180202,0
180203,1
180204,1
180205,1
180206,1
180207,1
180208,2
180209,2
180210,2
180211,0
180212,2
180213,2
180214,2
180215,0
180216,1
180217,0
180218,2
180219,2
180220,1
180221,2
180222,2
180223,2
180224,2
180225,0
180226,1
180227,2
180228,2
180229,1
180230,1
180231,2
180232,0
180233,1
180234,1
180235,2
180236,2
180237,1
180238,1
180239,2
180240,0
180241,1
180242,1
180243,1
180244,2
180245,0
180246,1
180247,1
180248,2
180249,2
180250,2
180251,2
180252,0
180253,1
180254,2
180255,0
180256,1
180257,2
180258,2
180259,1
180260,2
180261,2
180262,1
180263,2
180264,1
180265,0
180266,1
180267,1
180268,1
180269,0
180270,1
180271,2
180272,2
180273,2
180274,1
180275,1
180276,1
180277,1
180278,1
180279,2
180280,2
180281,1
180282,1
180283,1
180284,2
180285,2
180286,1
180287,2
180288,1
180289,1
180290,0
180291,1
180292,2
180293,1
180294,1
180295,1
180296,1
180297,1
180298,2
180299,0
180300,2
180301,0
180302,0
180303,2
180304,0
180305,0
180306,2
180307,2
180308,2
180309,1
180310,2
180311,0
180312,0
180313,1
180314,0
180315,0
180316,1
180317,1
180318,2
180319,2
180320,2
180321,1
180322,2
180323,2
180324,2
180325,2
180326,2
180327,1
180328,2
180329,1
180330,0
180331,1
180332,0
180333,2
180334,2
180335,0
180336,1
180337,1
180338,2
180339,2
180340,1
180341,1
180342,2
180343,2
180344,2
180345,0
180346,2
180347,2
180348,1
180349,2
180350,0
180351,2
180352,2
180353,0
180354,2
180355,1
180356,1
180357,2
180358,1
180359,1
180360,1
180361,1
180362,0
180363,2
180364,2
180365,0
180366,0
180367,1
180368,2
180369,2
180370,2
180371,1
180372,1
180373,2
180374,1
180375,0
180376,1
180377,2
180378,1
180379,0
180380,1
180381,0
180382,0
180383,0
180384,2
180385,1
180386,1
180387,2
180388,1
180389,1
180390,0
180391,1
180392,0
180393,2
180394,2
180395,2
180396,1
180397,2
180398,2
180399,2
180400,1
180401,2
180402,1
180403,0
180404,1
180405,0
180406,0
180407,1
180408,0
180409,0
180410,2
180411,1
180412,1
180413,2
180414,0
180415,2
180416,1
180417,1
180418,0
180419,1
180420,2
180421,2
180422,1
180423,1
180424,1
180425,1
180426,2
180427,2
180428,2
180429,2
180430,2
180431,1
180432,2
180433,1
180434,2
180435,2
180436,1
180437,1
180438,0
180439,2
180440,1
180441,1
180442,2
180443,2
180444,2
180445,1
180446,1
180447,2
180448,1
180449,1
180450,0
180451,0
180452,2
180453,0
180454,1
180455,2
180456,1
180457,2
180458,2
180459,0
180460,1
180461,2
180462,2
180463,2
180464,2
180465,1
180466,1
180467,2
180468,0
180469,0
180470,2
180471,0
180472,0
180473,1
180474,1
180475,1
180476,1
180477,2
180478,1
180479,0
180480,1
180481,2
180482,1
180483,1
180484,0
180485,1
180486,2
180487,0
180488,0
180489,2
180490,1
180491,2
180492,0
180493,2
180494,1
180495,2
180496,2
180497,1
180498,2
180499,1
180500,1
180501,1
180502,2
180503,1
180504,0
180505,2
180506,1
180507,1
180508,1
180509,1
180510,2
180511,2
180512,2
180513,2
180514,2
180515,0
180516,1
180517,2
180518,1
180519,1
180520,0
180521,0
180522,1
180523,1
180524,0
180525,1
180526,1
180527,0
180528,0
180529,2
180530,2
180531,0
180532,0
180533,2
180534,1
180535,0
180536,0
180537,0
180538,2
180539,0
180540,1
180541,1
180542,2
180543,1
180544,2
180545,2
180546,0
180547,1
180548,1
180549,2
180550,2
180551,1
180552,1
180553,2
180554,1
180555,2
180556,2
180557,2
180558,0
180559,2
180560,1
180561,0
180562,1
180563,2
180564,1
180565,1
180566,0
180567,0
180568,0
180569,1
180570,2
180571,1
180572,2
180573,1
180574,2
180575,1
180576,0
180577,1
180578,1
180579,0
180580,2
180581,1
180582,0
180583,0
180584,2
180585,1
180586,2
180587,1
180588,2
180589,1
180590,1
180591,0
180592,0
180593,2
180594,1
180595,0
180596,2
180597,2
180598,1
180599,2
180600,2
180601,1
180602,0
180603,2
180604,2
180605,1
180606,2
180607,2
180608,2
180609,0
180610,2
180611,2
180612,1
180613,1
180614,1
180615,2
180616,2
180617,0
180618,2
180619,2
180620,0
180621,1
180622,2
180623,1
180624,0
180625,2
180626,2
180627,2
180628,1
180629,1
180630,0
180631,1
180632,1
180633,0
180634,2
180635,1
180636,1
180637,1
180638,0
180639,0
180640,1
180641,0
180642,0
180643,2
180644,1
180645,0
180646,2
180647,2
180648,1
180649,2
180650,1
180651,0
180652,1
180653,2
180654,2
180655,0
180656,0
180657,1
180658,1
180659,2
180660,2
180661,2
180662,1
180663,1
180664,1
180665,1
180666,2
180667,0
180668,2
180669,1
180670,2
180671,2
180672,2
180673,1
180674,2
180675,2
180676,2
180677,2
180678,2
180679,2
180680,1
180681,2
180682,0
180683,2
180684,1
180685,2
180686,1
180687,2
180688,2
180689,2
180690,1
180691,2
180692,1
180693,2
180694,1
180695,2
180696,1
180697,2
180698,2
180699,1
180700,2
180701,1
180702,1
180703,2
180704,0
180705,1
180706,2
180707,2
180708,2
180709,2
180710,2
180711,1
180712,2
180713,2
180714,0
180715,1
180716,2
180717,2
180718,1
180719,2
180720,2
180721,2
180722,2
180723,1
180724,1
180725,1
180726,0
180727,2
180728,1
180729,2
180730,2
180731,2
180732,2
180733,1
180734,1
180735,1
180736,1
180737,0
180738,1
180739,1
180740,2
180741,2
180742,0
180743,2
180744,0
180745,2
180746,0
180747,2
180748,0
180749,1
180750,1
180751,2
180752,2
180753,2
180754,2
180755,2
180756,1
180757,2
180758,2
180759,1
180760,1
180761,0
180762,0
180763,0
180764,2
180765,0
180766,1
180767,2
180768,0
180769,1
180770,2
180771,2
180772,0
180773,2
180774,1
180775,1
180776,0
180777,2
180778,0
180779,1
180780,2
180781,0
180782,2
180783,1
180784,2
180785,2
180786,2
180787,2
180788,0
180789,1
180790,1
180791,1
180792,0
180793,0
180794,2
180795,1
180796,1
180797,2
180798,2
180799,2
180800,2
180801,1
180802,1
180803,1
180804,2
180805,1
180806,1
180807,1
180808,2
180809,1
180810,1
180811,0
180812,1
180813,0
180814,2
180815,1
180816,2
180817,1
180818,2
180819,1
180820,2
180821,0
180822,1
180823,2
180824,2
180825,1
180826,1
180827,1
180828,1
180829,1
180830,2
180831,2
180832,2
180833,2
180834,0
180835,1
180836,2
180837,2
180838,1
180839,1
180840,1
180841,0
180842,1
180843,2
180844,1
180845,1
180846,0
180847,0
180848,1
180849,1
180850,2
180851,0
180852,1
180853,2
180854,2
180855,1
180856,1
180857,2
180858,1
180859,1
180860,1
180861,2
180862,1
180863,0
180864,2
180865,1
180866,0
180867,1
180868,2
180869,0
180870,2
180871,2
180872,1
180873,1
180874,1
180875,1
180876,2
180877,0
180878,2
180879,2
180880,2
180881,0
180882,2
180883,2
180884,2
180885,1
180886,2
180887,1
180888,1
180889,0
180890,1
180891,0
180892,0
180893,2
180894,2
180895,2
180896,1
180897,2
180898,1
180899,2
180900,2
180901,2
180902,2
180903,2
180904,1
180905,2
180906,1
180907,2
180908,2
180909,2
180910,1
180911,2
180912,2
180913,1
180914,1
180915,2
180916,2
180917,1
180918,2
180919,0
180920,2
180921,2
180922,2
180923,1
180924,1
180925,1
180926,1
180927,0
180928,2
180929,0
180930,0
180931,1
180932,2
180933,2
180934,1
180935,1
180936,0
180937,1
180938,2
180939,2
180940,2
180941,1
180942,0
180943,1
180944,0
180945,1
180946,2
180947,2
180948,1
180949,2
180950,1
180951,1
180952,2
180953,2
180954,0
180955,1
180956,1
180957,1
180958,2
180959,1
180960,0
180961,1
180962,2
180963,1
180964,2
180965,2
180966,1
180967,2
180968,2
180969,2
180970,2
180971,2
180972,2
180973,1
180974,2
180975,2
180976,0
180977,0
180978,0
180979,0
180980,1
180981,2
180982,1
180983,2
180984,2
180985,1
180986,0
180987,0
180988,0
180989,2
180990,2
180991,1
180992,0
180993,1
180994,0
180995,0
180996,2
180997,0
180998,1
180999,2
181000,2
181001,2
181002,2
181003,0
181004,1
181005,0
181006,2
181007,2
181008,1
181009,1
181010,2
181011,1
181012,1
181013,2
181014,2
181015,2
181016,2
181017,2
181018,2
181019,2
181020,0
181021,2
181022,1
181023,1
181024,1
181025,0
181026,1
181027,2
181028,2
181029,1
181030,2
181031,1
181032,2
181033,2
181034,1
181035,2
181036,2
181037,0
181038,1
181039,1
181040,2
181041,0
181042,2
181043,2
181044,1
181045,1
181046,2
181047,2
181048,0
181049,1
181050,2
181051,2
181052,2
181053,1
181054,2
181055,1
181056,0
181057,2
181058,1
181059,2
181060,2
181061,1
181062,2
181063,0
181064,0
181065,2
181066,1
181067,0
181068,2
181069,2
181070,1
181071,1
181072,2
181073,1
181074,2
181075,1
181076,2
181077,1
181078,1
181079,2
181080,2
181081,2
181082,1
181083,1
181084,0
181085,2
181086,1
181087,1
181088,2
181089,2
181090,1
181091,2
181092,0
181093,1
181094,0
181095,1
181096,2
181097,2
181098,2
181099,2
181100,2
181101,2
181102,0
181103,1
181104,2
181105,2
181106,2
181107,0
181108,0
181109,0
181110,1
181111,1
181112,0
181113,1
181114,2
181115,1
181116,1
181117,1
181118,2
181119,1
181120,1
181121,0
181122,2
181123,1
181124,1
181125,0
181126,0
181127,1
181128,1
181129,2
181130,0
181131,1
181132,0
181133,1
181134,0
181135,0
181136,2
181137,1
181138,0
181139,1
181140,0
181141,2
181142,0
181143,2
181144,2
181145,2
181146,0
181147,0
181148,1
181149,1
181150,2
181151,2
181152,1
181153,0
181154,2
181155,1
181156,2
181157,2
181158,2
181159,2
181160,2
181161,2
181162,1
181163,0
181164,2
181165,1
181166,1
181167,1
181168,2
181169,0
181170,1
181171,1
181172,1
181173,2
181174,2
181175,2
181176,1
181177,0
181178,1
181179,0
181180,2
181181,1
181182,2
181183,1
181184,2
181185,1
181186,1
181187,2
181188,1
181189,0
181190,1
181191,2
181192,1
181193,2
181194,0
181195,0
181196,0
181197,2
181198,0
181199,2
181200,2
181201,1
181202,2
181203,2
181204,2
181205,0
181206,1
181207,0
181208,2
181209,2
181210,1
181211,2
181212,1
181213,0
181214,1
181215,2
181216,0
181217,2
181218,2
181219,1
181220,1
181221,2
181222,1
181223,1
181224,2
181225,0
181226,2
181227,1
181228,1
181229,1
181230,2
181231,2
181232,1
181233,1
181234,0
181235,2
181236,1
181237,0
181238,1
181239,0
181240,1
181241,0
181242,2
181243,2
181244,0
181245,1
181246,0
181247,2
181248,2
181249,2
181250,1
181251,0
181252,0
181253,2
181254,1
181255,1
181256,0
181257,2
181258,0
181259,1
181260,1
181261,2
181262,2
181263,2
181264,1
181265,0
181266,1
181267,1
181268,2
181269,1
181270,1
181271,0
181272,1
181273,1
181274,2
181275,1
181276,2
181277,2
181278,2
181279,0
181280,2
181281,2
181282,2
181283,2
181284,1
181285,1
181286,1
181287,2
181288,1
181289,2
181290,2
181291,1
181292,2
181293,2
181294,0
181295,0
181296,0
181297,2
181298,2
181299,0
181300,2
181301,2
181302,2
181303,1
181304,1
181305,1
181306,0
181307,1
181308,2
181309,1
181310,0
181311,1
181312,1
181313,2
181314,2
181315,0
181316,1
181317,1
181318,1
181319,2
181320,2
181321,2
181322,0
181323,2
181324,1
181325,1
181326,1
181327,2
181328,1
181329,0
181330,2
181331,0
181332,2
181333,1
181334,0
181335,1
181336,0
181337,2
181338,0
181339,0
181340,0
181341,2
181342,0
181343,2
181344,2
181345,2
181346,1
181347,0
181348,1
181349,1
181350,0
181351,1
181352,0
181353,1
181354,0
181355,1
181356,2
181357,2
181358,0
181359,2
181360,2
181361,1
181362,0
181363,2
181364,1
181365,2
181366,1
181367,2
181368,1
181369,0
181370,1
181371,1
181372,2
181373,0
181374,0
181375,2
181376,1
181377,1
181378,2
181379,0
181380,1
181381,2
181382,2
181383,0
181384,0
181385,2
181386,2
181387,1
181388,2
181389,1
181390,0
181391,1
181392,1
181393,0
181394,2
181395,2
181396,1
181397,2
181398,2
181399,1
181400,2
181401,1
181402,0
181403,2
181404,1
181405,1
181406,2
181407,1
181408,1
181409,1
181410,2
181411,2
181412,1
181413,0
181414,1
181415,2
181416,1
181417,1
181418,2
181419,1
181420,2
181421,1
181422,2
181423,1
181424,2
181425,1
181426,0
181427,1
181428,2
181429,0
181430,2
181431,1
181432,0
181433,1
181434,1
181435,2
181436,1
181437,1
181438,1
181439,1
181440,1
181441,1
181442,1
181443,2
181444,1
181445,1
181446,1
181447,1
181448,2
181449,2
181450,2
181451,2
181452,1
181453,2
181454,0
181455,0
181456,0
181457,2
181458,1
181459,2
181460,0
181461,0
181462,2
181463,0
181464,2
181465,2
181466,2
181467,2
181468,1
181469,2
181470,0
181471,0
181472,0
181473,2
181474,1
181475,1
181476,0
181477,0
181478,0
181479,1
181480,0
181481,1
181482,2
181483,2
181484,2
181485,1
181486,1
181487,1
181488,1
181489,1
181490,2
181491,1
181492,2
181493,0
181494,0
181495,2
181496,2
181497,1
181498,1
181499,1
181500,1
181501,0
181502,0
181503,1
181504,2
181505,2
181506,2
181507,1
181508,1
181509,2
181510,1
181511,2
181512,0
181513,0
181514,2
181515,2
181516,2
181517,1
181518,2
181519,1
181520,2
181521,2
181522,1
181523,0
181524,0
181525,1
181526,0
181527,2
181528,0
181529,2
181530,0
181531,2
181532,1
181533,1
181534,2
181535,1
181536,2
181537,2
181538,0
181539,1
181540,2
181541,2
181542,0
181543,2
181544,2
181545,2
181546,2
181547,1
181548,2
181549,2
181550,2
181551,0
181552,1
181553,0
181554,2
181555,0
181556,1
181557,1
181558,1
181559,1
181560,2
181561,0
181562,0
181563,1
181564,2
181565,0
181566,0
181567,1
181568,2
181569,1
181570,1
181571,1
181572,1
181573,1
181574,1
181575,1
181576,2
181577,1
181578,2
181579,0
181580,0
181581,1
181582,1
181583,1
181584,2
181585,0
181586,0
181587,2
181588,0
181589,1
181590,2
181591,1
181592,1
181593,0
181594,1
181595,0
181596,2
181597,1
181598,2
181599,2
181600,1
181601,1
181602,1
181603,2
181604,2
181605,1
181606,1
181607,2
181608,1
181609,2
181610,1
181611,2
181612,1
181613,2
181614,2
181615,2
181616,1
181617,2
181618,2
181619,2
181620,1
181621,0
181622,2
181623,2
181624,1
181625,1
181626,1
181627,1
181628,0
181629,2
181630,0
181631,1
181632,0
181633,2
181634,2
181635,2
181636,2
181637,2
181638,1
181639,1
181640,1
181641,1
181642,2
181643,0
181644,0
181645,2
181646,2
181647,1
181648,1
181649,2
181650,1
181651,1
181652,2
181653,1
181654,0
181655,2
181656,2
181657,1
181658,1
181659,1
181660,1
181661,1
181662,0
181663,0
181664,2
181665,2
181666,1
181667,1
181668,0
181669,0
181670,1
181671,2
181672,2
181673,1
181674,2
181675,2
181676,2
181677,2
181678,1
181679,0
181680,1
181681,1
181682,0
181683,2
181684,0
181685,2
181686,1
181687,1
181688,2
181689,1
181690,2
181691,2
181692,2
181693,1
181694,0
181695,1
181696,2
181697,1
181698,2
181699,0
181700,1
181701,0
181702,2
181703,0
181704,1
181705,2
181706,1
181707,2
181708,2
181709,2
181710,1
181711,2
181712,0
181713,0
181714,1
181715,2
181716,2
181717,0
181718,1
181719,1
181720,2
181721,2
181722,2
181723,1
181724,2
181725,1
181726,2
181727,1
181728,2
181729,2
181730,2
181731,2
181732,1
181733,1
181734,2
181735,2
181736,2
181737,1
181738,2
181739,2
181740,1
181741,0
181742,1
181743,1
181744,1
181745,2
181746,0
181747,1
181748,2
181749,1
181750,0
181751,2
181752,0
181753,1
181754,0
181755,0
181756,2
181757,0
181758,0
181759,1
181760,1
181761,2
181762,1
181763,2
181764,2
181765,1
181766,0
181767,2
181768,1
181769,2
181770,1
181771,2
181772,2
181773,2
181774,2
181775,1
181776,2
181777,0
181778,1
181779,0
181780,1
181781,2
181782,1
181783,2
181784,1
181785,1
181786,2
181787,2
181788,2
181789,1
181790,2
181791,2
181792,2
181793,2
181794,1
181795,2
181796,2
181797,1
181798,0
181799,1
181800,1
181801,0
181802,1
181803,1
181804,0
181805,2
181806,1
181807,2
181808,0
181809,2
181810,1
181811,1
181812,2
181813,1
181814,2
181815,1
181816,1
181817,2
181818,1
181819,2
181820,2
181821,2
181822,2
181823,2
181824,2
181825,1
181826,0
181827,1
181828,2
181829,1
181830,2
181831,1
181832,1
181833,1
181834,1
181835,1
181836,2
181837,2
181838,1
181839,2
181840,1
181841,0
181842,1
181843,0
181844,0
181845,1
181846,2
181847,1
181848,2
181849,1
181850,2
181851,2
181852,1
181853,1
181854,0
181855,2
181856,1
181857,2
181858,1
181859,1
181860,2
181861,2
181862,1
181863,2
181864,1
181865,1
181866,0
181867,0
181868,2
181869,2
181870,0
181871,2
181872,1
181873,2
181874,1
181875,0
181876,2
181877,1
181878,2
181879,1
181880,2
181881,0
181882,1
181883,2
181884,1
181885,1
181886,1
181887,1
181888,2
181889,2
181890,2
181891,2
181892,0
181893,1
181894,0
181895,2
181896,0
181897,2
181898,1
181899,2
181900,2
181901,1
181902,0
181903,1
181904,2
181905,2
181906,2
181907,1
181908,2
181909,1
181910,2
181911,2
181912,2
181913,2
181914,1
181915,1
181916,0
181917,2
181918,1
181919,2
181920,0
181921,1
181922,1
181923,2
181924,2
181925,1
181926,0
181927,2
181928,2
181929,2
181930,1
181931,0
181932,0
181933,2
181934,1
181935,2
181936,2
181937,2
181938,1
181939,2
181940,2
181941,0
181942,0
181943,2
181944,0
181945,1
181946,2
181947,0
181948,0
181949,2
181950,1
181951,1
181952,0
181953,2
181954,1
181955,1
181956,0
181957,1
181958,2
181959,2
181960,0
181961,0
181962,1
181963,2
181964,1
181965,0
181966,2
181967,1
181968,2
181969,0
181970,1
181971,0
181972,0
181973,0
181974,2
181975,2
181976,2
181977,1
181978,2
181979,2
181980,2
181981,2
181982,1
181983,1
181984,0
181985,0
181986,2
181987,2
181988,0
181989,1
181990,1
181991,2
181992,1
181993,2
181994,2
181995,2
181996,1
181997,1
181998,1
181999,1
182000,2
182001,0
182002,2
182003,2
182004,2
182005,0
182006,1
182007,0
182008,1
182009,2
182010,0
182011,0
182012,2
182013,1
182014,2
182015,0
182016,2
182017,2
182018,0
182019,2
182020,2
182021,1
182022,0
182023,1
182024,0
182025,2
182026,1
182027,1
182028,0
182029,0
182030,0
182031,1
182032,0
182033,2
182034,2
182035,1
182036,2
182037,2
182038,0
182039,2
182040,2
182041,1
182042,2
182043,2
182044,2
182045,2
182046,1
182047,1
182048,2
182049,1
182050,1
182051,1
182052,0
182053,2
182054,1
182055,1
182056,2
182057,1
182058,0
182059,2
182060,1
182061,2
182062,1
182063,1
182064,2
182065,1
182066,1
182067,1
182068,1
182069,1
182070,0
182071,1
182072,2
182073,2
182074,1
182075,2
182076,0
182077,1
182078,1
182079,2
182080,2
182081,1
182082,1
182083,1
182084,1
182085,1
182086,2
182087,1
182088,2
182089,1
182090,0
182091,2
182092,2
182093,0
182094,2
182095,1
182096,1
182097,1
182098,2
182099,2
182100,1
182101,0
182102,2
182103,2
182104,2
182105,0
182106,0
182107,0
182108,2
182109,2
182110,2
182111,1
182112,1
182113,2
182114,2
182115,1
182116,2
182117,2
182118,0
182119,0
182120,2
182121,0
182122,1
182123,2
182124,2
182125,2
182126,1
182127,2
182128,0
182129,1
182130,2
182131,1
182132,2
182133,1
182134,1
182135,0
182136,2
182137,1
182138,2
182139,1
182140,2
182141,2
182142,1
182143,1
182144,2
182145,1
182146,1
182147,1
182148,2
182149,1
182150,1
182151,1
182152,1
182153,0
182154,1
182155,2
182156,2
182157,1
182158,2
182159,1
182160,0
182161,1
182162,2
182163,0
182164,2
182165,1
182166,0
182167,1
182168,1
182169,1
182170,2
182171,1
182172,1
182173,2
182174,1
182175,0
182176,2
182177,0
182178,2
182179,2
182180,1
182181,1
182182,2
182183,1
182184,2
182185,2
182186,1
182187,1
182188,0
182189,2
182190,2
182191,2
182192,2
182193,2
182194,1
182195,1
182196,0
182197,2
182198,2
182199,1
182200,1
182201,0
182202,1
182203,0
182204,2
182205,2
182206,1
182207,0
182208,2
182209,1
182210,0
182211,1
182212,2
182213,2
182214,0
182215,2
182216,1
182217,0
182218,2
182219,1
182220,0
182221,0
182222,0
182223,0
182224,0
182225,0
182226,2
182227,2
182228,0
182229,2
182230,1
182231,1
182232,0
182233,2
182234,2
182235,1
182236,2
182237,1
182238,2
182239,2
182240,2
182241,1
182242,2
182243,0
182244,0
182245,0
182246,0
182247,0
182248,1
182249,1
182250,0
182251,0
182252,1
182253,2
182254,0
182255,1
182256,2
182257,0
182258,0
182259,1
182260,2
182261,2
182262,0
182263,2
182264,2
182265,2
182266,1
182267,2
182268,0
182269,2
182270,1
182271,2
182272,1
182273,1
182274,2
182275,2
182276,2
182277,1
182278,1
182279,2
182280,0
182281,2
182282,1
182283,0
182284,2
182285,2
182286,1
182287,0
182288,1
182289,2
182290,2
182291,2
182292,1
182293,1
182294,0
182295,2
182296,0
182297,0
182298,2
182299,2
182300,2
182301,0
182302,2
182303,0
182304,1
182305,2
182306,1
182307,2
182308,1
182309,2
182310,1
182311,0
182312,2
182313,0
182314,2
182315,1
182316,1
182317,1
182318,2
182319,2
182320,1
182321,2
182322,1
182323,2
182324,2
182325,2
182326,0
182327,0
182328,0
182329,2
182330,2
182331,2
182332,2
182333,1
182334,0
182335,1
182336,2
182337,0
182338,2
182339,2
182340,2
182341,1
182342,0
182343,1
182344,2
182345,1
182346,2
182347,1
182348,0
182349,2
182350,2
182351,1
182352,1
182353,0
182354,0
182355,1
182356,1
182357,0
182358,2
182359,1
182360,2
182361,2
182362,0
182363,1
182364,0
182365,2
182366,2
182367,2
182368,2
182369,0
182370,0
182371,2
182372,1
182373,2
182374,1
182375,0
182376,1
182377,1
182378,1
182379,0
182380,1
182381,2
182382,2
182383,1
182384,2
182385,2
182386,2
182387,2
182388,1
182389,0
182390,2
182391,2
182392,2
182393,2
182394,2
182395,2
182396,2
182397,0
182398,2
182399,1
182400,2
182401,1
182402,1
182403,1
182404,1
182405,2
182406,0
182407,2
182408,2
182409,0
182410,1
182411,2
182412,2
182413,1
182414,1
182415,2
182416,2
182417,1
182418,1
182419,2
182420,2
182421,2
182422,2
182423,1
182424,0
182425,2
182426,1
182427,2
182428,2
182429,2
182430,2
182431,2
182432,2
182433,1
182434,2
182435,2
182436,1
182437,1
182438,0
182439,1
182440,2
182441,1
182442,0
182443,2
182444,2
182445,1
182446,0
182447,1
182448,0
182449,0
182450,1
182451,2
182452,2
182453,1
182454,0
182455,1
182456,0
182457,0
182458,1
182459,2
182460,2
182461,2
182462,1
182463,1
182464,0
182465,0
182466,1
182467,2
182468,1
182469,2
182470,2
182471,2
182472,2
182473,2
182474,2
182475,2
182476,2
182477,1
182478,2
182479,2
182480,1
182481,1
182482,2
182483,2
182484,2
182485,1
182486,2
182487,2
182488,0
182489,2
182490,0
182491,2
182492,1
182493,2
182494,1
182495,1
182496,2
182497,2
182498,0
182499,0
182500,2
182501,2
182502,0
182503,2
182504,1
182505,0
182506,1
182507,1
182508,2
182509,2
182510,2
182511,2
182512,0
182513,0
182514,1
182515,0
182516,1
182517,1
182518,0
182519,2
182520,1
182521,1
182522,2
182523,2
182524,1
182525,1
182526,2
182527,1
182528,0
182529,1
182530,0
182531,1
182532,2
182533,2
182534,1
182535,2
182536,2
182537,2
182538,0
182539,2
182540,1
182541,0
182542,1
182543,1
182544,2
182545,0
182546,1
182547,1
182548,1
182549,2
182550,1
182551,2
182552,2
182553,0
182554,2
182555,1
182556,2
182557,0
182558,1
182559,2
182560,1
182561,2
182562,1
182563,2
182564,1
182565,2
182566,2
182567,1
182568,1
182569,0
182570,1
182571,2
182572,2
182573,2
182574,0
182575,2
182576,1
182577,1
182578,0
182579,1
182580,2
182581,1
182582,1
182583,2
182584,1
182585,1
182586,1
182587,1
182588,2
182589,0
182590,1
182591,1
182592,2
182593,2
182594,0
182595,2
182596,0
182597,2
182598,1
182599,1
182600,2
182601,2
182602,1
182603,1
182604,2
182605,1
182606,2
182607,1
182608,2
182609,1
182610,1
182611,0
182612,1
182613,2
182614,1
182615,2
182616,1
182617,2
182618,0
182619,1
182620,2
182621,1
182622,1
182623,2
182624,2
182625,1
182626,1
182627,1
182628,2
182629,0
182630,1
182631,0
182632,0
182633,2
182634,1
182635,1
182636,2
182637,2
182638,1
182639,2
182640,2
182641,2
182642,0
182643,1
182644,0
182645,1
182646,1
182647,0
182648,0
182649,1
182650,1
182651,2
182652,0
182653,0
182654,1
182655,1
182656,0
182657,2
182658,2
182659,1
182660,2
182661,0
182662,1
182663,1
182664,2
182665,1
182666,2
182667,2
182668,1
182669,0
182670,2
182671,1
182672,1
182673,2
182674,2
182675,0
182676,1
182677,1
182678,2
182679,1
182680,2
182681,1
182682,1
182683,1
182684,0
182685,2
182686,2
182687,1
182688,2
182689,2
182690,0
182691,2
182692,1
182693,0
182694,2
182695,2
182696,2
182697,2
182698,2
182699,2
182700,0
182701,1
182702,2
182703,1
182704,2
182705,2
182706,1
182707,0
182708,0
182709,0
182710,0
182711,1
182712,0
182713,1
182714,1
182715,1
182716,2
182717,2
182718,0
182719,2
182720,1
182721,0
182722,1
182723,2
182724,2
182725,2
182726,0
182727,2
182728,1
182729,0
182730,1
182731,0
182732,1
182733,0
182734,1
182735,0
182736,2
182737,0
182738,0
182739,2
182740,2
182741,2
182742,1
182743,2
182744,0
182745,0
182746,2
182747,0
182748,2
182749,1
182750,0
182751,2
182752,2
182753,1
182754,2
182755,2
182756,1
182757,2
182758,0
182759,0
182760,0
182761,2
182762,2
182763,1
182764,2
182765,0
182766,2
182767,0
182768,1
182769,1
182770,0
182771,1
182772,1
182773,1
182774,1
182775,2
182776,1
182777,2
182778,1
182779,0
182780,2
182781,2
182782,1
182783,1
182784,1
182785,0
182786,2
182787,1
182788,1
182789,2
182790,1
182791,2
182792,2
182793,2
182794,2
182795,2
182796,0
182797,1
182798,1
182799,2
182800,2
182801,0
182802,2
182803,0
182804,2
182805,2
182806,1
182807,2
182808,2
182809,1
182810,0
182811,2
182812,2
182813,2
182814,2
182815,0
182816,0
182817,2
182818,1
182819,0
182820,0
182821,2
182822,2
182823,2
182824,0
182825,1
182826,0
182827,2
182828,1
182829,0
182830,1
182831,2
182832,2
182833,2
182834,0
182835,2
182836,1
182837,1
182838,0
182839,2
182840,1
182841,1
182842,2
182843,1
182844,1
182845,1
182846,2
182847,2
182848,2
182849,1
182850,2
182851,0
182852,1
182853,2
182854,1
182855,0
182856,1
182857,2
182858,1
182859,0
182860,1
182861,0
182862,0
182863,2
182864,0
182865,1
182866,1
182867,2
182868,0
182869,1
182870,1
182871,2
182872,2
182873,0
182874,1
182875,2
182876,1
182877,1
182878,0
182879,2
182880,1
182881,1
182882,2
182883,2
182884,2
182885,2
182886,2
182887,2
182888,1
182889,2
182890,2
182891,1
182892,1
182893,2
182894,2
182895,2
182896,1
182897,0
182898,2
182899,2
182900,0
182901,0
182902,2
182903,1
182904,2
182905,1
182906,0
182907,2
182908,2
182909,1
182910,1
182911,2
182912,2
182913,0
182914,2
182915,0
182916,2
182917,1
182918,2
182919,1
182920,2
182921,0
182922,1
182923,0
182924,0
182925,1
182926,0
182927,1
182928,0
182929,1
182930,1
182931,1
182932,1
182933,1
182934,0
182935,0
182936,2
182937,1
182938,0
182939,2
182940,2
182941,2
182942,2
182943,2
182944,0
182945,0
182946,2
182947,1
182948,1
182949,0
182950,2
182951,2
182952,2
182953,0
182954,1
182955,1
182956,2
182957,0
182958,2
182959,2
182960,0
182961,1
182962,2
182963,2
182964,0
182965,0
182966,1
182967,2
182968,0
182969,1
182970,0
182971,2
182972,1
182973,2
182974,0
182975,2
182976,2
182977,1
182978,1
182979,1
182980,2
182981,0
182982,0
182983,0
182984,2
182985,0
182986,2
182987,0
182988,1
182989,2
182990,2
182991,1
182992,2
182993,0
182994,0
182995,2
182996,1
182997,1
182998,2
182999,1
183000,2
183001,1
183002,2
183003,2
183004,1
183005,2
183006,2
183007,2
183008,1
183009,1
183010,0
183011,2
183012,0
183013,2
183014,1
183015,2
183016,1
183017,2
183018,2
183019,1
183020,0
183021,1
183022,2
183023,1
183024,1
183025,2
183026,2
183027,1
183028,2
183029,1
183030,1
183031,1
183032,1
183033,2
183034,1
183035,0
183036,1
183037,2
183038,1
183039,0
183040,2
183041,2
183042,2
183043,1
183044,2
183045,0
183046,0
183047,1
183048,2
183049,1
183050,1
183051,2
183052,1
183053,0
183054,2
183055,1
183056,2
183057,2
183058,2
183059,2
183060,1
183061,1
183062,1
183063,1
183064,1
183065,1
183066,2
183067,1
183068,2
183069,2
183070,0
183071,2
183072,2
183073,2
183074,1
183075,0
183076,1
183077,1
183078,1
183079,2
183080,1
183081,2
183082,1
183083,2
183084,0
183085,0
183086,1
183087,0
183088,0
183089,1
183090,2
183091,2
183092,1
183093,0
183094,2
183095,1
183096,1
183097,2
183098,2
183099,2
183100,0
183101,2
183102,2
183103,1
183104,1
183105,1
183106,1
183107,2
183108,2
183109,1
183110,2
183111,2
183112,0
183113,0
183114,0
183115,0
183116,2
183117,2
183118,2
183119,2
183120,2
183121,2
183122,2
183123,0
183124,0
183125,0
183126,2
183127,0
183128,2
183129,1
183130,1
183131,2
183132,0
183133,2
183134,0
183135,0
183136,2
183137,1
183138,2
183139,2
183140,0
183141,1
183142,1
183143,2
183144,1
183145,0
183146,2
183147,1
183148,0
183149,0
183150,0
183151,1
183152,2
183153,1
183154,0
183155,2
183156,2
183157,2
183158,0
183159,2
183160,1
183161,2
183162,1
183163,1
183164,1
183165,2
183166,1
183167,2
183168,1
183169,0
183170,0
183171,1
183172,0
183173,1
183174,1
183175,2
183176,2
183177,1
183178,2
183179,0
183180,2
183181,0
183182,2
183183,1
183184,1
183185,2
183186,2
183187,1
183188,2
183189,0
183190,2
183191,1
183192,1
183193,2
183194,0
183195,0
183196,1
183197,2
183198,2
183199,2
183200,0
183201,1
183202,2
183203,2
183204,1
183205,0
183206,1
183207,1
183208,1
183209,0
183210,1
183211,0
183212,1
183213,2
183214,2
183215,1
183216,2
183217,0
183218,2
183219,2
183220,2
183221,1
183222,2
183223,2
183224,1
183225,0
183226,2
183227,0
183228,1
183229,2
183230,2
183231,2
183232,0
183233,1
183234,2
183235,2
183236,2
183237,0
183238,1
183239,2
183240,2
183241,2
183242,2
183243,2
183244,1
183245,1
183246,2
183247,1
183248,1
183249,2
183250,2
183251,1
183252,2
183253,2
183254,2
183255,1
183256,1
183257,1
183258,1
183259,2
183260,2
183261,2
183262,1
183263,1
183264,1
183265,1
183266,1
183267,2
183268,1
183269,2
183270,1
183271,2
183272,0
183273,1
183274,0
183275,2
183276,1
183277,1
183278,2
183279,2
183280,2
183281,2
183282,2
183283,0
183284,2
183285,2
183286,0
183287,1
183288,2
183289,1
183290,1
183291,2
183292,2
183293,0
183294,1
183295,1
183296,2
183297,1
183298,1
183299,1
183300,1
183301,0
183302,0
183303,0
183304,2
183305,2
183306,2
183307,0
183308,0
183309,1
183310,2
183311,0
183312,2
183313,2
183314,0
183315,0
183316,2
183317,2
183318,2
183319,1
183320,2
183321,2
183322,2
183323,2
183324,2
183325,1
183326,0
183327,0
183328,0
183329,0
183330,1
183331,1
183332,1
183333,1
183334,2
183335,2
183336,1
183337,1
183338,0
183339,0
183340,2
183341,2
183342,1
183343,2
183344,0
183345,2
183346,2
183347,1
183348,2
183349,1
183350,1
183351,1
183352,1
183353,2
183354,2
183355,1
183356,1
183357,2
183358,1
183359,0
183360,2
183361,1
183362,1
183363,1
183364,0
183365,0
183366,1
183367,0
183368,0
183369,1
183370,1
183371,0
183372,0
183373,2
183374,2
183375,2
183376,2
183377,1
183378,1
183379,2
183380,2
183381,1
183382,1
183383,2
183384,2
183385,2
183386,0
183387,1
183388,2
183389,1
183390,2
183391,1
183392,1
183393,1
183394,2
183395,1
183396,1
183397,0
183398,2
183399,1
183400,2
183401,2
183402,2
183403,2
183404,2
183405,2
183406,1
183407,1
183408,1
183409,0
183410,1
183411,1
183412,1
183413,1
183414,0
183415,0
183416,1
183417,1
183418,1
183419,2
183420,1
183421,1
183422,0
183423,2
183424,0
183425,0
183426,2
183427,0
183428,2
183429,2
183430,1
183431,2
183432,2
183433,2
183434,2
183435,1
183436,2
183437,0
183438,2
183439,0
183440,2
183441,0
183442,1
183443,0
183444,0
183445,1
183446,1
183447,0
183448,1
183449,1
183450,2
183451,0
183452,1
183453,2
183454,1
183455,1
183456,0
183457,1
183458,2
183459,1
183460,2
183461,1
183462,2
183463,1
183464,1
183465,2
183466,1
183467,2
183468,2
183469,1
183470,2
183471,1
183472,2
183473,2
183474,2
183475,1
183476,1
183477,1
183478,2
183479,2
183480,2
183481,2
183482,0
183483,0
183484,1
183485,1
183486,2
183487,1
183488,0
183489,2
183490,0
183491,2
183492,2
183493,1
183494,1
183495,2
183496,1
183497,0
183498,2
183499,0
183500,0
183501,0
183502,2
183503,2
183504,0
183505,0
183506,2
183507,0
183508,1
183509,2
183510,1
183511,2
183512,2
183513,1
183514,0
183515,2
183516,1
183517,1
183518,1
183519,0
183520,2
183521,2
183522,0
183523,0
183524,2
183525,2
183526,2
183527,0
183528,2
183529,1
183530,2
183531,1
183532,1
183533,1
183534,2
183535,2
183536,2
183537,1
183538,1
183539,1
183540,2
183541,2
183542,2
183543,2
183544,1
183545,2
183546,0
183547,2
183548,2
183549,1
183550,2
183551,1
183552,0
183553,1
183554,1
183555,2
183556,2
183557,1
183558,2
183559,2
183560,2
183561,0
183562,1
183563,2
183564,1
183565,1
183566,1
183567,2
183568,2
183569,1
183570,1
183571,0
183572,1
183573,1
183574,0
183575,1
183576,0
183577,0
183578,0
183579,1
183580,2
183581,1
183582,1
183583,2
183584,0
183585,1
183586,1
183587,1
183588,1
183589,0
183590,2
183591,1
183592,2
183593,1
183594,2
183595,1
183596,2
183597,1
183598,2
183599,2
183600,1
183601,0
183602,0
183603,1
183604,0
183605,2
183606,1
183607,1
183608,1
183609,2
183610,1
183611,2
183612,1
183613,2
183614,0
183615,1
183616,2
183617,1
183618,1
183619,1
183620,2
183621,0
183622,2
183623,1
183624,0
183625,1
183626,0
183627,2
183628,1
183629,0
183630,1
183631,1
183632,1
183633,0
183634,0
183635,0
183636,2
183637,2
183638,2
183639,2
183640,2
183641,2
183642,1
183643,0
183644,2
183645,2
183646,2
183647,1
183648,2
183649,0
183650,0
183651,1
183652,1
183653,1
183654,2
183655,2
183656,2
183657,1
183658,2
183659,2
183660,2
183661,1
183662,0
183663,1
183664,1
183665,0
183666,2
183667,2
183668,0
183669,1
183670,2
183671,2
183672,2
183673,2
183674,0
183675,2
183676,2
183677,1
183678,1
183679,2
183680,2
183681,2
183682,1
183683,0
183684,1
183685,1
183686,2
183687,1
183688,0
183689,1
183690,1
183691,1
183692,2
183693,1
183694,0
183695,2
183696,1
183697,2
183698,1
183699,0
183700,1
183701,2
183702,0
183703,0
183704,1
183705,1
183706,2
183707,2
183708,2
183709,2
183710,2
183711,2
183712,1
183713,2
183714,1
183715,1
183716,2
183717,2
183718,0
183719,1
183720,1
183721,1
183722,0
183723,2
183724,2
183725,2
183726,2
183727,1
183728,2
183729,2
183730,0
183731,2
183732,1
183733,0
183734,2
183735,2
183736,1
183737,1
183738,2
183739,2
183740,0
183741,1
183742,1
183743,1
183744,1
183745,2
183746,2
183747,2
183748,0
183749,2
183750,2
183751,2
183752,2
183753,2
183754,1
183755,1
183756,1
183757,1
183758,0
183759,1
183760,2
183761,0
183762,2
183763,1
183764,2
183765,1
183766,0
183767,1
183768,2
183769,0
183770,0
183771,2
183772,1
183773,0
183774,2
183775,2
183776,2
183777,0
183778,0
183779,1
183780,0
183781,2
183782,2
183783,0
183784,1
183785,1
183786,0
183787,2
183788,1
183789,1
183790,2
183791,1
183792,0
183793,1
183794,0
183795,2
183796,0
183797,2
183798,2
183799,0
183800,1
183801,2
183802,2
183803,2
183804,2
183805,1
183806,2
183807,1
183808,0
183809,1
183810,2
183811,0
183812,1
183813,2
183814,2
183815,0
183816,2
183817,1
183818,1
183819,2
183820,2
183821,2
183822,1
183823,2
183824,1
183825,0
183826,2
183827,0
183828,1
183829,2
183830,2
183831,1
183832,2
183833,2
183834,2
183835,1
183836,1
183837,2
183838,1
183839,1
183840,1
183841,2
183842,2
183843,2
183844,1
183845,1
183846,2
183847,0
183848,2
183849,2
183850,1
183851,0
183852,2
183853,0
183854,2
183855,1
183856,2
183857,2
183858,2
183859,1
183860,1
183861,1
183862,1
183863,2
183864,1
183865,2
183866,2
183867,2
183868,1
183869,2
183870,1
183871,0
183872,1
183873,1
183874,0
183875,0
183876,1
183877,0
183878,1
183879,0
183880,1
183881,2
183882,1
183883,1
183884,0
183885,1
183886,1
183887,0
183888,1
183889,0
183890,0
183891,1
183892,2
183893,2
183894,0
183895,2
183896,1
183897,0
183898,1
183899,2
183900,1
183901,0
183902,2
183903,2
183904,2
183905,2
183906,1
183907,2
183908,2
183909,2
183910,1
183911,1
183912,1
183913,2
183914,2
183915,2
183916,2
183917,2
183918,1
183919,1
183920,2
183921,1
183922,2
183923,2
183924,1
183925,1
183926,2
183927,1
183928,1
183929,1
183930,2
183931,1
183932,1
183933,1
183934,0
183935,1
183936,2
183937,1
183938,2
183939,0
183940,1
183941,0
183942,2
183943,2
183944,0
183945,2
183946,1
183947,0
183948,1
183949,0
183950,0
183951,1
183952,2
183953,0
183954,1
183955,2
183956,2
183957,2
183958,2
183959,1
183960,2
183961,0
183962,2
183963,1
183964,1
183965,1
183966,0
183967,1
183968,0
183969,0
183970,2
183971,2
183972,1
183973,2
183974,2
183975,2
183976,0
183977,2
183978,1
183979,2
183980,1
183981,2
183982,2
183983,2
183984,2
183985,0
183986,2
183987,1
183988,1
183989,1
183990,2
183991,2
183992,0
183993,2
183994,1
183995,1
183996,1
183997,1
183998,1
183999,2
184000,0
184001,0
184002,1
184003,2
184004,0
184005,2
184006,0
184007,0
184008,1
184009,0
184010,2
184011,1
184012,2
184013,1
184014,2
184015,2
184016,1
184017,1
184018,2
184019,2
184020,0
184021,0
184022,0
184023,2
184024,2
184025,2
184026,2
184027,1
184028,1
184029,1
184030,2
184031,2
184032,0
184033,2
184034,0
184035,2
184036,0
184037,2
184038,2
184039,1
184040,0
184041,0
184042,2
184043,2
184044,2
184045,2
184046,2
184047,1
184048,2
184049,1
184050,1
184051,0
184052,2
184053,1
184054,2
184055,2
184056,1
184057,2
184058,2
184059,0
184060,2
184061,1
184062,2
184063,2
184064,0
184065,0
184066,2
184067,1
184068,2
184069,2
184070,1
184071,0
184072,1
184073,0
184074,2
184075,1
184076,2
184077,2
184078,0
184079,0
184080,1
184081,1
184082,0
184083,1
184084,0
184085,1
184086,2
184087,2
184088,2
184089,2
184090,1
184091,1
184092,2
184093,0
184094,1
184095,1
184096,0
184097,2
184098,2
184099,1
184100,1
184101,1
184102,2
184103,2
184104,2
184105,1
184106,1
184107,1
184108,0
184109,2
184110,1
184111,1
184112,0
184113,2
184114,1
184115,2
184116,0
184117,2
184118,0
184119,2
184120,1
184121,2
184122,1
184123,0
184124,1
184125,1
184126,0
184127,0
184128,1
184129,1
184130,1
184131,2
184132,1
184133,0
184134,0
184135,0
184136,0
184137,1
184138,2
184139,2
184140,1
184141,2
184142,0
184143,1
184144,1
184145,2
184146,0
184147,1
184148,2
184149,2
184150,0
184151,0
184152,1
184153,0
184154,1
184155,1
184156,1
184157,0
184158,1
184159,1
184160,1
184161,0
184162,2
184163,2
184164,0
184165,1
184166,1
184167,0
184168,2
184169,0
184170,1
184171,0
184172,2
184173,2
184174,1
184175,2
184176,1
184177,0
184178,2
184179,1
184180,0
184181,1
184182,1
184183,2
184184,0
184185,0
184186,2
184187,2
184188,1
184189,0
184190,0
184191,1
184192,1
184193,2
184194,1
184195,2
184196,1
184197,1
184198,0
184199,1
184200,1
184201,2
184202,1
184203,1
184204,1
184205,2
184206,2
184207,0
184208,2
184209,2
184210,1
184211,1
184212,2
184213,1
184214,0
184215,1
184216,2
184217,1
184218,0
184219,2
184220,0
184221,1
184222,0
184223,1
184224,1
184225,0
184226,2
184227,1
184228,2
184229,1
184230,2
184231,1
184232,0
184233,2
184234,2
184235,0
184236,1
184237,2
184238,0
184239,1
184240,0
184241,2
184242,1
184243,1
184244,1
184245,2
184246,2
184247,0
184248,0
184249,1
184250,2
184251,2
184252,1
184253,1
184254,1
184255,0
184256,1
184257,2
184258,2
184259,1
184260,2
184261,1
184262,2
184263,1
184264,1
184265,0
184266,1
184267,2
184268,1
184269,1
184270,2
184271,2
184272,2
184273,2
184274,0
184275,1
184276,2
184277,2
184278,0
184279,2
184280,1
184281,1
184282,2
184283,0
184284,0
184285,0
184286,2
184287,2
184288,0
184289,2
184290,0
184291,2
184292,1
184293,1
184294,1
184295,0
184296,2
184297,2
184298,0
184299,2
184300,0
184301,2
184302,1
184303,0
184304,2
184305,2
184306,0
184307,2
184308,2
184309,2
184310,2
184311,2
184312,2
184313,2
184314,2
184315,0
184316,1
184317,2
184318,1
184319,1
184320,2
184321,0
184322,1
184323,1
184324,1
184325,0
184326,1
184327,1
184328,0
184329,2
184330,0
184331,1
184332,2
184333,1
184334,0
184335,1
184336,2
184337,1
184338,1
184339,2
184340,2
184341,2
184342,1
184343,2
184344,2
184345,0
184346,2
184347,0
184348,1
184349,1
184350,2
184351,2
184352,1
184353,0
184354,1
184355,1
184356,2
184357,2
184358,2
184359,2
184360,2
184361,1
184362,2
184363,2
184364,1
184365,1
184366,1
184367,2
184368,2
184369,1
184370,2
184371,1
184372,2
184373,2
184374,2
184375,0
184376,1
184377,1
184378,0
184379,0
184380,0
184381,1
184382,2
184383,1
184384,1
184385,1
184386,1
184387,1
184388,2
184389,1
184390,0
184391,1
184392,2
184393,2
184394,1
184395,2
184396,0
184397,2
184398,0
184399,0
184400,1
184401,1
184402,1
184403,2
184404,0
184405,1
184406,1
184407,2
184408,2
184409,0
184410,2
184411,0
184412,2
184413,1
184414,1
184415,1
184416,1
184417,1
184418,0
184419,1
184420,2
184421,2
184422,0
184423,2
184424,1
184425,0
184426,2
184427,2
184428,0
184429,2
184430,2
184431,0
184432,2
184433,2
184434,0
184435,1
184436,1
184437,0
184438,1
184439,0
184440,1
184441,2
184442,1
184443,2
184444,2
184445,1
184446,0
184447,2
184448,1
184449,1
184450,1
184451,2
184452,2
184453,0
184454,1
184455,0
184456,1
184457,2
184458,2
184459,0
184460,1
184461,2
184462,2
184463,2
184464,1
184465,1
184466,2
184467,2
184468,1
184469,0
184470,2
184471,1
184472,2
184473,2
184474,2
184475,2
184476,1
184477,2
184478,2
184479,1
184480,0
184481,0
184482,0
184483,2
184484,1
184485,2
184486,1
184487,1
184488,0
184489,2
184490,0
184491,2
184492,0
184493,1
184494,2
184495,2
184496,2
184497,1
184498,1
184499,0
184500,1
184501,1
184502,2
184503,0
184504,0
184505,2
184506,2
184507,1
184508,2
184509,0
184510,2
184511,1
184512,2
184513,1
184514,0
184515,0
184516,2
184517,0
184518,0
184519,2
184520,0
184521,1
184522,1
184523,2
184524,1
184525,2
184526,2
184527,1
184528,1
184529,1
184530,1
184531,1
184532,0
184533,1
184534,0
184535,1
184536,1
184537,2
184538,1
184539,1
184540,2
184541,0
184542,1
184543,1
184544,1
184545,2
184546,0
184547,1
184548,2
184549,2
184550,1
184551,1
184552,1
184553,0
184554,2
184555,0
184556,1
184557,0
184558,2
184559,1
184560,2
184561,1
184562,0
184563,0
184564,0
184565,0
184566,1
184567,2
184568,2
184569,0
184570,1
184571,1
184572,0
184573,0
184574,0
184575,2
184576,1
184577,0
184578,0
184579,2
184580,1
184581,1
184582,0
184583,1
184584,0
184585,1
184586,1
184587,2
184588,0
184589,2
184590,1
184591,1
184592,1
184593,2
184594,1
184595,2
184596,1
184597,1
184598,0
184599,1
184600,2
184601,2
184602,1
184603,0
184604,0
184605,1
184606,0
184607,0
184608,2
184609,2
184610,0
184611,1
184612,2
184613,2
184614,2
184615,0
184616,1
184617,1
184618,0
184619,1
184620,1
184621,1
184622,0
184623,2
184624,2
184625,1
184626,2
184627,1
184628,1
184629,1
184630,1
184631,0
184632,1
184633,2
184634,2
184635,1
184636,0
184637,0
184638,0
184639,2
184640,0
184641,2
184642,1
184643,1
184644,1
184645,0
184646,0
184647,0
184648,2
184649,2
184650,1
184651,2
184652,1
184653,2
184654,0
184655,2
184656,2
184657,1
184658,2
184659,1
184660,2
184661,0
184662,0
184663,1
184664,1
184665,2
184666,2
184667,1
184668,2
184669,2
184670,0
184671,0
184672,1
184673,2
184674,0
184675,1
184676,0
184677,1
184678,0
184679,2
184680,2
184681,1
184682,0
184683,2
184684,0
184685,2
184686,1
184687,1
184688,2
184689,0
184690,0
184691,0
184692,2
184693,1
184694,2
184695,2
184696,1
184697,1
184698,0
184699,0
184700,1
184701,2
184702,0
184703,1
184704,1
184705,0
184706,1
184707,0
184708,0
184709,1
184710,1
184711,2
184712,2
184713,1
184714,1
184715,1
184716,2
184717,2
184718,2
184719,2
184720,0
184721,1
184722,1
184723,1
184724,1
184725,0
184726,0
184727,2
184728,2
184729,1
184730,0
184731,1
184732,2
184733,0
184734,2
184735,2
184736,0
184737,1
184738,0
184739,1
184740,1
184741,1
184742,2
184743,2
184744,2
184745,2
184746,1
184747,0
184748,1
184749,2
184750,1
184751,2
184752,0
184753,2
184754,0
184755,1
184756,2
184757,1
184758,2
184759,1
184760,2
184761,1
184762,2
184763,1
184764,0
184765,2
184766,2
184767,2
184768,2
184769,2
184770,1
184771,2
184772,2
184773,2
184774,2
184775,0
184776,1
184777,1
184778,0
184779,2
184780,2
184781,1
184782,2
184783,0
184784,1
184785,2
184786,1
184787,1
184788,2
184789,2
184790,0
184791,2
184792,1
184793,1
184794,2
184795,1
184796,2
184797,1
184798,2
184799,0
184800,1
184801,2
184802,2
184803,2
184804,2
184805,0
184806,0
184807,2
184808,2
184809,2
184810,1
184811,1
184812,1
184813,2
184814,2
184815,2
184816,0
184817,1
184818,0
184819,0
184820,0
184821,2
184822,2
184823,1
184824,0
184825,2
184826,1
184827,0
184828,0
184829,2
184830,1
184831,0
184832,1
184833,1
184834,2
184835,1
184836,1
184837,2
184838,2
184839,1
184840,0
184841,1
184842,2
184843,0
184844,2
184845,0
184846,1
184847,1
184848,2
184849,2
184850,2
184851,2
184852,2
184853,2
184854,2
184855,1
184856,2
184857,1
184858,2
184859,0
184860,0
184861,1
184862,2
184863,2
184864,2
184865,2
184866,0
184867,1
184868,0
184869,2
184870,0
184871,2
184872,1
184873,1
184874,0
184875,0
184876,1
184877,2
184878,2
184879,0
184880,1
184881,2
184882,1
184883,2
184884,2
184885,2
184886,2
184887,1
184888,2
184889,1
184890,1
184891,2
184892,2
184893,1
184894,2
184895,2
184896,1
184897,0
184898,2
184899,0
184900,2
184901,2
184902,1
184903,2
184904,2
184905,1
184906,1
184907,1
184908,1
184909,2
184910,0
184911,1
184912,2
184913,2
184914,2
184915,2
184916,0
184917,2
184918,2
184919,2
184920,0
184921,1
184922,1
184923,2
184924,0
184925,0
184926,0
184927,1
184928,2
184929,2
184930,1
184931,0
184932,1
184933,1
184934,1
184935,0
184936,2
184937,2
184938,0
184939,1
184940,1
184941,0
184942,2
184943,0
184944,1
184945,0
184946,1
184947,1
184948,2
184949,1
184950,1
184951,2
184952,2
184953,1
184954,0
184955,2
184956,2
184957,1
184958,2
184959,2
184960,2
184961,1
184962,0
184963,0
184964,1
184965,2
184966,1
184967,2
184968,1
184969,1
184970,1
184971,2
184972,2
184973,1
184974,0
184975,1
184976,1
184977,0
184978,1
184979,1
184980,2
184981,2
184982,2
184983,1
184984,1
184985,1
184986,0
184987,0
184988,1
184989,1
184990,2
184991,1
184992,2
184993,2
184994,2
184995,2
184996,0
184997,2
184998,2
184999,2
185000,2
185001,1
185002,2
185003,1
185004,0
185005,1
185006,2
185007,2
185008,2
185009,0
185010,2
185011,2
185012,2
185013,0
185014,0
185015,1
185016,1
185017,2
185018,2
185019,1
185020,2
185021,1
185022,2
185023,2
185024,2
185025,1
185026,1
185027,2
185028,1
185029,1
185030,1
185031,2
185032,0
185033,0
185034,2
185035,1
185036,2
185037,0
185038,1
185039,1
185040,0
185041,2
185042,1
185043,1
185044,2
185045,2
185046,1
185047,2
185048,1
185049,1
185050,1
185051,0
185052,1
185053,0
185054,1
185055,2
185056,1
185057,1
185058,2
185059,0
185060,2
185061,0
185062,1
185063,2
185064,2
185065,0
185066,2
185067,1
185068,1
185069,2
185070,1
185071,1
185072,1
185073,1
185074,0
185075,0
185076,0
185077,2
185078,2
185079,2
185080,1
185081,2
185082,1
185083,2
185084,2
185085,0
185086,1
185087,2
185088,1
185089,0
185090,2
185091,1
185092,2
185093,1
185094,2
185095,2
185096,2
185097,2
185098,2
185099,0
185100,1
185101,1
185102,2
185103,2
185104,2
185105,0
185106,0
185107,2
185108,1
185109,1
185110,2
185111,1
185112,0
185113,1
185114,2
185115,2
185116,2
185117,1
185118,2
185119,2
185120,2
185121,2
185122,2
185123,2
185124,2
185125,2
185126,0
185127,0
185128,1
185129,0
185130,1
185131,2
185132,2
185133,1
185134,1
185135,2
185136,2
185137,2
185138,0
185139,2
185140,1
185141,2
185142,0
185143,0
185144,1
185145,2
185146,0
185147,2
185148,1
185149,2
185150,0
185151,1
185152,0
185153,2
185154,1
185155,1
185156,0
185157,1
185158,1
185159,2
185160,2
185161,1
185162,1
185163,2
185164,1
185165,1
185166,1
185167,1
185168,2
185169,1
185170,0
185171,1
185172,1
185173,2
185174,2
185175,1
185176,0
185177,2
185178,2
185179,0
185180,1
185181,1
185182,2
185183,2
185184,1
185185,0
185186,2
185187,0
185188,2
185189,1
185190,1
185191,0
185192,1
185193,1
185194,2
185195,1
185196,2
185197,0
185198,2
185199,0
185200,2
185201,2
185202,2
185203,1
185204,1
185205,1
185206,0
185207,2
185208,2
185209,2
185210,2
185211,2
185212,2
185213,0
185214,2
185215,2
185216,2
185217,2
185218,1
185219,1
185220,1
185221,1
185222,0
185223,1
185224,2
185225,0
185226,1
185227,2
185228,2
185229,2
185230,2
185231,1
185232,0
185233,2
185234,1
185235,0
185236,1
185237,1
185238,1
185239,2
185240,1
185241,2
185242,0
185243,0
185244,2
185245,2
185246,1
185247,1
185248,2
185249,0
185250,2
185251,2
185252,0
185253,1
185254,0
185255,2
185256,2
185257,2
185258,2
185259,2
185260,1
185261,1
185262,1
185263,2
185264,1
185265,0
185266,2
185267,1
185268,2
185269,2
185270,0
185271,1
185272,1
185273,2
185274,1
185275,0
185276,2
185277,0
185278,2
185279,2
185280,2
185281,2
185282,2
185283,1
185284,1
185285,1
185286,1
185287,1
185288,2
185289,2
185290,1
185291,2
185292,2
185293,1
185294,2
185295,1
185296,2
185297,1
185298,2
185299,1
185300,1
185301,1
185302,0
185303,1
185304,2
185305,1
185306,1
185307,2
185308,2
185309,2
185310,1
185311,1
185312,2
185313,2
185314,2
185315,1
185316,0
185317,2
185318,2
185319,1
185320,1
185321,2
185322,0
185323,0
185324,1
185325,1
185326,2
185327,0
185328,0
185329,1
185330,1
185331,1
185332,1
185333,0
185334,0
185335,0
185336,1
185337,0
185338,2
185339,1
185340,1
185341,1
185342,0
185343,2
185344,2
185345,0
185346,0
185347,0
185348,2
185349,0
185350,2
185351,0
185352,0
185353,2
185354,2
185355,0
185356,0
185357,0
185358,2
185359,2
185360,0
185361,1
185362,1
185363,1
185364,2
185365,2
185366,2
185367,0
185368,1
185369,2
185370,0
185371,2
185372,2
185373,0
185374,1
185375,0
185376,0
185377,2
185378,1
185379,2
185380,2
185381,2
185382,2
185383,2
185384,1
185385,1
185386,1
185387,2
185388,1
185389,2
185390,2
185391,1
185392,1
185393,0
185394,0
185395,1
185396,2
185397,1
185398,0
185399,1
185400,2
185401,1
185402,0
185403,1
185404,2
185405,2
185406,2
185407,2
185408,1
185409,1
185410,1
185411,1
185412,1
185413,0
185414,2
185415,1
185416,1
185417,2
185418,2
185419,1
185420,0
185421,0
185422,1
185423,2
185424,2
185425,1
185426,2
185427,0
185428,1
185429,0
185430,2
185431,1
185432,2
185433,2
185434,2
185435,2
185436,1
185437,0
185438,1
185439,1
185440,0
185441,0
185442,1
185443,2
185444,0
185445,0
185446,1
185447,0
185448,1
185449,1
185450,2
185451,1
185452,0
185453,0
185454,0
185455,2
185456,1
185457,1
185458,1
185459,1
185460,0
185461,2
185462,1
185463,0
185464,2
185465,0
185466,0
185467,1
185468,2
185469,0
185470,2
185471,2
185472,2
185473,2
185474,2
185475,1
185476,0
185477,1
185478,1
185479,0
185480,2
185481,0
185482,0
185483,1
185484,2
185485,1
185486,1
185487,0
185488,1
185489,2
185490,1
185491,0
185492,1
185493,0
185494,2
185495,2
185496,2
185497,0
185498,2
185499,2
185500,1
185501,2
185502,2
185503,0
185504,2
185505,2
185506,2
185507,0
185508,2
185509,2
185510,1
185511,1
185512,1
185513,1
185514,2
185515,0
185516,0
185517,1
185518,2
185519,2
185520,2
185521,1
185522,0
185523,2
185524,1
185525,1
185526,0
185527,0
185528,2
185529,2
185530,2
185531,0
185532,2
185533,2
185534,0
185535,0
185536,1
185537,1
185538,0
185539,1
185540,1
185541,1
185542,0
185543,2
185544,2
185545,2
185546,1
185547,2
185548,1
185549,0
185550,0
185551,2
185552,2
185553,0
185554,2
185555,2
185556,2
185557,2
185558,0
185559,2
185560,1
185561,2
185562,2
185563,2
185564,1
185565,1
185566,2
185567,2
185568,2
185569,1
185570,2
185571,1
185572,2
185573,0
185574,1
185575,1
185576,2
185577,0
185578,2
185579,2
185580,2
185581,2
185582,0
185583,2
185584,2
185585,0
185586,1
185587,0
185588,1
185589,2
185590,2
185591,0
185592,2
185593,1
185594,2
185595,2
185596,1
185597,2
185598,1
185599,2
185600,1
185601,1
185602,2
185603,0
185604,2
185605,1
185606,0
185607,2
185608,2
185609,0
185610,1
185611,1
185612,2
185613,2
185614,1
185615,1
185616,1
185617,0
185618,0
185619,0
185620,1
185621,1
185622,1
185623,2
185624,0
185625,2
185626,1
185627,2
185628,0
185629,2
185630,1
185631,2
185632,1
185633,1
185634,1
185635,0
185636,1
185637,0
185638,1
185639,1
185640,1
185641,2
185642,1
185643,0
185644,0
185645,1
185646,2
185647,2
185648,1
185649,0
185650,0
185651,2
185652,1
185653,0
185654,2
185655,2
185656,1
185657,2
185658,0
185659,2
185660,1
185661,1
185662,0
185663,1
185664,2
185665,2
185666,1
185667,2
185668,2
185669,0
185670,1
185671,0
185672,0
185673,0
185674,2
185675,1
185676,1
185677,0
185678,0
185679,1
185680,1
185681,2
185682,1
185683,0
185684,2
185685,0
185686,1
185687,2
185688,0
185689,2
185690,2
185691,2
185692,1
185693,1
185694,0
185695,0
185696,1
185697,1
185698,2
185699,2
185700,1
185701,1
185702,0
185703,2
185704,2
185705,1
185706,2
185707,0
185708,2
185709,2
185710,2
185711,1
185712,2
185713,2
185714,1
185715,2
185716,1
185717,2
185718,2
185719,2
185720,1
185721,1
185722,1
185723,1
185724,1
185725,1
185726,1
185727,1
185728,1
185729,2
185730,1
185731,1
185732,0
185733,2
185734,2
185735,0
185736,1
185737,2
185738,1
185739,0
185740,2
185741,2
185742,1
185743,0
185744,0
185745,1
185746,2
185747,2
185748,0
185749,1
185750,2
185751,2
185752,0
185753,1
185754,2
185755,1
185756,1
185757,0
185758,1
185759,1
185760,2
185761,1
185762,2
185763,1
185764,1
185765,2
185766,1
185767,2
185768,0
185769,1
185770,0
185771,0
185772,1
185773,2
185774,1
185775,1
185776,0
185777,0
185778,2
185779,2
185780,0
185781,2
185782,2
185783,1
185784,1
185785,1
185786,1
185787,2
185788,0
185789,2
185790,2
185791,0
185792,0
185793,1
185794,2
185795,1
185796,1
185797,2
185798,1
185799,0
185800,0
185801,2
185802,2
185803,2
185804,2
185805,2
185806,2
185807,0
185808,1
185809,1
185810,0
185811,2
185812,2
185813,0
185814,1
185815,1
185816,2
185817,2
185818,2
185819,1
185820,1
185821,0
185822,2
185823,0
185824,1
185825,2
185826,2
185827,2
185828,0
185829,2
185830,2
185831,1
185832,2
185833,1
185834,0
185835,2
185836,2
185837,0
185838,1
185839,2
185840,2
185841,2
185842,2
185843,2
185844,2
185845,2
185846,2
185847,0
185848,0
185849,0
185850,0
185851,1
185852,1
185853,2
185854,1
185855,1
185856,2
185857,1
185858,2
185859,1
185860,1
185861,0
185862,1
185863,0
185864,2
185865,2
185866,1
185867,1
185868,2
185869,1
185870,2
185871,1
185872,2
185873,1
185874,1
185875,1
185876,1
185877,0
185878,1
185879,1
185880,2
185881,2
185882,0
185883,1
185884,0
185885,2
185886,2
185887,2
185888,1
185889,2
185890,2
185891,0
185892,1
185893,2
185894,1
185895,2
185896,1
185897,0
185898,1
185899,2
185900,2
185901,1
185902,2
185903,1
185904,2
185905,1
185906,2
185907,2
185908,1
185909,0
185910,2
185911,1
185912,2
185913,1
185914,2
185915,2
185916,2
185917,0
185918,0
185919,1
185920,1
185921,1
185922,0
185923,1
185924,1
185925,1
185926,2
185927,1
185928,1
185929,0
185930,0
185931,0
185932,1
185933,2
185934,1
185935,2
185936,1
185937,1
185938,1
185939,0
185940,0
185941,2
185942,2
185943,0
185944,0
185945,2
185946,1
185947,2
185948,2
185949,0
185950,2
185951,1
185952,2
185953,2
185954,1
185955,2
185956,2
185957,2
185958,1
185959,2
185960,2
185961,2
185962,2
185963,0
185964,0
185965,1
185966,2
185967,0
185968,2
185969,1
185970,1
185971,2
185972,2
185973,1
185974,1
185975,2
185976,1
185977,2
185978,2
185979,2
185980,1
185981,2
185982,2
185983,2
185984,0
185985,2
185986,1
185987,1
185988,2
185989,2
185990,2
185991,1
185992,2
185993,1
185994,1
185995,1
185996,0
185997,0
185998,0
185999,2
186000,2
186001,0
186002,2
186003,1
186004,1
186005,1
186006,1
186007,2
186008,0
186009,2
186010,1
186011,1
186012,2
186013,0
186014,2
186015,1
186016,1
186017,2
186018,0
186019,2
186020,1
186021,2
186022,0
186023,0
186024,2
186025,0
186026,2
186027,2
186028,2
186029,2
186030,2
186031,2
186032,2
186033,1
186034,0
186035,2
186036,1
186037,1
186038,1
186039,1
186040,2
186041,2
186042,2
186043,0
186044,1
186045,1
186046,2
186047,1
186048,2
186049,1
186050,0
186051,2
186052,2
186053,2
186054,2
186055,2
186056,2
186057,1
186058,0
186059,2
186060,1
186061,1
186062,2
186063,2
186064,1
186065,0
186066,2
186067,0
186068,0
186069,0
186070,1
186071,1
186072,1
186073,0
186074,1
186075,2
186076,2
186077,0
186078,1
186079,1
186080,2
186081,2
186082,0
186083,0
186084,1
186085,2
186086,2
186087,2
186088,2
186089,1
186090,0
186091,1
186092,1
186093,2
186094,1
186095,2
186096,0
186097,1
186098,2
186099,1
186100,2
186101,1
186102,1
186103,0
186104,0
186105,2
186106,2
186107,1
186108,2
186109,1
186110,2
186111,1
186112,0
186113,1
186114,2
186115,0
186116,1
186117,2
186118,2
186119,1
186120,2
186121,1
186122,1
186123,2
186124,2
186125,1
186126,2
186127,1
186128,0
186129,2
186130,2
186131,1
186132,2
186133,1
186134,2
186135,1
186136,1
186137,1
186138,1
186139,0
186140,1
186141,0
186142,1
186143,2
186144,1
186145,0
186146,2
186147,1
186148,1
186149,0
186150,1
186151,2
186152,2
186153,2
186154,0
186155,2
186156,0
186157,2
186158,2
186159,2
186160,0
186161,1
186162,2
186163,1
186164,2
186165,0
186166,2
186167,0
186168,1
186169,1
186170,2
186171,2
186172,0
186173,1
186174,2
186175,1
186176,2
186177,0
186178,1
186179,0
186180,2
186181,2
186182,2
186183,1
186184,0
186185,1
186186,1
186187,0
186188,0
186189,2
186190,2
186191,1
186192,1
186193,1
186194,2
186195,2
186196,2
186197,2
186198,2
186199,2
186200,1
186201,2
186202,2
186203,2
186204,1
186205,2
186206,2
186207,0
186208,1
186209,2
186210,0
186211,1
186212,0
186213,0
186214,0
186215,1
186216,1
186217,0
186218,2
186219,2
186220,2
186221,1
186222,1
186223,1
186224,1
186225,0
186226,2
186227,1
186228,1
186229,2
186230,1
186231,0
186232,2
186233,2
186234,2
186235,0
186236,2
186237,2
186238,1
186239,2
186240,0
186241,2
186242,0
186243,0
186244,1
186245,2
186246,0
186247,2
186248,1
186249,0
186250,2
186251,1
186252,2
186253,1
186254,2
186255,0
186256,1
186257,2
186258,2
186259,1
186260,1
186261,2
186262,1
186263,0
186264,2
186265,1
186266,0
186267,1
186268,1
186269,1
186270,1
186271,1
186272,2
186273,1
186274,1
186275,2
186276,2
186277,2
186278,0
186279,2
186280,2
186281,2
186282,0
186283,0
186284,1
186285,2
186286,2
186287,1
186288,0
186289,2
186290,2
186291,2
186292,2
186293,0
186294,1
186295,2
186296,0
186297,2
186298,0
186299,2
186300,2
186301,0
186302,2
186303,0
186304,2
186305,2
186306,1
186307,2
186308,2
186309,0
186310,2
186311,2
186312,2
186313,2
186314,0
186315,0
186316,1
186317,1
186318,1
186319,2
186320,1
186321,1
186322,2
186323,0
186324,1
186325,1
186326,1
186327,2
186328,0
186329,2
186330,1
186331,2
186332,2
186333,2
186334,0
186335,2
186336,2
186337,0
186338,0
186339,2
186340,2
186341,1
186342,0
186343,1
186344,2
186345,1
186346,1
186347,1
186348,0
186349,2
186350,2
186351,0
186352,0
186353,1
186354,0
186355,0
186356,0
186357,1
186358,2
186359,0
186360,0
186361,1
186362,1
186363,1
186364,0
186365,2
186366,2
186367,2
186368,2
186369,2
186370,0
186371,1
186372,0
186373,0
186374,2
186375,1
186376,2
186377,1
186378,1
186379,2
186380,1
186381,2
186382,1
186383,2
186384,2
186385,0
186386,1
186387,2
186388,2
186389,1
186390,2
186391,2
186392,2
186393,1
186394,1
186395,1
186396,1
186397,2
186398,2
186399,1
186400,0
186401,1
186402,0
186403,1
186404,2
186405,2
186406,0
186407,1
186408,0
186409,1
186410,0
186411,2
186412,1
186413,2
186414,1
186415,1
186416,2
186417,1
186418,2
186419,2
186420,1
186421,0
186422,1
186423,1
186424,1
186425,0
186426,1
186427,1
186428,2
186429,0
186430,2
186431,2
186432,2
186433,0
186434,2
186435,1
186436,1
186437,2
186438,1
186439,2
186440,2
186441,2
186442,2
186443,2
186444,1
186445,2
186446,1
186447,2
186448,2
186449,1
186450,2
186451,2
186452,0
186453,0
186454,0
186455,0
186456,2
186457,0
186458,0
186459,1
186460,2
186461,2
186462,1
186463,0
186464,1
186465,2
186466,0
186467,1
186468,2
186469,0
186470,2
186471,0
186472,2
186473,1
186474,2
186475,2
186476,0
186477,2
186478,1
186479,1
186480,0
186481,2
186482,1
186483,1
186484,2
186485,1
186486,2
186487,1
186488,0
186489,2
186490,2
186491,2
186492,1
186493,2
186494,1
186495,2
186496,2
186497,2
186498,1
186499,1
186500,1
186501,1
186502,1
186503,1
186504,1
186505,1
186506,0
186507,1
186508,1
186509,0
186510,2
186511,2
186512,1
186513,0
186514,2
186515,1
186516,2
186517,1
186518,2
186519,0
186520,0
186521,0
186522,2
186523,2
186524,0
186525,1
186526,0
186527,0
186528,2
186529,1
186530,1
186531,2
186532,1
186533,1
186534,2
186535,1
186536,1
186537,2
186538,1
186539,2
186540,1
186541,1
186542,2
186543,2
186544,2
186545,1
186546,2
186547,1
186548,1
186549,1
186550,1
186551,2
186552,2
186553,2
186554,2
186555,2
186556,2
186557,2
186558,2
186559,1
186560,0
186561,0
186562,2
186563,1
186564,1
186565,0
186566,1
186567,0
186568,0
186569,1
186570,2
186571,1
186572,2
186573,1
186574,2
186575,0
186576,2
186577,1
186578,1
186579,1
186580,2
186581,2
186582,2
186583,2
186584,1
186585,0
186586,1
186587,2
186588,1
186589,1
186590,2
186591,1
186592,1
186593,0
186594,2
186595,0
186596,2
186597,2
186598,2
186599,0
186600,1
186601,2
186602,0
186603,2
186604,2
186605,2
186606,2
186607,2
186608,2
186609,1
186610,1
186611,2
186612,1
186613,2
186614,2
186615,0
186616,2
186617,0
186618,0
186619,1
186620,0
186621,1
186622,2
186623,1
186624,1
186625,0
186626,0
186627,1
186628,0
186629,2
186630,2
186631,1
186632,2
186633,2
186634,1
186635,1
186636,0
186637,2
186638,2
186639,0
186640,2
186641,1
186642,1
186643,1
186644,0
186645,0
186646,1
186647,1
186648,1
186649,1
186650,2
186651,1
186652,2
186653,2
186654,0
186655,0
186656,1
186657,2
186658,1
186659,0
186660,2
186661,1
186662,2
186663,2
186664,0
186665,1
186666,1
186667,1
186668,1
186669,2
186670,1
186671,1
186672,1
186673,2
186674,1
186675,1
186676,1
186677,1
186678,0
186679,2
186680,2
186681,0
186682,2
186683,1
186684,2
186685,2
186686,0
186687,1
186688,1
186689,2
186690,2
186691,2
186692,1
186693,2
186694,2
186695,1
186696,2
186697,2
186698,0
186699,2
186700,1
186701,2
186702,0
186703,2
186704,0
186705,1
186706,1
186707,2
186708,2
186709,0
186710,0
186711,0
186712,1
186713,0
186714,1
186715,1
186716,1
186717,2
186718,0
186719,1
186720,1
186721,1
186722,2
186723,1
186724,2
186725,1
186726,2
186727,2
186728,2
186729,1
186730,2
186731,0
186732,0
186733,2
186734,1
186735,2
186736,0
186737,2
186738,0
186739,0
186740,2
186741,1
186742,2
186743,2
186744,1
186745,2
186746,1
186747,0
186748,2
186749,2
186750,1
186751,2
186752,2
186753,2
186754,2
186755,1
186756,1
186757,0
186758,1
186759,1
186760,2
186761,1
186762,2
186763,1
186764,1
186765,2
186766,0
186767,1
186768,1
186769,1
186770,2
186771,2
186772,2
186773,1
186774,2
186775,0
186776,2
186777,1
186778,1
186779,2
186780,0
186781,0
186782,2
186783,1
186784,2
186785,2
186786,0
186787,0
186788,2
186789,0
186790,2
186791,2
186792,1
186793,2
186794,2
186795,2
186796,2
186797,1
186798,1
186799,2
186800,1
186801,0
186802,2
186803,2
186804,1
186805,2
186806,0
186807,1
186808,0
186809,1
186810,2
186811,0
186812,0
186813,1
186814,1
186815,2
186816,0
186817,1
186818,1
186819,1
186820,0
186821,2
186822,1
186823,2
186824,2
186825,1
186826,0
186827,0
186828,1
186829,1
186830,2
186831,1
186832,1
186833,1
186834,1
186835,1
186836,1
186837,1
186838,0
186839,1
186840,1
186841,1
186842,1
186843,1
186844,1
186845,1
186846,0
186847,0
186848,2
186849,2
186850,2
186851,1
186852,0
186853,2
186854,1
186855,0
186856,0
186857,2
186858,2
186859,2
186860,1
186861,1
186862,2
186863,0
186864,1
186865,2
186866,2
186867,0
186868,0
186869,1
186870,1
186871,1
186872,2
186873,0
186874,1
186875,2
186876,1
186877,2
186878,2
186879,2
186880,2
186881,2
186882,2
186883,2
186884,0
186885,1
186886,2
186887,2
186888,2
186889,0
186890,1
186891,2
186892,1
186893,0
186894,1
186895,1
186896,1
186897,1
186898,1
186899,2
186900,2
186901,0
186902,0
186903,1
186904,1
186905,2
186906,0
186907,2
186908,2
186909,1
186910,1
186911,2
186912,2
186913,0
186914,0
186915,2
186916,2
186917,1
186918,2
186919,2
186920,0
186921,2
186922,2
186923,2
186924,2
186925,0
186926,0
186927,2
186928,2
186929,2
186930,1
186931,2
186932,1
186933,2
186934,1
186935,2
186936,0
186937,0
186938,0
186939,1
186940,2
186941,1
186942,1
186943,1
186944,0
186945,1
186946,0
186947,1
186948,0
186949,1
186950,2
186951,0
186952,0
186953,2
186954,2
186955,0
186956,2
186957,1
186958,1
186959,2
186960,1
186961,1
186962,2
186963,2
186964,1
186965,1
186966,0
186967,0
186968,2
186969,0
186970,2
186971,1
186972,0
186973,1
186974,1
186975,2
186976,2
186977,2
186978,2
186979,1
186980,2
186981,2
186982,2
186983,2
186984,2
186985,2
186986,0
186987,1
186988,2
186989,2
186990,2
186991,2
186992,0
186993,2
186994,0
186995,2
186996,1
186997,2
186998,1
186999,1
187000,2
187001,1
187002,2
187003,1
187004,1
187005,2
187006,1
187007,2
187008,1
187009,2
187010,1
187011,2
187012,1
187013,0
187014,1
187015,0
187016,2
187017,0
187018,2
187019,1
187020,2
187021,2
187022,1
187023,2
187024,2
187025,1
187026,1
187027,2
187028,0
187029,0
187030,2
187031,1
187032,1
187033,1
187034,2
187035,1
187036,2
187037,1
187038,1
187039,1
187040,1
187041,0
187042,2
187043,2
187044,1
187045,1
187046,2
187047,1
187048,1
187049,1
187050,2
187051,1
187052,1
187053,1
187054,2
187055,2
187056,1
187057,0
187058,2
187059,2
187060,0
187061,1
187062,0
187063,1
187064,2
187065,0
187066,0
187067,1
187068,0
187069,1
187070,2
187071,2
187072,1
187073,1
187074,2
187075,1
187076,1
187077,2
187078,0
187079,1
187080,0
187081,0
187082,0
187083,1
187084,2
187085,1
187086,2
187087,1
187088,1
187089,1
187090,1
187091,2
187092,2
187093,1
187094,2
187095,1
187096,2
187097,0
187098,2
187099,1
187100,0
187101,0
187102,2
187103,1
187104,0
187105,0
187106,0
187107,1
187108,2
187109,2
187110,0
187111,2
187112,2
187113,1
187114,2
187115,1
187116,1
187117,0
187118,0
187119,0
187120,1
187121,0
187122,2
187123,1
187124,1
187125,2
187126,1
187127,2
187128,1
187129,2
187130,2
187131,1
187132,1
187133,0
187134,1
187135,1
187136,1
187137,0
187138,1
187139,1
187140,1
187141,0
187142,2
187143,2
187144,2
187145,1
187146,2
187147,1
187148,1
187149,1
187150,2
187151,2
187152,0
187153,2
187154,0
187155,1
187156,1
187157,0
187158,2
187159,1
187160,0
187161,1
187162,0
187163,1
187164,1
187165,1
187166,0
187167,1
187168,0
187169,0
187170,0
187171,1
187172,1
187173,2
187174,1
187175,1
187176,2
187177,1
187178,1
187179,1
187180,0
187181,1
187182,0
187183,0
187184,1
187185,0
187186,2
187187,1
187188,1
187189,0
187190,1
187191,2
187192,2
187193,1
187194,0
187195,2
187196,2
187197,1
187198,0
187199,1
187200,2
187201,2
187202,1
187203,0
187204,0
187205,2
187206,1
187207,1
187208,1
187209,2
187210,2
187211,2
187212,2
187213,1
187214,1
187215,2
187216,1
187217,1
187218,1
187219,2
187220,2
187221,2
187222,1
187223,2
187224,1
187225,1
187226,2
187227,2
187228,1
187229,0
187230,2
187231,2
187232,2
187233,2
187234,2
187235,2
187236,2
187237,2
187238,0
187239,1
187240,2
187241,1
187242,2
187243,1
187244,1
187245,2
187246,2
187247,2
187248,0
187249,2
187250,1
187251,2
187252,1
187253,0
187254,1
187255,1
187256,0
187257,2
187258,1
187259,2
187260,1
187261,2
187262,0
187263,1
187264,2
187265,1
187266,1
187267,0
187268,2
187269,2
187270,1
187271,2
187272,1
187273,1
187274,1
187275,1
187276,1
187277,2
187278,2
187279,1
187280,2
187281,1
187282,2
187283,2
187284,1
187285,1
187286,1
187287,2
187288,2
187289,2
187290,2
187291,1
187292,0
187293,1
187294,2
187295,1
187296,2
187297,2
187298,2
187299,2
187300,1
187301,2
187302,0
187303,0
187304,0
187305,1
187306,2
187307,2
187308,0
187309,0
187310,1
187311,0
187312,1
187313,1
187314,2
187315,1
187316,0
187317,1
187318,2
187319,1
187320,0
187321,1
187322,0
187323,2
187324,1
187325,1
187326,0
187327,1
187328,2
187329,2
187330,1
187331,2
187332,2
187333,2
187334,1
187335,2
187336,2
187337,1
187338,1
187339,2
187340,0
187341,2
187342,0
187343,2
187344,1
187345,2
187346,2
187347,0
187348,0
187349,0
187350,1
187351,1
187352,2
187353,1
187354,2
187355,0
187356,2
187357,1
187358,1
187359,0
187360,2
187361,1
187362,2
187363,2
187364,0
187365,0
187366,2
187367,1
187368,2
187369,2
187370,0
187371,1
187372,2
187373,2
187374,2
187375,1
187376,0
187377,1
187378,1
187379,0
187380,0
187381,1
187382,1
187383,2
187384,1
187385,1
187386,1
187387,2
187388,1
187389,0
187390,1
187391,2
187392,1
187393,1
187394,2
187395,1
187396,2
187397,2
187398,2
187399,2
187400,2
187401,1
187402,2
187403,2
187404,0
187405,2
187406,2
187407,0
187408,0
187409,2
187410,0
187411,2
187412,2
187413,2
187414,1
187415,2
187416,2
187417,0
187418,0
187419,2
187420,0
187421,2
187422,0
187423,1
187424,1
187425,0
187426,2
187427,1
187428,0
187429,1
187430,0
187431,0
187432,1
187433,0
187434,1
187435,0
187436,1
187437,1
187438,1
187439,0
187440,0
187441,2
187442,1
187443,1
187444,2
187445,1
187446,2
187447,2
187448,1
187449,1
187450,2
187451,2
187452,1
187453,2
187454,1
187455,1
187456,2
187457,2
187458,0
187459,2
187460,2
187461,1
187462,1
187463,1
187464,1
187465,1
187466,0
187467,1
187468,0
187469,1
187470,2
187471,2
187472,1
187473,1
187474,2
187475,2
187476,2
187477,1
187478,0
187479,2
187480,2
187481,2
187482,0
187483,2
187484,1
187485,1
187486,2
187487,2
187488,1
187489,2
187490,1
187491,2
187492,1
187493,1
187494,2
187495,0
187496,0
187497,1
187498,1
187499,0
187500,1
187501,1
187502,2
187503,1
187504,0
187505,2
187506,2
187507,0
187508,2
187509,2
187510,0
187511,2
187512,1
187513,1
187514,2
187515,0
187516,1
187517,1
187518,0
187519,1
187520,2
187521,1
187522,2
187523,0
187524,1
187525,1
187526,1
187527,2
187528,2
187529,2
187530,2
187531,0
187532,0
187533,2
187534,0
187535,1
187536,2
187537,1
187538,1
187539,2
187540,1
187541,0
187542,1
187543,0
187544,2
187545,1
187546,2
187547,2
187548,2
187549,2
187550,1
187551,0
187552,2
187553,1
187554,0
187555,1
187556,2
187557,2
187558,0
187559,0
187560,0
187561,2
187562,1
187563,1
187564,1
187565,2
187566,1
187567,2
187568,2
187569,1
187570,2
187571,1
187572,1
187573,2
187574,1
187575,2
187576,2
187577,1
187578,2
187579,2
187580,1
187581,0
187582,2
187583,0
187584,2
187585,0
187586,0
187587,2
187588,2
187589,1
187590,0
187591,1
187592,0
187593,2
187594,0
187595,2
187596,2
187597,1
187598,2
187599,1
187600,0
187601,1
187602,1
187603,2
187604,1
187605,1
187606,2
187607,2
187608,1
187609,1
187610,1
187611,2
187612,0
187613,2
187614,1
187615,1
187616,0
187617,0
187618,2
187619,1
187620,1
187621,2
187622,1
187623,2
187624,1
187625,0
187626,0
187627,1
187628,2
187629,0
187630,2
187631,2
187632,2
187633,0
187634,1
187635,1
187636,2
187637,2
187638,0
187639,1
187640,2
187641,1
187642,2
187643,1
187644,1
187645,1
187646,2
187647,1
187648,2
187649,2
187650,2
187651,1
187652,2
187653,1
187654,2
187655,2
187656,1
187657,1
187658,2
187659,2
187660,2
187661,1
187662,2
187663,1
187664,2
187665,1
187666,2
187667,1
187668,1
187669,2
187670,2
187671,2
187672,2
187673,1
187674,1
187675,2
187676,2
187677,1
187678,1
187679,2
187680,2
187681,0
187682,1
187683,2
187684,1
187685,2
187686,2
187687,2
187688,1
187689,1
187690,1
187691,2
187692,0
187693,0
187694,2
187695,2
187696,0
187697,0
187698,2
187699,0
187700,1
187701,1
187702,1
187703,1
187704,2
187705,2
187706,2
187707,0
187708,0
187709,0
187710,2
187711,1
187712,0
187713,2
187714,0
187715,2
187716,2
187717,2
187718,0
187719,1
187720,1
187721,2
187722,1
187723,1
187724,2
187725,1
187726,1
187727,2
187728,0
187729,2
187730,2
187731,1
187732,0
187733,1
187734,1
187735,0
187736,2
187737,2
187738,2
187739,2
187740,1
187741,2
187742,0
187743,2
187744,1
187745,2
187746,1
187747,2
187748,1
187749,0
187750,1
187751,0
187752,2
187753,2
187754,0
187755,2
187756,1
187757,2
187758,0
187759,2
187760,2
187761,0
187762,2
187763,1
187764,1
187765,2
187766,2
187767,2
187768,2
187769,2
187770,2
187771,2
187772,0
187773,2
187774,1
187775,0
187776,2
187777,2
187778,2
187779,2
187780,2
187781,0
187782,1
187783,2
187784,2
187785,1
187786,2
187787,1
187788,0
187789,2
187790,0
187791,0
187792,1
187793,2
187794,2
187795,1
187796,1
187797,2
187798,1
187799,2
187800,2
187801,1
187802,2
187803,2
187804,2
187805,1
187806,0
187807,1
187808,2
187809,0
187810,1
187811,1
187812,0
187813,1
187814,2
187815,0
187816,1
187817,2
187818,2
187819,1
187820,2
187821,1
187822,2
187823,1
187824,1
187825,1
187826,2
187827,0
187828,1
187829,2
187830,2
187831,2
187832,1
187833,2
187834,0
187835,1
187836,1
187837,2
187838,1
187839,0
187840,1
187841,2
187842,2
187843,1
187844,2
187845,2
187846,2
187847,2
187848,2
187849,2
187850,0
187851,2
187852,1
187853,2
187854,0
187855,0
187856,1
187857,1
187858,2
187859,0
187860,1
187861,2
187862,1
187863,2
187864,0
187865,1
187866,2
187867,1
187868,1
187869,2
187870,1
187871,2
187872,1
187873,1
187874,1
187875,0
187876,0
187877,2
187878,1
187879,0
187880,2
187881,1
187882,1
187883,0
187884,0
187885,0
187886,2
187887,2
187888,1
187889,2
187890,1
187891,2
187892,2
187893,2
187894,2
187895,2
187896,0
187897,2
187898,0
187899,1
187900,2
187901,2
187902,2
187903,1
187904,2
187905,1
187906,0
187907,2
187908,2
187909,1
187910,0
187911,1
187912,0
187913,2
187914,2
187915,1
187916,1
187917,1
187918,2
187919,1
187920,2
187921,1
187922,1
187923,1
187924,2
187925,1
187926,1
187927,0
187928,0
187929,2
187930,1
187931,2
187932,1
187933,1
187934,2
187935,1
187936,2
187937,0
187938,2
187939,1
187940,0
187941,0
187942,2
187943,2
187944,1
187945,2
187946,1
187947,1
187948,2
187949,2
187950,1
187951,2
187952,1
187953,1
187954,0
187955,1
187956,2
187957,2
187958,2
187959,1
187960,0
187961,0
187962,1
187963,1
187964,2
187965,2
187966,2
187967,1
187968,1
187969,2
187970,0
187971,2
187972,1
187973,1
187974,2
187975,0
187976,1
187977,1
187978,0
187979,2
187980,1
187981,1
187982,0
187983,1
187984,1
187985,2
187986,2
187987,2
187988,1
187989,1
187990,2
187991,1
187992,2
187993,1
187994,2
187995,2
187996,2
187997,1
187998,2
187999,1
188000,2
188001,1
188002,0
188003,1
188004,2
188005,2
188006,2
188007,0
188008,2
188009,0
188010,0
188011,0
188012,1
188013,2
188014,1
188015,2
188016,1
188017,0
188018,1
188019,2
188020,1
188021,0
188022,2
188023,1
188024,2
188025,2
188026,1
188027,1
188028,1
188029,2
188030,2
188031,1
188032,2
188033,1
188034,2
188035,0
188036,0
188037,0
188038,2
188039,2
188040,0
188041,0
188042,2
188043,2
188044,2
188045,1
188046,1
188047,2
188048,1
188049,0
188050,0
188051,0
188052,0
188053,2
188054,0
188055,2
188056,2
188057,2
188058,1
188059,0
188060,1
188061,1
188062,2
188063,1
188064,1
188065,2
188066,1
188067,2
188068,2
188069,1
188070,1
188071,2
188072,1
188073,2
188074,2
188075,1
188076,1
188077,1
188078,0
188079,2
188080,1
188081,2
188082,2
188083,2
188084,1
188085,2
188086,0
188087,2
188088,2
188089,2
188090,0
188091,1
188092,1
188093,1
188094,1
188095,2
188096,2
188097,2
188098,1
188099,2
188100,2
188101,2
188102,2
188103,2
188104,1
188105,2
188106,2
188107,1
188108,2
188109,0
188110,2
188111,0
188112,1
188113,1
188114,2
188115,1
188116,2
188117,1
188118,2
188119,1
188120,1
188121,0
188122,2
188123,1
188124,0
188125,0
188126,2
188127,0
188128,2
188129,0
188130,1
188131,0
188132,2
188133,0
188134,0
188135,1
188136,2
188137,0
188138,1
188139,1
188140,2
188141,2
188142,2
188143,2
188144,2
188145,1
188146,0
188147,2
188148,1
188149,1
188150,2
188151,1
188152,1
188153,0
188154,0
188155,1
188156,2
188157,1
188158,2
188159,2
188160,2
188161,2
188162,2
188163,2
188164,0
188165,0
188166,2
188167,0
188168,0
188169,2
188170,1
188171,0
188172,0
188173,0
188174,1
188175,2
188176,2
188177,0
188178,1
188179,1
188180,1
188181,0
188182,0
188183,2
188184,1
188185,2
188186,2
188187,2
188188,2
188189,0
188190,1
188191,1
188192,1
188193,2
188194,1
188195,2
188196,2
188197,0
188198,1
188199,2
188200,1
188201,1
188202,2
188203,2
188204,0
188205,1
188206,0
188207,2
188208,1
188209,2
188210,2
188211,0
188212,2
188213,1
188214,2
188215,2
188216,2
188217,1
188218,1
188219,1
188220,0
188221,1
188222,2
188223,1
188224,1
188225,1
188226,1
188227,0
188228,0
188229,1
188230,2
188231,2
188232,1
188233,1
188234,1
188235,1
188236,1
188237,1
188238,2
188239,2
188240,1
188241,1
188242,2
188243,2
188244,1
188245,0
188246,2
188247,2
188248,2
188249,0
188250,1
188251,1
188252,0
188253,2
188254,2
188255,2
188256,1
188257,2
188258,2
188259,1
188260,0
188261,0
188262,2
188263,0
188264,0
188265,2
188266,1
188267,1
188268,1
188269,1
188270,2
188271,1
188272,0
188273,0
188274,1
188275,1
188276,0
188277,2
188278,2
188279,2
188280,1
188281,1
188282,2
188283,1
188284,1
188285,1
188286,1
188287,1
188288,0
188289,2
188290,2
188291,1
188292,1
188293,0
188294,1
188295,1
188296,2
188297,2
188298,0
188299,2
188300,1
188301,0
188302,0
188303,0
188304,1
188305,0
188306,2
188307,2
188308,0
188309,1
188310,1
188311,1
188312,2
188313,2
188314,2
188315,1
188316,1
188317,1
188318,0
188319,0
188320,1
188321,1
188322,2
188323,2
188324,1
188325,0
188326,0
188327,1
188328,1
188329,1
188330,2
188331,2
188332,1
188333,2
188334,2
188335,0
188336,1
188337,1
188338,1
188339,2
188340,1
188341,0
188342,2
188343,2
188344,2
188345,1
188346,1
188347,0
188348,0
188349,2
188350,2
188351,1
188352,1
188353,2
188354,1
188355,0
188356,2
188357,1
188358,0
188359,1
188360,2
188361,1
188362,1
188363,2
188364,1
188365,2
188366,0
188367,2
188368,2
188369,2
188370,0
188371,2
188372,2
188373,1
188374,1
188375,2
188376,0
188377,1
188378,1
188379,2
188380,0
188381,0
188382,1
188383,2
188384,1
188385,2
188386,1
188387,0
188388,1
188389,1
188390,1
188391,0
188392,1
188393,1
188394,1
188395,0
188396,2
188397,2
188398,2
188399,2
188400,0
188401,2
188402,1
188403,2
188404,1
188405,0
188406,1
188407,0
188408,1
188409,1
188410,1
188411,2
188412,2
188413,1
188414,2
188415,2
188416,0
188417,2
188418,0
188419,2
188420,2
188421,1
188422,0
188423,2
188424,0
188425,2
188426,1
188427,2
188428,2
188429,1
188430,0
188431,2
188432,2
188433,2
188434,0
188435,1
188436,1
188437,0
188438,2
188439,1
188440,0
188441,0
188442,0
188443,0
188444,1
188445,0
188446,1
188447,1
188448,1
188449,2
188450,2
188451,0
188452,2
188453,1
188454,0
188455,1
188456,1
188457,1
188458,1
188459,1
188460,1
188461,2
188462,2
188463,2
188464,1
188465,2
188466,1
188467,0
188468,1
188469,1
188470,0
188471,0
188472,2
188473,1
188474,1
188475,2
188476,0
188477,2
188478,0
188479,2
188480,1
188481,1
188482,2
188483,2
188484,1
188485,2
188486,0
188487,2
188488,1
188489,1
188490,1
188491,1
188492,2
188493,2
188494,2
188495,1
188496,2
188497,2
188498,0
188499,2
188500,0
188501,0
188502,0
188503,1
188504,0
188505,1
188506,2
188507,2
188508,0
188509,0
188510,1
188511,1
188512,2
188513,2
188514,2
188515,0
188516,1
188517,1
188518,0
188519,1
188520,2
188521,2
188522,1
188523,2
188524,2
188525,1
188526,2
188527,1
188528,2
188529,0
188530,0
188531,2
188532,1
188533,0
188534,1
188535,1
188536,0
188537,1
188538,1
188539,2
188540,2
188541,1
188542,2
188543,2
188544,0
188545,2
188546,1
188547,2
188548,0
188549,1
188550,2
188551,2
188552,0
188553,2
188554,2
188555,2
188556,0
188557,0
188558,1
188559,1
188560,0
188561,1
188562,0
188563,2
188564,0
188565,1
188566,1
188567,2
188568,2
188569,2
188570,0
188571,1
188572,1
188573,1
188574,0
188575,2
188576,1
188577,2
188578,2
188579,2
188580,2
188581,2
188582,1
188583,2
188584,0
188585,1
188586,1
188587,2
188588,2
188589,2
188590,1
188591,1
188592,2
188593,2
188594,2
188595,2
188596,2
188597,1
188598,2
188599,1
188600,0
188601,1
188602,2
188603,1
188604,2
188605,2
188606,2
188607,1
188608,0
188609,1
188610,2
188611,0
188612,1
188613,1
188614,1
188615,1
188616,2
188617,0
188618,2
188619,0
188620,1
188621,0
188622,1
188623,0
188624,2
188625,0
188626,0
188627,2
188628,0
188629,1
188630,1
188631,0
188632,1
188633,0
188634,2
188635,1
188636,0
188637,2
188638,1
188639,2
188640,1
188641,2
188642,2
188643,1
188644,1
188645,1
188646,2
188647,2
188648,0
188649,1
188650,0
188651,1
188652,0
188653,2
188654,1
188655,2
188656,2
188657,2
188658,1
188659,2
188660,0
188661,1
188662,0
188663,2
188664,0
188665,2
188666,2
188667,2
188668,1
188669,0
188670,2
188671,2
188672,1
188673,1
188674,1
188675,1
188676,2
188677,1
188678,2
188679,1
188680,1
188681,1
188682,2
188683,2
188684,1
188685,2
188686,2
188687,1
188688,0
188689,0
188690,2
188691,1
188692,2
188693,1
188694,2
188695,2
188696,2
188697,2
188698,2
188699,2
188700,2
188701,2
188702,0
188703,0
188704,0
188705,2
188706,0
188707,2
188708,0
188709,2
188710,1
188711,2
188712,0
188713,0
188714,0
188715,2
188716,2
188717,2
188718,0
188719,1
188720,2
188721,0
188722,2
188723,0
188724,1
188725,2
188726,2
188727,2
188728,1
188729,2
188730,0
188731,1
188732,0
188733,2
188734,0
188735,2
188736,0
188737,1
188738,0
188739,2
188740,0
188741,0
188742,2
188743,0
188744,2
188745,1
188746,0
188747,2
188748,1
188749,2
188750,2
188751,1
188752,1
188753,2
188754,0
188755,0
188756,2
188757,2
188758,2
188759,1
188760,2
188761,1
188762,0
188763,0
188764,1
188765,2
188766,2
188767,2
188768,2
188769,0
188770,2
188771,2
188772,1
188773,2
188774,2
188775,0
188776,2
188777,0
188778,0
188779,0
188780,2
188781,1
188782,1
188783,2
188784,2
188785,2
188786,1
188787,1
188788,1
188789,1
188790,1
188791,1
188792,2
188793,2
188794,1
188795,1
188796,1
188797,2
188798,0
188799,0
188800,2
188801,2
188802,2
188803,0
188804,1
188805,1
188806,0
188807,2
188808,1
188809,2
188810,1
188811,0
188812,2
188813,2
188814,0
188815,2
188816,0
188817,1
188818,0
188819,2
188820,2
188821,0
188822,2
188823,1
188824,2
188825,2
188826,1
188827,1
188828,1
188829,1
188830,1
188831,2
188832,2
188833,2
188834,2
188835,1
188836,2
188837,1
188838,1
188839,1
188840,0
188841,0
188842,0
188843,0
188844,1
188845,1
188846,1
188847,1
188848,1
188849,0
188850,2
188851,0
188852,2
188853,2
188854,0
188855,2
188856,1
188857,2
188858,1
188859,0
188860,1
188861,1
188862,2
188863,2
188864,1
188865,2
188866,0
188867,2
188868,2
188869,0
188870,1
188871,1
188872,1
188873,2
188874,2
188875,1
188876,1
188877,2
188878,2
188879,2
188880,1
188881,1
188882,1
188883,2
188884,0
188885,2
188886,2
188887,1
188888,1
188889,1
188890,0
188891,1
188892,0
188893,2
188894,2
188895,2
188896,1
188897,1
188898,0
188899,2
188900,2
188901,2
188902,0
188903,2
188904,0
188905,1
188906,2
188907,2
188908,0
188909,2
188910,1
188911,2
188912,2
188913,1
188914,2
188915,2
188916,0
188917,2
188918,0
188919,0
188920,2
188921,1
188922,2
188923,1
188924,2
188925,1
188926,2
188927,2
188928,2
188929,2
188930,2
188931,2
188932,1
188933,1
188934,2
188935,1
188936,1
188937,1
188938,0
188939,0
188940,2
188941,1
188942,1
188943,2
188944,1
188945,2
188946,1
188947,1
188948,0
188949,2
188950,0
188951,2
188952,2
188953,1
188954,2
188955,2
188956,2
188957,2
188958,0
188959,0
188960,1
188961,0
188962,2
188963,2
188964,0
188965,2
188966,2
188967,1
188968,1
188969,1
188970,2
188971,1
188972,2
188973,2
188974,0
188975,1
188976,1
188977,2
188978,0
188979,1
188980,1
188981,1
188982,1
188983,1
188984,1
188985,1
188986,2
188987,2
188988,0
188989,1
188990,0
188991,0
188992,1
188993,1
188994,1
188995,1
188996,1
188997,1
188998,2
188999,2
189000,0
189001,0
189002,1
189003,2
189004,1
189005,2
189006,2
189007,0
189008,1
189009,2
189010,2
189011,2
189012,2
189013,1
189014,2
189015,0
189016,1
189017,2
189018,2
189019,0
189020,1
189021,0
189022,2
189023,2
189024,0
189025,2
189026,2
189027,1
189028,0
189029,2
189030,2
189031,1
189032,0
189033,1
189034,2
189035,2
189036,2
189037,2
189038,0
189039,2
189040,2
189041,0
189042,1
189043,1
189044,2
189045,1
189046,2
189047,2
189048,1
189049,2
189050,2
189051,1
189052,0
189053,1
189054,1
189055,0
189056,2
189057,0
189058,0
189059,0
189060,1
189061,2
189062,1
189063,0
189064,2
189065,2
189066,1
189067,2
189068,1
189069,2
189070,1
189071,2
189072,0
189073,2
189074,2
189075,1
189076,2
189077,1
189078,1
189079,2
189080,2
189081,0
189082,2
189083,1
189084,1
189085,2
189086,2
189087,2
189088,2
189089,2
189090,0
189091,1
189092,1
189093,0
189094,2
189095,2
189096,2
189097,1
189098,0
189099,0
189100,0
189101,0
189102,2
189103,1
189104,2
189105,1
189106,2
189107,2
189108,2
189109,1
189110,1
189111,1
189112,1
189113,0
189114,2
189115,1
189116,0
189117,2
189118,1
189119,2
189120,2
189121,0
189122,1
189123,0
189124,1
189125,2
189126,1
189127,1
189128,0
189129,1
189130,0
189131,1
189132,2
189133,2
189134,2
189135,1
189136,2
189137,1
189138,0
189139,2
189140,0
189141,2
189142,2
189143,0
189144,2
189145,2
189146,0
189147,1
189148,2
189149,2
189150,1
189151,1
189152,2
189153,1
189154,1
189155,1
189156,1
189157,0
189158,2
189159,1
189160,0
189161,1
189162,0
189163,0
189164,2
189165,1
189166,2
189167,0
189168,1
189169,1
189170,2
189171,1
189172,2
189173,0
189174,1
189175,1
189176,0
189177,1
189178,1
189179,2
189180,1
189181,2
189182,1
189183,2
189184,1
189185,1
189186,2
189187,2
189188,1
189189,1
189190,2
189191,0
189192,2
189193,2
189194,0
189195,2
189196,2
189197,1
189198,0
189199,2
189200,1
189201,0
189202,1
189203,1
189204,2
189205,2
189206,1
189207,0
189208,2
189209,2
189210,1
189211,0
189212,2
189213,1
189214,1
189215,0
189216,2
189217,2
189218,1
189219,1
189220,2
189221,2
189222,2
189223,1
189224,1
189225,1
189226,0
189227,1
189228,1
189229,1
189230,0
189231,1
189232,2
189233,2
189234,1
189235,2
189236,2
189237,0
189238,2
189239,2
189240,1
189241,2
189242,1
189243,1
189244,0
189245,1
189246,2
189247,2
189248,0
189249,1
189250,1
189251,0
189252,1
189253,2
189254,0
189255,1
189256,2
189257,1
189258,0
189259,1
189260,1
189261,1
189262,1
189263,0
189264,2
189265,2
189266,2
189267,0
189268,2
189269,2
189270,0
189271,1
189272,0
189273,2
189274,1
189275,1
189276,1
189277,2
189278,2
189279,2
189280,2
189281,1
189282,2
189283,1
189284,0
189285,0
189286,1
189287,1
189288,0
189289,2
189290,0
189291,1
189292,1
189293,2
189294,0
189295,1
189296,1
189297,1
189298,1
189299,1
189300,1
189301,1
189302,2
189303,1
189304,2
189305,1
189306,2
189307,2
189308,2
189309,1
189310,2
189311,2
189312,1
189313,0
189314,2
189315,2
189316,1
189317,1
189318,1
189319,1
189320,2
189321,2
189322,1
189323,2
189324,1
189325,1
189326,2
189327,0
189328,2
189329,2
189330,2
189331,1
189332,1
189333,1
189334,2
189335,0
189336,1
189337,0
189338,2
189339,2
189340,2
189341,2
189342,1
189343,2
189344,0
189345,2
189346,2
189347,0
189348,2
189349,0
189350,0
189351,1
189352,2
189353,2
189354,2
189355,2
189356,2
189357,1
189358,1
189359,1
189360,2
189361,1
189362,2
189363,2
189364,0
189365,1
189366,1
189367,1
189368,0
189369,0
189370,2
189371,2
189372,1
189373,2
189374,2
189375,1
189376,2
189377,1
189378,1
189379,2
189380,2
189381,1
189382,1
189383,2
189384,2
189385,2
189386,2
189387,1
189388,0
189389,1
189390,0
189391,1
189392,2
189393,1
189394,1
189395,2
189396,2
189397,2
189398,2
189399,2
189400,1
189401,1
189402,1
189403,1
189404,1
189405,0
189406,2
189407,1
189408,1
189409,2
189410,1
189411,2
189412,0
189413,2
189414,1
189415,1
189416,2
189417,1
189418,2
189419,2
189420,1
189421,1
189422,1
189423,1
189424,0
189425,2
189426,2
189427,0
189428,1
189429,1
189430,0
189431,2
189432,2
189433,2
189434,1
189435,2
189436,0
189437,1
189438,1
189439,1
189440,0
189441,0
189442,1
189443,1
189444,2
189445,1
189446,2
189447,2
189448,1
189449,1
189450,2
189451,1
189452,1
189453,1
189454,1
189455,2
189456,1
189457,1
189458,2
189459,1
189460,1
189461,0
189462,2
189463,2
189464,2
189465,1
189466,1
189467,1
189468,2
189469,2
189470,0
189471,2
189472,0
189473,1
189474,1
189475,2
189476,1
189477,2
189478,2
189479,1
189480,2
189481,1
189482,2
189483,1
189484,0
189485,2
189486,2
189487,1
189488,1
189489,1
189490,1
189491,1
189492,1
189493,2
189494,0
189495,1
189496,1
189497,2
189498,1
189499,1
189500,1
189501,1
189502,2
189503,0
189504,2
189505,1
189506,1
189507,2
189508,2
189509,1
189510,2
189511,1
189512,2
189513,2
189514,2
189515,2
189516,2
189517,1
189518,1
189519,0
189520,0
189521,2
189522,1
189523,1
189524,2
189525,1
189526,0
189527,2
189528,1
189529,1
189530,2
189531,1
189532,2
189533,2
189534,2
189535,0
189536,0
189537,0
189538,2
189539,0
189540,0
189541,1
189542,0
189543,2
189544,1
189545,0
189546,2
189547,2
189548,2
189549,2
189550,1
189551,2
189552,2
189553,1
189554,1
189555,1
189556,2
189557,1
189558,2
189559,1
189560,1
189561,1
189562,1
189563,2
189564,0
189565,2
189566,0
189567,2
189568,1
189569,2
189570,0
189571,0
189572,0
189573,2
189574,0
189575,1
189576,2
189577,2
189578,2
189579,0
189580,1
189581,0
189582,1
189583,1
189584,2
189585,1
189586,1
189587,2
189588,0
189589,0
189590,2
189591,0
189592,0
189593,1
189594,0
189595,0
189596,1
189597,2
189598,1
189599,0
189600,2
189601,2
189602,1
189603,1
189604,1
189605,0
189606,1
189607,1
189608,2
189609,0
189610,2
189611,0
189612,1
189613,1
189614,1
189615,0
189616,0
189617,2
189618,0
189619,2
189620,2
189621,1
189622,2
189623,2
189624,1
189625,2
189626,1
189627,1
189628,1
189629,2
189630,0
189631,0
189632,2
189633,2
189634,1
189635,1
189636,1
189637,0
189638,0
189639,2
189640,2
189641,2
189642,1
189643,1
189644,1
189645,0
189646,2
189647,1
189648,2
189649,1
189650,0
189651,2
189652,1
189653,1
189654,2
189655,1
189656,0
189657,2
189658,2
189659,2
189660,1
189661,2
189662,1
189663,2
189664,0
189665,1
189666,2
189667,0
189668,2
189669,2
189670,0
189671,1
189672,0
189673,1
189674,2
189675,2
189676,0
189677,1
189678,2
189679,0
189680,2
189681,1
189682,1
189683,1
189684,2
189685,1
189686,2
189687,2
189688,1
189689,1
189690,2
189691,2
189692,1
189693,0
189694,1
189695,2
189696,1
189697,2
189698,2
189699,2
189700,1
189701,1
189702,2
189703,1
189704,2
189705,2
189706,1
189707,1
189708,2
189709,1
189710,1
189711,2
189712,2
189713,1
189714,0
189715,2
189716,2
189717,1
189718,2
189719,0
189720,0
189721,2
189722,2
189723,1
189724,1
189725,0
189726,0
189727,0
189728,0
189729,1
189730,0
189731,0
189732,0
189733,1
189734,2
189735,1
189736,1
189737,1
189738,2
189739,2
189740,1
189741,2
189742,2
189743,2
189744,2
189745,1
189746,2
189747,2
189748,0
189749,1
189750,2
189751,1
189752,2
189753,1
189754,1
189755,1
189756,1
189757,0
189758,0
189759,2
189760,2
189761,2
189762,2
189763,0
189764,1
189765,0
189766,1
189767,0
189768,1
189769,2
189770,2
189771,2
189772,0
189773,1
189774,0
189775,2
189776,1
189777,1
189778,2
189779,2
189780,2
189781,2
189782,2
189783,1
189784,1
189785,0
189786,0
189787,2
189788,0
189789,1
189790,0
189791,2
189792,1
189793,2
189794,0
189795,0
189796,2
189797,0
189798,2
189799,1
189800,2
189801,1
189802,2
189803,2
189804,1
189805,1
189806,2
189807,2
189808,2
189809,1
189810,1
189811,1
189812,2
189813,1
189814,2
189815,2
189816,2
189817,1
189818,2
189819,2
189820,1
189821,2
189822,2
189823,1
189824,2
189825,1
189826,1
189827,1
189828,0
189829,1
189830,2
189831,1
189832,2
189833,1
189834,1
189835,2
189836,2
189837,2
189838,0
189839,0
189840,1
189841,2
189842,0
189843,2
189844,1
189845,0
189846,1
189847,1
189848,1
189849,2
189850,2
189851,2
189852,1
189853,2
189854,1
189855,1
189856,2
189857,0
189858,2
189859,2
189860,2
189861,0
189862,0
189863,2
189864,1
189865,1
189866,2
189867,1
189868,0
189869,2
189870,1
189871,2
189872,2
189873,1
189874,1
189875,2
189876,2
189877,2
189878,2
189879,1
189880,2
189881,2
189882,0
189883,0
189884,0
189885,0
189886,2
189887,2
189888,0
189889,1
189890,2
189891,0
189892,0
189893,1
189894,2
189895,0
189896,2
189897,2
189898,2
189899,2
189900,1
189901,2
189902,2
189903,0
189904,2
189905,2
189906,2
189907,0
189908,2
189909,0
189910,1
189911,2
189912,1
189913,1
189914,2
189915,0
189916,2
189917,2
189918,1
189919,2
189920,2
189921,1
189922,1
189923,2
189924,1
189925,1
189926,2
189927,1
189928,2
189929,1
189930,0
189931,2
189932,0
189933,1
189934,0
189935,2
189936,0
189937,0
189938,1
189939,2
189940,1
189941,2
189942,1
189943,2
189944,1
189945,0
189946,2
189947,1
189948,2
189949,2
189950,2
189951,2
189952,2
189953,2
189954,2
189955,0
189956,0
189957,1
189958,2
189959,1
189960,2
189961,1
189962,0
189963,2
189964,1
189965,2
189966,0
189967,2
189968,1
189969,2
189970,0
189971,0
189972,2
189973,0
189974,1
189975,0
189976,1
189977,0
189978,2
189979,1
189980,0
189981,1
189982,1
189983,2
189984,2
189985,2
189986,1
189987,2
189988,1
189989,1
189990,2
189991,1
189992,1
189993,2
189994,1
189995,1
189996,2
189997,1
189998,1
189999,0
190000,2
190001,1
190002,2
190003,1
190004,2
190005,0
190006,0
190007,2
190008,0
190009,0
190010,2
190011,0
190012,1
190013,2
190014,0
190015,2
190016,2
190017,2
190018,0
190019,0
190020,2
190021,1
190022,0
190023,1
190024,1
190025,1
190026,2
190027,0
190028,1
190029,0
190030,1
190031,0
190032,1
190033,2
190034,2
190035,2
190036,1
190037,1
190038,1
190039,0
190040,0
190041,2
190042,0
190043,2
190044,2
190045,0
190046,2
190047,0
190048,1
190049,0
190050,1
190051,0
190052,2
190053,1
190054,2
190055,2
190056,0
190057,0
190058,2
190059,2
190060,1
190061,2
190062,2
190063,2
190064,2
190065,0
190066,0
190067,0
190068,1
190069,1
190070,1
190071,2
190072,1
190073,0
190074,1
190075,1
190076,0
190077,1
190078,2
190079,1
190080,0
190081,1
190082,2
190083,2
190084,1
190085,1
190086,0
190087,2
190088,1
190089,1
190090,2
190091,0
190092,2
190093,2
190094,0
190095,2
190096,1
190097,1
190098,1
190099,2
190100,1
190101,1
190102,1
190103,2
190104,2
190105,1
190106,0
190107,2
190108,1
190109,2
190110,2
190111,2
190112,1
190113,0
190114,1
190115,0
190116,1
190117,2
190118,1
190119,2
190120,1
190121,2
190122,2
190123,1
190124,2
190125,1
190126,0
190127,2
190128,0
190129,2
190130,1
190131,2
190132,0
190133,2
190134,2
190135,0
190136,1
190137,1
190138,1
190139,2
190140,0
190141,2
190142,1
190143,0
190144,1
190145,1
190146,0
190147,1
190148,0
190149,1
190150,0
190151,0
190152,2
190153,0
190154,1
190155,0
190156,2
190157,1
190158,1
190159,2
190160,1
190161,1
190162,0
190163,1
190164,2
190165,1
190166,0
190167,1
190168,1
190169,1
190170,1
190171,2
190172,0
190173,1
190174,1
190175,2
190176,0
190177,1
190178,1
190179,2
190180,1
190181,1
190182,2
190183,1
190184,0
190185,0
190186,0
190187,1
190188,0
190189,2
190190,0
190191,1
190192,1
190193,1
190194,2
190195,0
190196,1
190197,0
190198,1
190199,1
190200,1
190201,2
190202,2
190203,2
190204,2
190205,2
190206,2
190207,1
190208,1
190209,2
190210,1
190211,2
190212,2
190213,1
190214,2
190215,1
190216,2
190217,0
190218,1
190219,0
190220,1
190221,1
190222,1
190223,2
190224,0
190225,1
190226,1
190227,2
190228,0
190229,2
190230,1
190231,0
190232,1
190233,2
190234,2
190235,2
190236,0
190237,0
190238,0
190239,2
190240,2
190241,1
190242,1
190243,2
190244,2
190245,1
190246,1
190247,1
190248,0
190249,2
190250,1
190251,1
190252,0
190253,1
190254,1
190255,1
190256,2
190257,1
190258,0
190259,1
190260,2
190261,2
190262,0
190263,1
190264,2
190265,2
190266,2
190267,0
190268,1
190269,1
190270,1
190271,2
190272,2
190273,1
190274,2
190275,2
190276,0
190277,1
190278,2
190279,2
190280,1
190281,1
190282,0
190283,0
190284,2
190285,1
190286,0
190287,2
190288,1
190289,2
190290,2
190291,0
190292,0
190293,2
190294,0
190295,2
190296,2
190297,1
190298,2
190299,2
190300,2
190301,2
190302,2
190303,0
190304,0
190305,1
190306,1
190307,2
190308,0
190309,1
190310,2
190311,1
190312,2
190313,0
190314,2
190315,0
190316,1
190317,2
190318,1
190319,2
190320,0
190321,0
190322,0
190323,0
190324,2
190325,1
190326,1
190327,0
190328,0
190329,2
190330,2
190331,1
190332,1
190333,1
190334,1
190335,1
190336,2
190337,0
190338,2
190339,2
190340,2
190341,1
190342,0
190343,2
190344,2
190345,1
190346,0
190347,1
190348,1
190349,1
190350,2
190351,0
190352,0
190353,2
190354,1
190355,2
190356,2
190357,1
190358,2
190359,1
190360,2
190361,1
190362,1
190363,1
190364,2
190365,2
190366,1
190367,2
190368,2
190369,1
190370,2
190371,2
190372,2
190373,1
190374,1
190375,1
190376,1
190377,2
190378,1
190379,0
190380,2
190381,2
190382,1
190383,1
190384,0
190385,1
190386,0
190387,0
190388,1
190389,1
190390,2
190391,0
190392,1
190393,1
190394,1
190395,0
190396,1
190397,1
190398,2
190399,1
190400,1
190401,0
190402,1
190403,2
190404,0
190405,1
190406,2
190407,2
190408,2
190409,2
190410,0
190411,1
190412,2
190413,1
190414,1
190415,1
190416,1
190417,1
190418,0
190419,2
190420,2
190421,0
190422,2
190423,2
190424,0
190425,2
190426,2
190427,1
190428,1
190429,0
190430,2
190431,1
190432,2
190433,1
190434,1
190435,0
190436,1
190437,2
190438,1
190439,1
190440,2
190441,2
190442,2
190443,2
190444,2
190445,2
190446,1
190447,1
190448,2
190449,0
190450,2
190451,1
190452,1
190453,2
190454,1
190455,1
190456,1
190457,2
190458,2
190459,2
190460,2
190461,1
190462,1
190463,2
190464,2
190465,0
190466,1
190467,2
190468,1
190469,1
190470,1
190471,2
190472,2
190473,0
190474,0
190475,2
190476,1
190477,0
190478,2
190479,1
190480,2
190481,0
190482,1
190483,2
190484,2
190485,2
190486,2
190487,1
190488,2
190489,1
190490,2
190491,1
190492,1
190493,0
190494,2
190495,1
190496,2
190497,1
190498,1
190499,1
190500,0
190501,2
190502,1
190503,1
190504,2
190505,1
190506,1
190507,0
190508,1
190509,0
190510,2
190511,2
190512,0
190513,2
190514,0
190515,2
190516,1
190517,1
190518,1
190519,1
190520,1
190521,2
190522,0
190523,1
190524,2
190525,1
190526,1
190527,1
190528,2
190529,2
190530,2
190531,0
190532,1
190533,0
190534,2
190535,2
190536,0
190537,1
190538,2
190539,2
190540,2
190541,2
190542,2
190543,1
190544,2
190545,2
190546,0
190547,0
190548,0
190549,2
190550,2
190551,0
190552,2
190553,0
190554,2
190555,1
190556,1
190557,2
190558,1
190559,1
190560,1
190561,1
190562,2
190563,2
190564,2
190565,2
190566,2
190567,0
190568,1
190569,2
190570,2
190571,1
190572,2
190573,0
190574,2
190575,0
190576,0
190577,2
190578,2
190579,1
190580,1
190581,2
190582,2
190583,1
190584,2
190585,0
190586,2
190587,1
190588,2
190589,2
190590,1
190591,2
190592,2
190593,2
190594,2
190595,2
190596,0
190597,1
190598,0
190599,2
190600,0
190601,1
190602,1
190603,1
190604,2
190605,2
190606,0
190607,1
190608,2
190609,2
190610,2
190611,1
190612,1
190613,2
190614,0
190615,0
190616,1
190617,2
190618,1
190619,2
190620,2
190621,0
190622,1
190623,1
190624,2
190625,0
190626,1
190627,2
190628,1
190629,1
190630,2
190631,2
190632,0
190633,2
190634,1
190635,2
190636,2
190637,0
190638,1
190639,1
190640,1
190641,1
190642,2
190643,1
190644,1
190645,1
190646,2
190647,1
190648,2
190649,2
190650,2
190651,1
190652,1
190653,1
190654,2
190655,0
190656,1
190657,2
190658,0
190659,0
190660,1
190661,1
190662,0
190663,1
190664,1
190665,0
190666,1
190667,1
190668,2
190669,0
190670,2
190671,1
190672,2
190673,2
190674,1
190675,2
190676,2
190677,0
190678,1
190679,0
190680,1
190681,2
190682,1
190683,1
190684,0
190685,0
190686,1
190687,1
190688,2
190689,0
190690,2
190691,0
190692,1
190693,1
190694,0
190695,1
190696,0
190697,1
190698,0
190699,0
190700,0
190701,2
190702,1
190703,1
190704,2
190705,2
190706,2
190707,1
190708,0
190709,1
190710,2
190711,1
190712,1
190713,2
190714,1
190715,0
190716,1
190717,2
190718,0
190719,2
190720,1
190721,1
190722,2
190723,1
190724,1
190725,0
190726,0
190727,1
190728,1
190729,0
190730,0
190731,0
190732,1
190733,1
190734,0
190735,2
190736,0
190737,1
190738,1
190739,1
190740,1
190741,0
190742,2
190743,0
190744,2
190745,2
190746,2
190747,1
190748,2
190749,2
190750,2
190751,0
190752,1
190753,2
190754,2
190755,2
190756,1
190757,2
190758,0
190759,2
190760,2
190761,2
190762,0
190763,0
190764,2
190765,2
190766,2
190767,2
190768,2
190769,1
190770,2
190771,2
190772,2
190773,2
190774,1
190775,1
190776,2
190777,0
190778,0
190779,2
190780,1
190781,1
190782,2
190783,2
190784,1
190785,0
190786,0
190787,1
190788,2
190789,2
190790,1
190791,1
190792,0
190793,1
190794,0
190795,1
190796,0
190797,0
190798,1
190799,0
190800,1
190801,1
190802,2
190803,1
190804,2
190805,2
190806,2
190807,2
190808,2
190809,2
190810,2
190811,1
190812,2
190813,1
190814,0
190815,2
190816,1
190817,1
190818,1
190819,1
190820,1
190821,1
190822,1
190823,0
190824,0
190825,2
190826,0
190827,1
190828,1
190829,0
190830,2
190831,2
190832,0
190833,1
190834,0
190835,2
190836,2
190837,1
190838,1
190839,1
190840,1
190841,2
190842,2
190843,2
190844,0
190845,2
190846,2
190847,2
190848,1
190849,1
190850,2
190851,2
190852,2
190853,2
190854,1
190855,2
190856,1
190857,1
190858,1
190859,2
190860,2
190861,1
190862,0
190863,1
190864,2
190865,1
190866,1
190867,2
190868,1
190869,1
190870,0
190871,2
190872,2
190873,1
190874,2
190875,2
190876,1
190877,2
190878,2
190879,0
190880,1
190881,2
190882,2
190883,2
190884,1
190885,0
190886,1
190887,1
190888,0
190889,0
190890,1
190891,1
190892,0
190893,0
190894,0
190895,0
190896,1
190897,1
190898,2
190899,2
190900,0
190901,0
190902,1
190903,0
190904,2
190905,0
190906,0
190907,0
190908,2
190909,1
190910,2
190911,0
190912,2
190913,0
190914,2
190915,1
190916,2
190917,0
190918,2
190919,1
190920,0
190921,0
190922,0
190923,2
190924,1
190925,0
190926,0
190927,1
190928,2
190929,2
190930,0
190931,1
190932,1
190933,1
190934,1
190935,2
190936,1
190937,2
190938,2
190939,1
190940,2
190941,1
190942,1
190943,2
190944,1
190945,1
190946,2
190947,2
190948,2
190949,0
190950,1
190951,1
190952,1
190953,2
190954,1
190955,2
190956,0
190957,2
190958,0
190959,2
190960,1
190961,0
190962,0
190963,2
190964,1
190965,2
190966,1
190967,1
190968,1
190969,1
190970,2
190971,2
190972,1
190973,2
190974,2
190975,1
190976,1
190977,2
190978,1
190979,1
190980,1
190981,1
190982,1
190983,0
190984,1
190985,1
190986,1
190987,1
190988,1
190989,2
190990,2
190991,2
190992,1
190993,2
190994,2
190995,1
190996,0
190997,1
190998,2
190999,0
191000,2
191001,2
191002,2
191003,1
191004,2
191005,1
191006,0
191007,1
191008,2
191009,2
191010,2
191011,1
191012,0
191013,0
191014,1
191015,2
191016,1
191017,0
191018,1
191019,0
191020,1
191021,0
191022,1
191023,2
191024,0
191025,0
191026,2
191027,0
191028,1
191029,1
191030,1
191031,1
191032,0
191033,1
191034,0
191035,1
191036,0
191037,0
191038,2
191039,1
191040,0
191041,1
191042,0
191043,2
191044,0
191045,2
191046,0
191047,2
191048,2
191049,2
191050,2
191051,1
191052,1
191053,2
191054,0
191055,1
191056,2
191057,1
191058,1
191059,1
191060,2
191061,1
191062,2
191063,2
191064,1
191065,2
191066,1
191067,1
191068,2
191069,2
191070,2
191071,0
191072,0
191073,0
191074,2
191075,2
191076,2
191077,1
191078,1
191079,0
191080,2
191081,1
191082,1
191083,2
191084,1
191085,0
191086,2
191087,1
191088,2
191089,2
191090,0
191091,2
191092,2
191093,2
191094,2
191095,2
191096,1
191097,0
191098,0
191099,0
191100,1
191101,1
191102,2
191103,0
191104,0
191105,2
191106,0
191107,1
191108,2
191109,1
191110,2
191111,0
191112,2
191113,1
191114,1
191115,0
191116,2
191117,2
191118,0
191119,0
191120,2
191121,1
191122,0
191123,2
191124,1
191125,2
191126,2
191127,2
191128,0
191129,2
191130,0
191131,2
191132,2
191133,1
191134,2
191135,0
191136,2
191137,1
191138,2
191139,1
191140,2
191141,2
191142,1
191143,2
191144,1
191145,1
191146,1
191147,1
191148,1
191149,2
191150,2
191151,1
191152,2
191153,1
191154,0
191155,0
191156,2
191157,0
191158,1
191159,1
191160,2
191161,0
191162,2
191163,1
191164,2
191165,1
191166,1
191167,1
191168,2
191169,2
191170,1
191171,0
191172,0
191173,0
191174,1
191175,1
191176,1
191177,0
191178,1
191179,1
191180,2
191181,2
191182,1
191183,1
191184,1
191185,0
191186,1
191187,1
191188,2
191189,1
191190,0
191191,2
191192,1
191193,1
191194,1
191195,1
191196,1
191197,1
191198,1
191199,1
191200,2
191201,1
191202,2
191203,2
191204,2
191205,0
191206,1
191207,0
191208,1
191209,2
191210,2
191211,2
191212,2
191213,2
191214,1
191215,0
191216,1
191217,2
191218,1
191219,0
191220,1
191221,0
191222,0
191223,2
191224,0
191225,1
191226,1
191227,2
191228,1
191229,1
191230,1
191231,2
191232,2
191233,2
191234,2
191235,1
191236,0
191237,2
191238,2
191239,2
191240,2
191241,1
191242,0
191243,1
191244,0
191245,1
191246,1
191247,2
191248,2
191249,0
191250,2
191251,0
191252,2
191253,2
191254,2
191255,0
191256,2
191257,2
191258,2
191259,1
191260,2
191261,2
191262,1
191263,2
191264,2
191265,2
191266,1
191267,1
191268,2
191269,1
191270,1
191271,2
191272,1
191273,0
191274,1
191275,2
191276,0
191277,1
191278,2
191279,1
191280,0
191281,2
191282,2
191283,1
191284,0
191285,1
191286,1
191287,2
191288,1
191289,2
191290,2
191291,0
191292,2
191293,2
191294,0
191295,1
191296,0
191297,1
191298,2
191299,1
191300,0
191301,1
191302,1
191303,2
191304,0
191305,1
191306,1
191307,1
191308,0
191309,1
191310,2
191311,2
191312,0
191313,1
191314,2
191315,2
191316,2
191317,1
191318,2
191319,1
191320,1
191321,2
191322,1
191323,0
191324,1
191325,1
191326,2
191327,1
191328,1
191329,1
191330,0
191331,2
191332,2
191333,2
191334,1
191335,1
191336,1
191337,2
191338,1
191339,0
191340,2
191341,0
191342,1
191343,2
191344,1
191345,0
191346,2
191347,1
191348,2
191349,2
191350,1
191351,1
191352,2
191353,1
191354,0
191355,0
191356,2
191357,1
191358,2
191359,2
191360,2
191361,1
191362,1
191363,1
191364,1
191365,0
191366,1
191367,0
191368,0
191369,0
191370,2
191371,1
191372,2
191373,2
191374,2
191375,0
191376,2
191377,0
191378,0
191379,2
191380,2
191381,0
191382,1
191383,2
191384,1
191385,0
191386,2
191387,2
191388,1
191389,1
191390,2
191391,1
191392,2
191393,0
191394,0
191395,0
191396,1
191397,1
191398,0
191399,0
191400,0
191401,2
191402,2
191403,2
191404,1
191405,1
191406,1
191407,1
191408,1
191409,1
191410,1
191411,0
191412,1
191413,1
191414,1
191415,2
191416,2
191417,0
191418,0
191419,1
191420,2
191421,2
191422,0
191423,1
191424,0
191425,1
191426,2
191427,0
191428,1
191429,1
191430,1
191431,2
191432,0
191433,2
191434,1
191435,1
191436,1
191437,1
191438,1
191439,2
191440,1
191441,0
191442,1
191443,0
191444,2
191445,0
191446,1
191447,0
191448,0
191449,1
191450,2
191451,2
191452,2
191453,2
191454,1
191455,0
191456,1
191457,1
191458,1
191459,2
191460,1
191461,0
191462,0
191463,2
191464,2
191465,2
191466,0
191467,2
191468,2
191469,0
191470,2
191471,0
191472,2
191473,0
191474,1
191475,2
191476,1
191477,2
191478,1
191479,1
191480,2
191481,2
191482,2
191483,1
191484,1
191485,1
191486,0
191487,2
191488,2
191489,0
191490,1
191491,2
191492,0
191493,2
191494,1
191495,1
191496,0
191497,2
191498,1
191499,1
191500,2
191501,2
191502,2
191503,2
191504,2
191505,1
191506,0
191507,1
191508,1
191509,2
191510,0
191511,1
191512,1
191513,1
191514,2
191515,0
191516,1
191517,2
191518,2
191519,2
191520,2
191521,0
191522,0
191523,2
191524,2
191525,2
191526,2
191527,1
191528,2
191529,2
191530,2
191531,2
191532,2
191533,1
191534,1
191535,0
191536,0
191537,2
191538,2
191539,2
191540,2
191541,2
191542,1
191543,0
191544,0
191545,2
191546,1
191547,0
191548,2
191549,1
191550,2
191551,0
191552,2
191553,1
191554,0
191555,0
191556,0
191557,2
191558,2
191559,0
191560,0
191561,2
191562,2
191563,1
191564,2
191565,1
191566,0
191567,1
191568,0
191569,1
191570,2
191571,2
191572,2
191573,2
191574,1
191575,1
191576,2
191577,2
191578,1
191579,0
191580,1
191581,2
191582,2
191583,2
191584,1
191585,0
191586,1
191587,0
191588,1
191589,1
191590,0
191591,0
191592,1
191593,2
191594,1
191595,1
191596,1
191597,1
191598,2
191599,1
191600,0
191601,2
191602,1
191603,1
191604,1
191605,2
191606,2
191607,1
191608,0
191609,1
191610,1
191611,2
191612,2
191613,0
191614,1
191615,2
191616,2
191617,2
191618,0
191619,0
191620,1
191621,1
191622,2
191623,1
191624,0
191625,1
191626,1
191627,1
191628,1
191629,1
191630,1
191631,1
191632,0
191633,1
191634,1
191635,1
191636,1
191637,0
191638,0
191639,2
191640,2
191641,1
191642,2
191643,1
191644,0
191645,2
191646,0
191647,1
191648,1
191649,1
191650,2
191651,2
191652,2
191653,1
191654,1
191655,1
191656,2
191657,0
191658,1
191659,0
191660,0
191661,2
191662,0
191663,0
191664,0
191665,1
191666,1
191667,0
191668,2
191669,1
191670,2
191671,1
191672,1
191673,0
191674,1
191675,2
191676,1
191677,2
191678,0
191679,1
191680,2
191681,1
191682,0
191683,2
191684,0
191685,1
191686,0
191687,1
191688,0
191689,1
191690,2
191691,2
191692,1
191693,2
191694,2
191695,1
191696,2
191697,1
191698,1
191699,1
191700,2
191701,0
191702,1
191703,1
191704,2
191705,0
191706,2
191707,1
191708,2
191709,2
191710,2
191711,2
191712,1
191713,2
191714,2
191715,2
191716,2
191717,1
191718,0
191719,2
191720,2
191721,1
191722,2
191723,2
191724,0
191725,2
191726,1
191727,2
191728,0
191729,1
191730,0
191731,1
191732,1
191733,2
191734,1
191735,0
191736,1
191737,0
191738,1
191739,1
191740,1
191741,0
191742,0
191743,2
191744,0
191745,2
191746,1
191747,1
191748,2
191749,2
191750,0
191751,0
191752,2
191753,0
191754,2
191755,2
191756,0
191757,2
191758,1
191759,1
191760,1
191761,2
191762,2
191763,2
191764,2
191765,2
191766,1
191767,1
191768,1
191769,1
191770,0
191771,2
191772,0
191773,1
191774,2
191775,2
191776,0
191777,0
191778,1
191779,0
191780,0
191781,2
191782,0
191783,1
191784,1
191785,2
191786,1
191787,0
191788,1
191789,0
191790,1
191791,1
191792,1
191793,1
191794,1
191795,1
191796,1
191797,1
191798,2
191799,2
191800,0
191801,1
191802,2
191803,2
191804,2
191805,2
191806,1
191807,1
191808,1
191809,2
191810,1
191811,0
191812,2
191813,1
191814,2
191815,1
191816,1
191817,2
191818,1
191819,2
191820,0
191821,1
191822,1
191823,0
191824,1
191825,1
191826,1
191827,0
191828,2
191829,0
191830,2
191831,2
191832,1
191833,1
191834,0
191835,1
191836,1
191837,0
191838,0
191839,0
191840,2
191841,1
191842,0
191843,2
191844,2
191845,2
191846,1
191847,1
191848,1
191849,1
191850,2
191851,1
191852,1
191853,1
191854,1
191855,0
191856,1
191857,1
191858,0
191859,1
191860,2
191861,0
191862,1
191863,1
191864,2
191865,1
191866,2
191867,2
191868,2
191869,1
191870,1
191871,0
191872,2
191873,2
191874,2
191875,2
191876,1
191877,2
191878,0
191879,1
191880,1
191881,0
191882,2
191883,1
191884,1
191885,2
191886,0
191887,2
191888,2
191889,2
191890,0
191891,1
191892,2
191893,1
191894,2
191895,0
191896,2
191897,2
191898,1
191899,0
191900,1
191901,1
191902,0
191903,0
191904,1
191905,2
191906,0
191907,0
191908,1
191909,2
191910,1
191911,1
191912,1
191913,1
191914,2
191915,1
191916,1
191917,1
191918,2
191919,1
191920,1
191921,2
191922,0
191923,2
191924,1
191925,0
191926,2
191927,1
191928,1
191929,0
191930,2
191931,2
191932,2
191933,1
191934,0
191935,0
191936,0
191937,0
191938,1
191939,2
191940,1
191941,1
191942,0
191943,0
191944,0
191945,2
191946,1
191947,2
191948,0
191949,1
191950,0
191951,1
191952,2
191953,0
191954,2
191955,1
191956,1
191957,2
191958,0
191959,1
191960,2
191961,1
191962,1
191963,0
191964,2
191965,2
191966,2
191967,0
191968,2
191969,2
191970,2
191971,0
191972,0
191973,0
191974,1
191975,2
191976,2
191977,2
191978,1
191979,1
191980,2
191981,0
191982,2
191983,2
191984,1
191985,1
191986,0
191987,0
191988,1
191989,2
191990,1
191991,1
191992,1
191993,1
191994,1
191995,1
191996,2
191997,1
191998,0
191999,2
192000,2
192001,0
192002,2
192003,2
192004,1
192005,1
192006,0
192007,2
192008,2
192009,0
192010,1
192011,2
192012,1
192013,2
192014,0
192015,0
192016,0
192017,2
192018,2
192019,2
192020,2
192021,1
192022,2
192023,0
192024,2
192025,2
192026,0
192027,2
192028,2
192029,2
192030,1
192031,0
192032,2
192033,2
192034,1
192035,2
192036,2
192037,1
192038,1
192039,1
192040,1
192041,0
192042,1
192043,1
192044,1
192045,2
192046,2
192047,2
192048,2
192049,2
192050,2
192051,1
192052,2
192053,2
192054,1
192055,1
192056,1
192057,2
192058,2
192059,2
192060,1
192061,1
192062,1
192063,0
192064,0
192065,1
192066,0
192067,2
192068,0
192069,1
192070,2
192071,0
192072,0
192073,2
192074,2
192075,2
192076,2
192077,2
192078,1
192079,1
192080,1
192081,1
192082,2
192083,0
192084,2
192085,1
192086,1
192087,2
192088,0
192089,1
192090,2
192091,2
192092,0
192093,2
192094,0
192095,2
192096,2
192097,2
192098,1
192099,2
192100,1
192101,0
192102,2
192103,1
192104,1
192105,1
192106,2
192107,2
192108,2
192109,0
192110,2
192111,0
192112,1
192113,1
192114,1
192115,2
192116,1
192117,1
192118,2
192119,2
192120,2
192121,0
192122,2
192123,2
192124,1
192125,1
192126,2
192127,1
192128,1
192129,1
192130,1
192131,2
192132,1
192133,2
192134,1
192135,2
192136,2
192137,2
192138,1
192139,2
192140,0
192141,2
192142,2
192143,2
192144,0
192145,0
192146,1
192147,1
192148,1
192149,0
192150,2
192151,1
192152,2
192153,2
192154,2
192155,0
192156,0
192157,1
192158,2
192159,2
192160,2
192161,0
192162,2
192163,2
192164,2
192165,0
192166,2
192167,2
192168,2
192169,1
192170,0
192171,2
192172,2
192173,0
192174,2
192175,2
192176,2
192177,2
192178,2
192179,2
192180,2
192181,1
192182,1
192183,0
192184,1
192185,2
192186,1
192187,2
192188,2
192189,1
192190,0
192191,2
192192,0
192193,0
192194,2
192195,2
192196,1
192197,2
192198,2
192199,1
192200,0
192201,1
192202,2
192203,1
192204,1
192205,2
192206,0
192207,1
192208,1
192209,2
192210,1
192211,0
192212,2
192213,2
192214,1
192215,0
192216,2
192217,1
192218,0
192219,1
192220,1
192221,1
192222,1
192223,1
192224,2
192225,1
192226,0
192227,2
192228,2
192229,0
192230,2
192231,1
192232,1
192233,0
192234,0
192235,0
192236,1
192237,2
192238,1
192239,2
192240,2
192241,2
192242,2
192243,2
192244,1
192245,2
192246,2
192247,0
192248,2
192249,0
192250,2
192251,1
192252,1
192253,0
192254,2
192255,2
192256,1
192257,2
192258,1
192259,2
192260,2
192261,1
192262,2
192263,1
192264,1
192265,1
192266,2
192267,1
192268,1
192269,2
192270,1
192271,0
192272,1
192273,2
192274,2
192275,1
192276,1
192277,2
192278,1
192279,2
192280,1
192281,1
192282,0
192283,1
192284,0
192285,1
192286,0
192287,0
192288,1
192289,2
192290,1
192291,0
192292,1
192293,1
192294,0
192295,0
192296,1
192297,1
192298,0
192299,2
192300,1
192301,2
192302,2
192303,1
192304,0
192305,2
192306,2
192307,1
192308,2
192309,0
192310,1
192311,2
192312,2
192313,1
192314,1
192315,2
192316,0
192317,1
192318,0
192319,1
192320,0
192321,0
192322,0
192323,1
192324,1
192325,1
192326,0
192327,0
192328,0
192329,2
192330,2
192331,1
192332,2
192333,1
192334,2
192335,0
192336,1
192337,1
192338,1
192339,2
192340,1
192341,2
192342,1
192343,1
192344,0
192345,2
192346,2
192347,2
192348,1
192349,2
192350,1
192351,0
192352,1
192353,2
192354,1
192355,1
192356,1
192357,1
192358,1
192359,1
192360,2
192361,2
192362,1
192363,2
192364,0
192365,1
192366,1
192367,2
192368,1
192369,1
192370,2
192371,2
192372,1
192373,2
192374,2
192375,1
192376,2
192377,0
192378,2
192379,1
192380,0
192381,2
192382,2
192383,0
192384,1
192385,0
192386,0
192387,1
192388,2
192389,0
192390,0
192391,2
192392,1
192393,0
192394,1
192395,1
192396,1
192397,2
192398,1
192399,0
192400,2
192401,2
192402,2
192403,2
192404,0
192405,2
192406,0
192407,2
192408,1
192409,2
192410,1
192411,1
192412,1
192413,2
192414,2
192415,2
192416,2
192417,0
192418,2
192419,1
192420,2
192421,0
192422,0
192423,2
192424,2
192425,2
192426,1
192427,1
192428,1
192429,0
192430,1
192431,2
192432,2
192433,1
192434,2
192435,1
192436,2
192437,2
192438,2
192439,2
192440,2
192441,2
192442,1
192443,1
192444,2
192445,1
192446,2
192447,2
192448,0
192449,0
192450,1
192451,1
192452,2
192453,2
192454,1
192455,2
192456,1
192457,1
192458,2
192459,2
192460,1
192461,1
192462,1
192463,2
192464,0
192465,1
192466,0
192467,2
192468,2
192469,0
192470,1
192471,0
192472,1
192473,1
192474,2
192475,2
192476,0
192477,0
192478,1
192479,2
192480,2
192481,1
192482,0
192483,2
192484,2
192485,1
192486,1
192487,2
192488,0
192489,2
192490,1
192491,2
192492,0
192493,2
192494,2
192495,2
192496,2
192497,2
192498,0
192499,2
192500,2
192501,2
192502,2
192503,2
192504,0
192505,1
192506,1
192507,1
192508,1
192509,1
192510,2
192511,0
192512,0
192513,2
192514,1
192515,0
192516,2
192517,2
192518,1
192519,1
192520,0
192521,2
192522,0
192523,0
192524,1
192525,0
192526,2
192527,2
192528,1
192529,2
192530,2
192531,0
192532,2
192533,2
192534,1
192535,2
192536,2
192537,2
192538,2
192539,1
192540,2
192541,2
192542,1
192543,2
192544,2
192545,0
192546,2
192547,0
192548,1
192549,1
192550,1
192551,1
192552,0
192553,2
192554,1
192555,1
192556,2
192557,1
192558,2
192559,0
192560,2
192561,2
192562,2
192563,2
192564,1
192565,1
192566,1
192567,2
192568,2
192569,1
192570,0
192571,0
192572,1
192573,1
192574,0
192575,1
192576,2
192577,1
192578,0
192579,2
192580,0
192581,2
192582,1
192583,2
192584,1
192585,1
192586,1
192587,1
192588,0
192589,2
192590,0
192591,2
192592,0
192593,2
192594,2
192595,1
192596,2
192597,2
192598,1
192599,2
192600,0
192601,0
192602,1
192603,2
192604,0
192605,2
192606,2
192607,0
192608,2
192609,2
192610,1
192611,0
192612,0
192613,0
192614,2
192615,1
192616,2
192617,1
192618,2
192619,2
192620,2
192621,2
192622,1
192623,0
192624,1
192625,1
192626,2
192627,2
192628,1
192629,0
192630,0
192631,1
192632,1
192633,2
192634,1
192635,0
192636,1
192637,1
192638,1
192639,2
192640,2
192641,1
192642,2
192643,2
192644,2
192645,0
192646,1
192647,1
192648,2
192649,1
192650,2
192651,2
192652,2
192653,2
192654,0
192655,1
192656,2
192657,2
192658,1
192659,1
192660,1
192661,1
192662,2
192663,2
192664,1
192665,1
192666,1
192667,1
192668,0
192669,0
192670,1
192671,1
192672,2
192673,1
192674,1
192675,1
192676,1
192677,1
192678,0
192679,2
192680,1
192681,2
192682,2
192683,1
192684,2
192685,2
192686,1
192687,2
192688,0
192689,0
192690,1
192691,1
192692,0
192693,2
192694,2
192695,2
192696,2
192697,0
192698,0
192699,0
192700,0
192701,1
192702,1
192703,1
192704,0
192705,2
192706,2
192707,1
192708,2
192709,2
192710,2
192711,0
192712,2
192713,0
192714,2
192715,1
192716,2
192717,0
192718,1
192719,2
192720,2
192721,0
192722,2
192723,0
192724,2
192725,2
192726,2
192727,2
192728,0
192729,2
192730,2
192731,1
192732,0
192733,2
192734,2
192735,1
192736,2
192737,0
192738,2
192739,1
192740,1
192741,1
192742,1
192743,2
192744,1
192745,0
192746,1
192747,0
192748,2
192749,1
192750,0
192751,0
192752,1
192753,2
192754,2
192755,1
192756,1
192757,1
192758,0
192759,1
192760,1
192761,1
192762,2
192763,2
192764,2
192765,1
192766,2
192767,1
192768,2
192769,2
192770,2
192771,2
192772,2
192773,0
192774,2
192775,1
192776,0
192777,2
192778,0
192779,2
192780,2
192781,2
192782,2
192783,1
192784,1
192785,1
192786,1
192787,0
192788,1
192789,2
192790,0
192791,2
192792,2
192793,1
192794,1
192795,1
192796,1
192797,2
192798,0
192799,0
192800,2
192801,2
192802,2
192803,0
192804,2
192805,2
192806,0
192807,2
192808,2
192809,2
192810,2
192811,2
192812,2
192813,1
192814,0
192815,2
192816,1
192817,1
192818,1
192819,2
192820,1
192821,2
192822,2
192823,0
192824,2
192825,1
192826,2
192827,2
192828,1
192829,1
192830,0
192831,2
192832,0
192833,2
192834,0
192835,1
192836,1
192837,1
192838,1
192839,1
192840,2
192841,1
192842,2
192843,2
192844,0
192845,2
192846,1
192847,2
192848,2
192849,1
192850,2
192851,1
192852,2
192853,0
192854,0
192855,0
192856,1
192857,1
192858,1
192859,1
192860,2
192861,2
192862,1
192863,2
192864,1
192865,1
192866,2
192867,2
192868,1
192869,2
192870,1
192871,2
192872,0
192873,1
192874,2
192875,1
192876,1
192877,0
192878,1
192879,2
192880,1
192881,1
192882,2
192883,2
192884,1
192885,2
192886,0
192887,1
192888,1
192889,0
192890,2
192891,0
192892,0
192893,1
192894,0
192895,2
192896,2
192897,0
192898,1
192899,2
192900,2
192901,0
192902,2
192903,0
192904,2
192905,2
192906,0
192907,2
192908,1
192909,2
192910,0
192911,1
192912,2
192913,1
192914,2
192915,1
192916,0
192917,2
192918,1
192919,2
192920,1
192921,2
192922,1
192923,0
192924,0
192925,0
192926,2
192927,1
192928,1
192929,0
192930,0
192931,1
192932,2
192933,1
192934,1
192935,1
192936,2
192937,0
192938,1
192939,2
192940,1
192941,2
192942,2
192943,1
192944,0
192945,2
192946,0
192947,1
192948,2
192949,2
192950,1
192951,0
192952,1
192953,1
192954,1
192955,1
192956,2
192957,2
192958,0
192959,1
192960,2
192961,2
192962,2
192963,1
192964,2
192965,2
192966,0
192967,1
192968,2
192969,1
192970,1
192971,2
192972,0
192973,2
192974,0
192975,1
192976,2
192977,2
192978,2
192979,2
192980,2
192981,1
192982,1
192983,0
192984,2
192985,0
192986,2
192987,2
192988,1
192989,2
192990,2
192991,2
192992,1
192993,1
192994,0
192995,0
192996,1
192997,1
192998,2
192999,2
193000,0
193001,0
193002,2
193003,1
193004,2
193005,1
193006,1
193007,2
193008,0
193009,2
193010,1
193011,1
193012,1
193013,2
193014,2
193015,2
193016,0
193017,1
193018,2
193019,0
193020,1
193021,1
193022,0
193023,0
193024,1
193025,0
193026,0
193027,1
193028,1
193029,2
193030,1
193031,0
193032,1
193033,0
193034,2
193035,0
193036,1
193037,1
193038,0
193039,0
193040,0
193041,1
193042,1
193043,0
193044,2
193045,1
193046,1
193047,2
193048,2
193049,2
193050,2
193051,2
193052,1
193053,2
193054,2
193055,1
193056,2
193057,2
193058,2
193059,2
193060,2
193061,2
193062,0
193063,2
193064,0
193065,2
193066,1
193067,1
193068,1
193069,1
193070,0
193071,2
193072,0
193073,0
193074,1
193075,1
193076,2
193077,2
193078,2
193079,0
193080,1
193081,2
193082,2
193083,1
193084,1
193085,1
193086,1
193087,0
193088,2
193089,2
193090,2
193091,1
193092,1
193093,2
193094,0
193095,2
193096,2
193097,1
193098,2
193099,2
193100,2
193101,2
193102,0
193103,1
193104,2
193105,1
193106,1
193107,2
193108,0
193109,0
193110,2
193111,1
193112,0
193113,0
193114,1
193115,1
193116,1
193117,0
193118,1
193119,2
193120,1
193121,2
193122,0
193123,1
193124,2
193125,0
193126,0
193127,1
193128,2
193129,0
193130,1
193131,1
193132,2
193133,2
193134,1
193135,2
193136,0
193137,1
193138,1
193139,1
193140,1
193141,1
193142,0
193143,1
193144,0
193145,2
193146,0
193147,2
193148,1
193149,1
193150,2
193151,2
193152,2
193153,1
193154,2
193155,2
193156,0
193157,0
193158,2
193159,0
193160,1
193161,2
193162,1
193163,0
193164,1
193165,1
193166,2
193167,0
193168,2
193169,0
193170,0
193171,2
193172,1
193173,1
193174,2
193175,2
193176,0
193177,0
193178,2
193179,1
193180,2
193181,2
193182,1
193183,1
193184,1
193185,2
193186,2
193187,2
193188,2
193189,1
193190,2
193191,0
193192,1
193193,2
193194,2
193195,0
193196,1
193197,2
193198,2
193199,0
193200,1
193201,1
193202,0
193203,2
193204,1
193205,2
193206,0
193207,0
193208,1
193209,1
193210,1
193211,2
193212,0
193213,2
193214,2
193215,1
193216,1
193217,2
193218,1
193219,2
193220,2
193221,1
193222,1
193223,1
193224,2
193225,2
193226,0
193227,2
193228,2
193229,1
193230,1
193231,2
193232,1
193233,0
193234,2
193235,2
193236,2
193237,1
193238,1
193239,1
193240,2
193241,2
193242,0
193243,1
193244,2
193245,1
193246,1
193247,1
193248,0
193249,1
193250,1
193251,2
193252,2
193253,2
193254,2
193255,1
193256,1
193257,2
193258,2
193259,0
193260,0
193261,1
193262,0
193263,1
193264,0
193265,1
193266,2
193267,0
193268,1
193269,2
193270,1
193271,2
193272,2
193273,2
193274,2
193275,1
193276,1
193277,0
193278,1
193279,2
193280,1
193281,0
193282,1
193283,1
193284,2
193285,1
193286,2
193287,0
193288,0
193289,2
193290,2
193291,2
193292,0
193293,1
193294,2
193295,1
193296,0
193297,0
193298,2
193299,1
193300,1
193301,0
193302,2
193303,0
193304,0
193305,1
193306,1
193307,1
193308,1
193309,1
193310,1
193311,2
193312,2
193313,0
193314,2
193315,1
193316,1
193317,2
193318,0
193319,2
193320,2
193321,1
193322,2
193323,1
193324,0
193325,2
193326,2
193327,2
193328,2
193329,2
193330,2
193331,0
193332,1
193333,0
193334,2
193335,2
193336,1
193337,2
193338,0
193339,2
193340,1
193341,2
193342,2
193343,0
193344,1
193345,0
193346,2
193347,0
193348,0
193349,0
193350,1
193351,2
193352,2
193353,0
193354,2
193355,2
193356,2
193357,1
193358,1
193359,2
193360,0
193361,2
193362,2
193363,0
193364,2
193365,0
193366,2
193367,0
193368,1
193369,2
193370,2
193371,2
193372,1
193373,1
193374,2
193375,2
193376,2
193377,1
193378,2
193379,2
193380,2
193381,1
193382,0
193383,1
193384,2
193385,2
193386,1
193387,1
193388,1
193389,0
193390,0
193391,2
193392,0
193393,0
193394,1
193395,2
193396,2
193397,2
193398,1
193399,2
193400,2
193401,1
193402,2
193403,0
193404,2
193405,1
193406,2
193407,1
193408,2
193409,0
193410,0
193411,1
193412,2
193413,1
193414,2
193415,2
193416,1
193417,1
193418,2
193419,1
193420,1
193421,1
193422,2
193423,1
193424,0
193425,1
193426,1
193427,1
193428,0
193429,2
193430,2
193431,0
193432,1
193433,2
193434,0
193435,2
193436,2
193437,2
193438,1
193439,2
193440,2
193441,2
193442,2
193443,2
193444,1
193445,0
193446,2
193447,0
193448,1
193449,1
193450,1
193451,0
193452,0
193453,2
193454,2
193455,1
193456,1
193457,1
193458,2
193459,1
193460,2
193461,2
193462,0
193463,1
193464,2
193465,1
193466,0
193467,2
193468,2
193469,1
193470,1
193471,1
193472,1
193473,1
193474,2
193475,0
193476,1
193477,2
193478,1
193479,2
193480,2
193481,1
193482,2
193483,0
193484,2
193485,2
193486,2
193487,0
193488,0
193489,0
193490,2
193491,2
193492,1
193493,0
193494,2
193495,1
193496,0
193497,1
193498,1
193499,2
193500,1
193501,2
193502,2
193503,2
193504,0
193505,2
193506,1
193507,0
193508,0
193509,2
193510,2
193511,1
193512,1
193513,1
193514,1
193515,2
193516,0
193517,1
193518,1
193519,2
193520,2
193521,1
193522,2
193523,2
193524,1
193525,0
193526,2
193527,2
193528,1
193529,2
193530,0
193531,1
193532,2
193533,2
193534,0
193535,2
193536,2
193537,0
193538,1
193539,2
193540,2
193541,1
193542,0
193543,2
193544,2
193545,1
193546,2
193547,2
193548,0
193549,2
193550,1
193551,1
193552,2
193553,1
193554,1
193555,2
193556,1
193557,2
193558,0
193559,0
193560,2
193561,0
193562,1
193563,2
193564,0
193565,2
193566,0
193567,2
193568,1
193569,2
193570,1
193571,2
193572,2
193573,2
193574,2
193575,2
193576,2
193577,2
193578,1
193579,1
193580,2
193581,2
193582,2
193583,1
193584,1
193585,2
193586,2
193587,2
193588,0
193589,2
193590,2
193591,0
193592,1
193593,2
193594,2
193595,0
193596,2
193597,2
193598,2
193599,0
193600,1
193601,2
193602,1
193603,2
193604,1
193605,0
193606,1
193607,2
193608,0
193609,2
193610,0
193611,2
193612,0
193613,2
193614,2
193615,2
193616,2
193617,2
193618,2
193619,2
193620,0
193621,1
193622,1
193623,0
193624,2
193625,1
193626,1
193627,2
193628,2
193629,0
193630,1
193631,0
193632,0
193633,1
193634,2
193635,1
193636,2
193637,2
193638,1
193639,1
193640,2
193641,1
193642,2
193643,2
193644,1
193645,1
193646,1
193647,0
193648,2
193649,2
193650,1
193651,0
193652,1
193653,1
193654,2
193655,1
193656,1
193657,2
193658,2
193659,2
193660,1
193661,0
193662,0
193663,1
193664,2
193665,0
193666,2
193667,2
193668,1
193669,1
193670,1
193671,1
193672,2
193673,0
193674,1
193675,2
193676,2
193677,2
193678,1
193679,1
193680,2
193681,1
193682,0
193683,0
193684,0
193685,1
193686,2
193687,2
193688,1
193689,1
193690,0
193691,1
193692,1
193693,2
193694,2
193695,1
193696,0
193697,0
193698,2
193699,2
193700,1
193701,2
193702,1
193703,2
193704,2
193705,0
193706,2
193707,1
193708,2
193709,2
193710,2
193711,2
193712,1
193713,2
193714,2
193715,0
193716,2
193717,0
193718,2
193719,1
193720,1
193721,1
193722,0
193723,2
193724,0
193725,2
193726,0
193727,1
193728,2
193729,1
193730,2
193731,1
193732,1
193733,2
193734,1
193735,2
193736,2
193737,1
193738,1
193739,1
193740,2
193741,2
193742,2
193743,2
193744,1
193745,0
193746,0
193747,1
193748,0
193749,0
193750,0
193751,1
193752,1
193753,2
193754,2
193755,1
193756,1
193757,0
193758,1
193759,1
193760,1
193761,2
193762,1
193763,1
193764,1
193765,1
193766,1
193767,0
193768,0
193769,2
193770,1
193771,2
193772,2
193773,0
193774,1
193775,0
193776,0
193777,2
193778,2
193779,1
193780,2
193781,2
193782,0
193783,2
193784,2
193785,0
193786,0
193787,2
193788,2
193789,1
193790,1
193791,1
193792,0
193793,0
193794,2
193795,1
193796,2
193797,2
193798,1
193799,0
193800,0
193801,2
193802,2
193803,0
193804,2
193805,2
193806,2
193807,0
193808,2
193809,2
193810,2
193811,0
193812,2
193813,2
193814,2
193815,2
193816,2
193817,1
193818,1
193819,2
193820,1
193821,2
193822,0
193823,1
193824,0
193825,1
193826,1
193827,0
193828,0
193829,1
193830,1
193831,2
193832,0
193833,0
193834,2
193835,2
193836,0
193837,0
193838,2
193839,2
193840,0
193841,2
193842,0
193843,2
193844,0
193845,1
193846,1
193847,2
193848,2
193849,0
193850,1
193851,1
193852,2
193853,2
193854,2
193855,1
193856,1
193857,1
193858,1
193859,2
193860,2
193861,2
193862,1
193863,2
193864,2
193865,2
193866,1
193867,1
193868,1
193869,0
193870,2
193871,2
193872,0
193873,2
193874,2
193875,0
193876,1
193877,0
193878,2
193879,1
193880,2
193881,1
193882,1
193883,1
193884,1
193885,1
193886,2
193887,1
193888,0
193889,2
193890,0
193891,1
193892,2
193893,1
193894,2
193895,2
193896,2
193897,2
193898,2
193899,2
193900,2
193901,0
193902,2
193903,1
193904,1
193905,0
193906,0
193907,2
193908,2
193909,0
193910,0
193911,2
193912,1
193913,1
193914,2
193915,1
193916,1
193917,2
193918,1
193919,0
193920,0
193921,1
193922,2
193923,1
193924,2
193925,1
193926,2
193927,1
193928,0
193929,1
193930,1
193931,0
193932,1
193933,0
193934,2
193935,1
193936,0
193937,1
193938,1
193939,2
193940,1
193941,1
193942,1
193943,2
193944,1
193945,1
193946,1
193947,2
193948,2
193949,1
193950,1
193951,2
193952,2
193953,2
193954,1
193955,2
193956,0
193957,1
193958,0
193959,1
193960,2
193961,1
193962,2
193963,2
193964,1
193965,2
193966,1
193967,2
193968,2
193969,1
193970,1
193971,2
193972,1
193973,1
193974,2
193975,1
193976,1
193977,1
193978,0
193979,1
193980,2
193981,1
193982,1
193983,2
193984,1
193985,2
193986,1
193987,2
193988,2
193989,1
193990,2
193991,0
193992,1
193993,2
193994,2
193995,0
193996,1
193997,2
193998,1
193999,1
194000,2
194001,2
194002,2
194003,0
194004,2
194005,0
194006,0
194007,1
194008,2
194009,1
194010,2
194011,2
194012,1
194013,1
194014,2
194015,2
194016,2
194017,2
194018,0
194019,2
194020,1
194021,2
194022,2
194023,2
194024,0
194025,2
194026,0
194027,1
194028,2
194029,1
194030,2
194031,1
194032,1
194033,2
194034,1
194035,2
194036,2
194037,2
194038,1
194039,2
194040,2
194041,2
194042,0
194043,1
194044,2
194045,2
194046,1
194047,0
194048,2
194049,2
194050,1
194051,1
194052,0
194053,2
194054,1
194055,1
194056,0
194057,2
194058,2
194059,0
194060,1
194061,2
194062,1
194063,2
194064,2
194065,2
194066,0
194067,0
194068,2
194069,0
194070,1
194071,2
194072,2
194073,2
194074,2
194075,2
194076,0
194077,0
194078,2
194079,1
194080,2
194081,2
194082,2
194083,2
194084,1
194085,2
194086,1
194087,1
194088,1
194089,2
194090,2
194091,0
194092,2
194093,1
194094,0
194095,2
194096,2
194097,1
194098,0
194099,2
194100,0
194101,2
194102,2
194103,1
194104,2
194105,2
194106,0
194107,2
194108,1
194109,1
194110,1
194111,0
194112,2
194113,1
194114,1
194115,1
194116,1
194117,0
194118,2
194119,1
194120,2
194121,2
194122,2
194123,1
194124,2
194125,0
194126,2
194127,2
194128,0
194129,2
194130,1
194131,2
194132,2
194133,1
194134,0
194135,1
194136,1
194137,0
194138,2
194139,0
194140,1
194141,0
194142,2
194143,2
194144,1
194145,1
194146,0
194147,1
194148,0
194149,0
194150,0
194151,1
194152,2
194153,0
194154,2
194155,1
194156,1
194157,2
194158,1
194159,2
194160,1
194161,2
194162,0
194163,2
194164,2
194165,2
194166,1
194167,1
194168,2
194169,1
194170,2
194171,2
194172,2
194173,2
194174,2
194175,2
194176,0
194177,1
194178,2
194179,1
194180,0
194181,2
194182,1
194183,2
194184,2
194185,2
194186,1
194187,1
194188,0
194189,1
194190,0
194191,0
194192,2
194193,1
194194,2
194195,1
194196,2
194197,2
194198,2
194199,1
194200,0
194201,2
194202,1
194203,0
194204,2
194205,0
194206,2
194207,2
194208,1
194209,1
194210,0
194211,0
194212,1
194213,1
194214,1
194215,2
194216,1
194217,0
194218,1
194219,1
194220,2
194221,0
194222,1
194223,2
194224,1
194225,0
194226,2
194227,2
194228,1
194229,0
194230,1
194231,0
194232,1
194233,1
194234,1
194235,0
194236,0
194237,1
194238,2
194239,0
194240,1
194241,1
194242,1
194243,0
194244,2
194245,2
194246,1
194247,0
194248,1
194249,1
194250,2
194251,0
194252,0
194253,1
194254,2
194255,1
194256,2
194257,2
194258,2
194259,1
194260,1
194261,1
194262,2
194263,2
194264,1
194265,0
194266,1
194267,1
194268,1
194269,0
194270,2
194271,2
194272,0
194273,0
194274,2
194275,0
194276,0
194277,2
194278,2
194279,1
194280,2
194281,2
194282,1
194283,2
194284,0
194285,2
194286,0
194287,0
194288,2
194289,0
194290,1
194291,2
194292,0
194293,1
194294,2
194295,2
194296,0
194297,2
194298,1
194299,1
194300,2
194301,1
194302,2
194303,0
194304,0
194305,1
194306,1
194307,0
194308,2
194309,1
194310,1
194311,2
194312,1
194313,1
194314,2
194315,0
194316,2
194317,2
194318,1
194319,2
194320,2
194321,2
194322,1
194323,1
194324,2
194325,1
194326,2
194327,1
194328,0
194329,1
194330,0
194331,2
194332,1
194333,1
194334,1
194335,2
194336,2
194337,2
194338,1
194339,1
194340,2
194341,1
194342,2
194343,2
194344,2
194345,1
194346,2
194347,0
194348,2
194349,1
194350,1
194351,0
194352,0
194353,2
194354,1
194355,2
194356,1
194357,1
194358,1
194359,1
194360,2
194361,2
194362,2
194363,0
194364,1
194365,0
194366,1
194367,2
194368,2
194369,2
194370,1
194371,2
194372,1
194373,1
194374,2
194375,2
194376,2
194377,2
194378,1
194379,2
194380,1
194381,1
194382,2
194383,2
194384,1
194385,1
194386,2
194387,2
194388,2
194389,1
194390,0
194391,2
194392,2
194393,0
194394,2
194395,2
194396,2
194397,1
194398,2
194399,2
194400,0
194401,2
194402,2
194403,0
194404,1
194405,1
194406,0
194407,1
194408,2
194409,0
194410,2
194411,1
194412,0
194413,1
194414,2
194415,0
194416,2
194417,1
194418,1
194419,0
194420,0
194421,2
194422,0
194423,0
194424,1
194425,2
194426,2
194427,1
194428,2
194429,1
194430,2
194431,2
194432,2
194433,2
194434,1
194435,2
194436,1
194437,2
194438,1
194439,1
194440,1
194441,0
194442,0
194443,2
194444,1
194445,1
194446,0
194447,2
194448,2
194449,1
194450,0
194451,2
194452,1
194453,2
194454,1
194455,2
194456,1
194457,1
194458,0
194459,2
194460,0
194461,0
194462,2
194463,0
194464,1
194465,1
194466,1
194467,0
194468,2
194469,2
194470,0
194471,1
194472,1
194473,0
194474,0
194475,2
194476,2
194477,2
194478,2
194479,0
194480,2
194481,2
194482,2
194483,1
194484,2
194485,0
194486,2
194487,1
194488,2
194489,1
194490,2
194491,1
194492,1
194493,1
194494,0
194495,2
194496,1
194497,0
194498,1
194499,2
194500,0
194501,0
194502,2
194503,2
194504,0
194505,1
194506,0
194507,2
194508,1
194509,0
194510,0
194511,1
194512,1
194513,0
194514,1
194515,1
194516,0
194517,2
194518,1
194519,2
194520,2
194521,2
194522,2
194523,2
194524,1
194525,2
194526,2
194527,0
194528,2
194529,2
194530,1
194531,2
194532,1
194533,1
194534,2
194535,1
194536,1
194537,1
194538,1
194539,0
194540,1
194541,0
194542,1
194543,2
194544,1
194545,1
194546,2
194547,0
194548,1
194549,0
194550,2
194551,0
194552,1
194553,1
194554,2
194555,1
194556,1
194557,1
194558,1
194559,1
194560,1
194561,0
194562,2
194563,2
194564,1
194565,2
194566,2
194567,1
194568,1
194569,1
194570,2
194571,2
194572,2
194573,0
194574,2
194575,1
194576,2
194577,2
194578,1
194579,1
194580,0
194581,1
194582,2
194583,1
194584,0
194585,1
194586,2
194587,1
194588,2
194589,0
194590,0
194591,0
194592,1
194593,2
194594,1
194595,1
194596,1
194597,2
194598,1
194599,1
194600,2
194601,0
194602,2
194603,2
194604,2
194605,2
194606,0
194607,2
194608,1
194609,1
194610,2
194611,2
194612,2
194613,2
194614,1
194615,1
194616,2
194617,2
194618,2
194619,1
194620,2
194621,2
194622,0
194623,2
194624,0
194625,0
194626,0
194627,2
194628,1
194629,0
194630,1
194631,0
194632,1
194633,1
194634,0
194635,1
194636,2
194637,2
194638,0
194639,1
194640,2
194641,2
194642,1
194643,2
194644,2
194645,2
194646,1
194647,2
194648,2
194649,2
194650,1
194651,1
194652,2
194653,1
194654,1
194655,2
194656,2
194657,1
194658,2
194659,2
194660,2
194661,2
194662,1
194663,1
194664,2
194665,2
194666,2
194667,0
194668,1
194669,1
194670,1
194671,0
194672,2
194673,2
194674,2
194675,2
194676,1
194677,0
194678,1
194679,1
194680,1
194681,1
194682,2
194683,0
194684,1
194685,1
194686,1
194687,2
194688,0
194689,2
194690,2
194691,2
194692,2
194693,2
194694,1
194695,1
194696,2
194697,2
194698,1
194699,1
194700,0
194701,0
194702,1
194703,2
194704,2
194705,1
194706,2
194707,1
194708,1
194709,2
194710,1
194711,0
194712,1
194713,0
194714,1
194715,2
194716,0
194717,2
194718,1
194719,2
194720,1
194721,0
194722,2
194723,1
194724,2
194725,2
194726,1
194727,2
194728,1
194729,0
194730,0
194731,1
194732,0
194733,2
194734,1
194735,0
194736,1
194737,0
194738,2
194739,1
194740,1
194741,0
194742,2
194743,2
194744,0
194745,2
194746,0
194747,1
194748,1
194749,2
194750,1
194751,1
194752,2
194753,1
194754,0
194755,1
194756,0
194757,0
194758,2
194759,0
194760,1
194761,2
194762,1
194763,0
194764,2
194765,2
194766,1
194767,0
194768,1
194769,0
194770,0
194771,1
194772,0
194773,2
194774,1
194775,1
194776,2
194777,2
194778,0
194779,1
194780,0
194781,1
194782,0
194783,2
194784,1
194785,1
194786,2
194787,2
194788,2
194789,1
194790,0
194791,2
194792,1
194793,2
194794,2
194795,2
194796,1
194797,2
194798,0
194799,0
194800,0
194801,1
194802,0
194803,1
194804,1
194805,2
194806,2
194807,1
194808,2
194809,1
194810,0
194811,2
194812,1
194813,0
194814,2
194815,1
194816,0
194817,2
194818,2
194819,2
194820,0
194821,0
194822,2
194823,0
194824,2
194825,0
194826,1
194827,1
194828,1
194829,2
194830,2
194831,0
194832,2
194833,0
194834,0
194835,2
194836,1
194837,1
194838,1
194839,0
194840,1
194841,0
194842,2
194843,1
194844,1
194845,0
194846,1
194847,0
194848,2
194849,2
194850,0
194851,1
194852,1
194853,2
194854,1
194855,2
194856,2
194857,0
194858,2
194859,0
194860,2
194861,0
194862,2
194863,1
194864,2
194865,1
194866,1
194867,2
194868,1
194869,2
194870,0
194871,1
194872,1
194873,1
194874,1
194875,1
194876,1
194877,1
194878,0
194879,0
194880,1
194881,0
194882,1
194883,2
194884,2
194885,2
194886,1
194887,1
194888,2
194889,1
194890,2
194891,2
194892,0
194893,0
194894,1
194895,1
194896,2
194897,2
194898,2
194899,2
194900,1
194901,1
194902,2
194903,2
194904,1
194905,1
194906,1
194907,2
194908,2
194909,0
194910,1
194911,1
194912,2
194913,2
194914,2
194915,2
194916,1
194917,2
194918,2
194919,2
194920,0
194921,2
194922,2
194923,0
194924,1
194925,2
194926,1
194927,1
194928,2
194929,0
194930,2
194931,1
194932,2
194933,1
194934,1
194935,1
194936,1
194937,1
194938,0
194939,1
194940,1
194941,1
194942,2
194943,1
194944,1
194945,2
194946,1
194947,1
194948,0
194949,0
194950,1
194951,2
194952,2
194953,2
194954,2
194955,1
194956,1
194957,1
194958,2
194959,1
194960,2
194961,2
194962,2
194963,2
194964,0
194965,2
194966,1
194967,1
194968,0
194969,1
194970,0
194971,2
194972,2
194973,0
194974,2
194975,0
194976,2
194977,0
194978,1
194979,2
194980,1
194981,1
194982,2
194983,1
194984,1
194985,2
194986,2
194987,1
194988,2
194989,1
194990,1
194991,0
194992,2
194993,2
194994,2
194995,1
194996,0
194997,1
194998,2
194999,2
195000,0
195001,1
195002,1
195003,2
195004,0
195005,2
195006,2
195007,0
195008,1
195009,0
195010,1
195011,1
195012,2
195013,2
195014,0
195015,0
195016,2
195017,2
195018,1
195019,1
195020,2
195021,0
195022,2
195023,1
195024,2
195025,2
195026,1
195027,0
195028,1
195029,1
195030,2
195031,1
195032,2
195033,2
195034,1
195035,1
195036,2
195037,2
195038,1
195039,2
195040,1
195041,0
195042,2
195043,1
195044,2
195045,2
195046,0
195047,1
195048,2
195049,2
195050,1
195051,2
195052,1
195053,1
195054,2
195055,2
195056,0
195057,2
195058,1
195059,2
195060,0
195061,2
195062,2
195063,2
195064,2
195065,1
195066,1
195067,2
195068,1
195069,2
195070,2
195071,1
195072,2
195073,0
195074,2
195075,0
195076,1
195077,1
195078,1
195079,2
195080,0
195081,2
195082,1
195083,0
195084,2
195085,2
195086,1
195087,0
195088,1
195089,2
195090,1
195091,1
195092,2
195093,2
195094,2
195095,0
195096,2
195097,2
195098,1
195099,1
195100,1
195101,1
195102,2
195103,2
195104,2
195105,2
195106,2
195107,2
195108,1
195109,0
195110,2
195111,2
195112,2
195113,0
195114,1
195115,0
195116,0
195117,2
195118,2
195119,0
195120,1
195121,2
195122,1
195123,1
195124,2
195125,1
195126,2
195127,2
195128,1
195129,0
195130,1
195131,1
195132,1
195133,1
195134,2
195135,0
195136,0
195137,2
195138,1
195139,1
195140,2
195141,1
195142,1
195143,2
195144,2
195145,1
195146,1
195147,2
195148,1
195149,2
195150,2
195151,2
195152,2
195153,2
195154,2
195155,0
195156,1
195157,0
195158,2
195159,0
195160,0
195161,1
195162,2
195163,0
195164,1
195165,2
195166,2
195167,1
195168,0
195169,1
195170,2
195171,1
195172,2
195173,2
195174,2
195175,2
195176,2
195177,2
195178,0
195179,0
195180,2
195181,2
195182,0
195183,1
195184,1
195185,1
195186,0
195187,2
195188,1
195189,0
195190,0
195191,2
195192,2
195193,0
195194,2
195195,1
195196,2
195197,0
195198,1
195199,2
195200,2
195201,1
195202,0
195203,1
195204,0
195205,0
195206,2
195207,0
195208,1
195209,0
195210,2
195211,0
195212,1
195213,2
195214,2
195215,2
195216,0
195217,1
195218,2
195219,0
195220,2
195221,0
195222,2
195223,1
195224,1
195225,2
195226,0
195227,1
195228,2
195229,2
195230,2
195231,2
195232,0
195233,1
195234,1
195235,1
195236,2
195237,1
195238,2
195239,1
195240,0
195241,1
195242,1
195243,0
195244,1
195245,2
195246,0
195247,2
195248,2
195249,1
195250,2
195251,0
195252,0
195253,0
195254,0
195255,2
195256,2
195257,0
195258,2
195259,0
195260,1
195261,0
195262,2
195263,1
195264,0
195265,0
195266,1
195267,2
195268,2
195269,1
195270,2
195271,0
195272,2
195273,2
195274,2
195275,2
195276,1
195277,1
195278,2
195279,1
195280,0
195281,2
195282,0
195283,2
195284,2
195285,2
195286,1
195287,1
195288,2
195289,1
195290,2
195291,1
195292,2
195293,0
195294,1
195295,0
195296,2
195297,2
195298,0
195299,1
195300,2
195301,1
195302,0
195303,1
195304,2
195305,1
195306,2
195307,1
195308,1
195309,2
195310,1
195311,1
195312,2
195313,2
195314,2
195315,1
195316,2
195317,2
195318,1
195319,2
195320,2
195321,2
195322,1
195323,1
195324,2
195325,2
195326,2
195327,2
195328,1
195329,0
195330,2
195331,0
195332,1
195333,1
195334,0
195335,1
195336,1
195337,0
195338,1
195339,2
195340,2
195341,1
195342,1
195343,1
195344,1
195345,2
195346,0
195347,2
195348,1
195349,2
195350,0
195351,1
195352,2
195353,2
195354,1
195355,1
195356,1
195357,1
195358,1
195359,0
195360,1
195361,1
195362,2
195363,2
195364,1
195365,0
195366,1
195367,1
195368,2
195369,2
195370,1
195371,0
195372,1
195373,2
195374,1
195375,2
195376,1
195377,1
195378,2
195379,1
195380,2
195381,2
195382,2
195383,2
195384,2
195385,1
195386,2
195387,0
195388,1
195389,1
195390,0
195391,2
195392,0
195393,2
195394,0
195395,1
195396,2
195397,2
195398,1
195399,2
195400,2
195401,2
195402,2
195403,1
195404,0
195405,2
195406,2
195407,1
195408,2
195409,2
195410,2
195411,1
195412,2
195413,2
195414,1
195415,2
195416,2
195417,1
195418,2
195419,0
195420,1
195421,0
195422,0
195423,2
195424,2
195425,2
195426,1
195427,1
195428,2
195429,1
195430,2
195431,2
195432,2
195433,0
195434,1
195435,2
195436,1
195437,1
195438,1
195439,2
195440,1
195441,1
195442,2
195443,1
195444,0
195445,2
195446,2
195447,1
195448,1
195449,2
195450,1
195451,0
195452,1
195453,0
195454,0
195455,1
195456,1
195457,1
195458,1
195459,1
195460,2
195461,2
195462,2
195463,0
195464,2
195465,1
195466,2
195467,0
195468,1
195469,2
195470,2
195471,2
195472,1
195473,1
195474,1
195475,1
195476,2
195477,1
195478,1
195479,2
195480,2
195481,1
195482,1
195483,1
195484,2
195485,1
195486,2
195487,0
195488,0
195489,1
195490,2
195491,0
195492,0
195493,1
195494,1
195495,0
195496,2
195497,1
195498,1
195499,1
195500,0
195501,0
195502,2
195503,2
195504,2
195505,2
195506,1
195507,0
195508,1
195509,1
195510,1
195511,0
195512,1
195513,1
195514,2
195515,2
195516,0
195517,2
195518,2
195519,2
195520,1
195521,1
195522,1
195523,1
195524,2
195525,1
195526,2
195527,0
195528,1
195529,1
195530,2
195531,0
195532,1
195533,1
195534,1
195535,1
195536,0
195537,2
195538,1
195539,1
195540,0
195541,0
195542,2
195543,1
195544,0
195545,1
195546,0
195547,1
195548,2
195549,1
195550,2
195551,2
195552,1
195553,2
195554,1
195555,2
195556,2
195557,1
195558,0
195559,2
195560,1
195561,2
195562,2
195563,1
195564,1
195565,2
195566,1
195567,1
195568,0
195569,1
195570,1
195571,0
195572,2
195573,0
195574,2
195575,1
195576,2
195577,2
195578,2
195579,2
195580,2
195581,0
195582,2
195583,2
195584,1
195585,0
195586,2
195587,2
195588,2
195589,0
195590,2
195591,2
195592,0
195593,1
195594,2
195595,1
195596,1
195597,2
195598,2
195599,2
195600,0
195601,1
195602,2
195603,2
195604,1
195605,1
195606,0
195607,2
195608,1
195609,1
195610,2
195611,1
195612,1
195613,2
195614,0
195615,0
195616,0
195617,2
195618,2
195619,2
195620,1
195621,0
195622,1
195623,1
195624,2
195625,0
195626,1
195627,1
195628,1
195629,2
195630,1
195631,0
195632,0
195633,1
195634,0
195635,1
195636,2
195637,2
195638,1
195639,2
195640,2
195641,0
195642,1
195643,2
195644,0
195645,2
195646,0
195647,0
195648,1
195649,1
195650,1
195651,1
195652,2
195653,0
195654,0
195655,2
195656,1
195657,1
195658,1
195659,0
195660,2
195661,2
195662,0
195663,0
195664,2
195665,1
195666,2
195667,0
195668,0
195669,1
195670,2
195671,1
195672,1
195673,2
195674,1
195675,1
195676,1
195677,0
195678,0
195679,1
195680,1
195681,1
195682,1
195683,2
195684,1
195685,1
195686,2
195687,2
195688,2
195689,1
195690,2
195691,1
195692,1
195693,0
195694,2
195695,0
195696,0
195697,1
195698,2
195699,2
195700,2
195701,2
195702,1
195703,2
195704,0
195705,2
195706,1
195707,1
195708,1
195709,2
195710,2
195711,2
195712,0
195713,0
195714,0
195715,0
195716,1
195717,2
195718,2
195719,0
195720,2
195721,2
195722,2
195723,0
195724,1
195725,1
195726,0
195727,2
195728,1
195729,1
195730,2
195731,2
195732,1
195733,0
195734,2
195735,1
195736,0
195737,1
195738,2
195739,2
195740,1
195741,0
195742,0
195743,2
195744,0
195745,2
195746,2
195747,1
195748,2
195749,0
195750,1
195751,2
195752,0
195753,2
195754,1
195755,1
195756,1
195757,0
195758,1
195759,2
195760,1
195761,1
195762,2
195763,2
195764,2
195765,1
195766,1
195767,0
195768,1
195769,2
195770,1
195771,0
195772,2
195773,1
195774,0
195775,2
195776,2
195777,0
195778,2
195779,1
195780,1
195781,0
195782,2
195783,1
195784,1
195785,0
195786,0
195787,2
195788,2
195789,1
195790,1
195791,2
195792,2
195793,1
195794,0
195795,0
195796,2
195797,2
195798,1
195799,2
195800,1
195801,2
195802,1
195803,2
195804,2
195805,1
195806,0
195807,2
195808,0
195809,2
195810,1
195811,1
195812,1
195813,1
195814,1
195815,1
195816,1
195817,2
195818,0
195819,2
195820,2
195821,2
195822,0
195823,2
195824,0
195825,2
195826,1
195827,0
195828,2
195829,1
195830,1
195831,1
195832,1
195833,0
195834,1
195835,1
195836,1
195837,0
195838,1
195839,2
195840,2
195841,0
195842,2
195843,2
195844,1
195845,0
195846,2
195847,2
195848,2
195849,2
195850,1
195851,1
195852,1
195853,1
195854,2
195855,1
195856,2
195857,2
195858,2
195859,1
195860,1
195861,2
195862,1
195863,1
195864,2
195865,2
195866,2
195867,2
195868,0
195869,2
195870,0
195871,2
195872,1
195873,1
195874,1
195875,1
195876,1
195877,1
195878,0
195879,0
195880,0
195881,2
195882,2
195883,1
195884,2
195885,1
195886,2
195887,1
195888,2
195889,1
195890,0
195891,2
195892,2
195893,0
195894,1
195895,2
195896,0
195897,1
195898,0
195899,0
195900,2
195901,2
195902,1
195903,2
195904,1
195905,2
195906,0
195907,1
195908,2
195909,1
195910,1
195911,2
195912,2
195913,2
195914,0
195915,2
195916,2
195917,1
195918,0
195919,1
195920,1
195921,0
195922,2
195923,1
195924,2
195925,0
195926,0
195927,1
195928,2
195929,0
195930,0
195931,0
195932,2
195933,2
195934,2
195935,1
195936,0
195937,2
195938,2
195939,1
195940,2
195941,2
195942,2
195943,1
195944,2
195945,1
195946,2
195947,1
195948,1
195949,0
195950,1
195951,2
195952,0
195953,0
195954,1
195955,2
195956,1
195957,0
195958,1
195959,0
195960,2
195961,1
195962,2
195963,2
195964,1
195965,0
195966,2
195967,2
195968,1
195969,1
195970,1
195971,0
195972,2
195973,2
195974,2
195975,2
195976,2
195977,0
195978,2
195979,1
195980,2
195981,1
195982,1
195983,0
195984,2
195985,2
195986,1
195987,0
195988,2
195989,2
195990,2
195991,2
195992,1
195993,1
195994,2
195995,2
195996,0
195997,1
195998,2
195999,1
196000,1
196001,0
196002,0
196003,2
196004,2
196005,2
196006,0
196007,2
196008,0
196009,1
196010,2
196011,1
196012,0
196013,0
196014,1
196015,1
196016,1
196017,2
196018,1
196019,1
196020,0
196021,0
196022,0
196023,2
196024,2
196025,0
196026,2
196027,1
196028,2
196029,2
196030,0
196031,0
196032,0
196033,2
196034,0
196035,2
196036,0
196037,0
196038,2
196039,2
196040,2
196041,1
196042,0
196043,2
196044,1
196045,2
196046,2
196047,1
196048,0
196049,1
196050,2
196051,2
196052,0
196053,1
196054,2
196055,1
196056,1
196057,2
196058,1
196059,2
196060,1
196061,0
196062,1
196063,0
196064,1
196065,1
196066,1
196067,1
196068,0
196069,2
196070,0
196071,1
196072,0
196073,0
196074,2
196075,2
196076,1
196077,1
196078,2
196079,2
196080,2
196081,1
196082,2
196083,1
196084,1
196085,0
196086,2
196087,2
196088,1
196089,0
196090,2
196091,1
196092,1
196093,2
196094,1
196095,2
196096,1
196097,2
196098,0
196099,2
196100,2
196101,2
196102,2
196103,2
196104,1
196105,1
196106,1
196107,1
196108,2
196109,1
196110,2
196111,1
196112,2
196113,1
196114,0
196115,1
196116,2
196117,2
196118,2
196119,2
196120,2
196121,1
196122,1
196123,2
196124,0
196125,1
196126,0
196127,1
196128,0
196129,2
196130,0
196131,2
196132,1
196133,0
196134,1
196135,1
196136,0
196137,0
196138,0
196139,0
196140,1
196141,1
196142,2
196143,2
196144,0
196145,2
196146,2
196147,0
196148,1
196149,1
196150,1
196151,2
196152,0
196153,1
196154,1
196155,0
196156,1
196157,1
196158,2
196159,1
196160,0
196161,0
196162,2
196163,1
196164,1
196165,0
196166,0
196167,1
196168,0
196169,2
196170,0
196171,1
196172,1
196173,0
196174,1
196175,2
196176,1
196177,1
196178,1
196179,2
196180,2
196181,2
196182,1
196183,2
196184,1
196185,2
196186,0
196187,2
196188,2
196189,0
196190,1
196191,0
196192,2
196193,1
196194,2
196195,1
196196,2
196197,1
196198,1
196199,0
196200,1
196201,2
196202,2
196203,0
196204,2
196205,1
196206,1
196207,2
196208,0
196209,0
196210,1
196211,1
196212,1
196213,2
196214,2
196215,2
196216,1
196217,2
196218,2
196219,1
196220,1
196221,1
196222,1
196223,0
196224,1
196225,2
196226,2
196227,2
196228,2
196229,2
196230,2
196231,0
196232,0
196233,1
196234,1
196235,1
196236,2
196237,0
196238,1
196239,2
196240,1
196241,1
196242,1
196243,1
196244,1
196245,2
196246,1
196247,1
196248,1
196249,2
196250,0
196251,1
196252,2
196253,2
196254,2
196255,1
196256,2
196257,0
196258,2
196259,2
196260,2
196261,1
196262,0
196263,2
196264,1
196265,1
196266,2
196267,1
196268,2
196269,0
196270,2
196271,1
196272,1
196273,2
196274,1
196275,2
196276,2
196277,1
196278,2
196279,2
196280,2
196281,2
196282,1
196283,0
196284,1
196285,2
196286,1
196287,0
196288,0
196289,0
196290,1
196291,1
196292,2
196293,0
196294,1
196295,1
196296,2
196297,1
196298,2
196299,1
196300,2
196301,1
196302,2
196303,1
196304,0
196305,1
196306,2
196307,1
196308,2
196309,1
196310,0
196311,0
196312,0
196313,2
196314,0
196315,2
196316,2
196317,0
196318,0
196319,0
196320,1
196321,2
196322,2
196323,2
196324,0
196325,2
196326,1
196327,1
196328,0
196329,1
196330,2
196331,1
196332,1
196333,2
196334,2
196335,1
196336,0
196337,1
196338,0
196339,2
196340,0
196341,2
196342,2
196343,0
196344,2
196345,0
196346,0
196347,2
196348,0
196349,1
196350,2
196351,2
196352,1
196353,0
196354,2
196355,2
196356,2
196357,1
196358,2
196359,1
196360,2
196361,1
196362,0
196363,1
196364,1
196365,2
196366,1
196367,2
196368,2
196369,0
196370,2
196371,2
196372,2
196373,2
196374,2
196375,1
196376,2
196377,2
196378,1
196379,2
196380,2
196381,2
196382,0
196383,0
196384,2
196385,1
196386,2
196387,2
196388,2
196389,0
196390,1
196391,2
196392,2
196393,1
196394,2
196395,1
196396,0
196397,1
196398,0
196399,1
196400,1
196401,1
196402,2
196403,2
196404,0
196405,1
196406,1
196407,2
196408,2
196409,2
196410,2
196411,2
196412,2
196413,0
196414,2
196415,0
196416,1
196417,0
196418,1
196419,1
196420,0
196421,1
196422,2
196423,1
196424,0
196425,0
196426,1
196427,2
196428,1
196429,1
196430,1
196431,1
196432,0
196433,1
196434,0
196435,1
196436,2
196437,2
196438,0
196439,2
196440,2
196441,1
196442,1
196443,2
196444,2
196445,0
196446,1
196447,0
196448,0
196449,1
196450,1
196451,1
196452,2
196453,0
196454,0
196455,1
196456,1
196457,1
196458,2
196459,1
196460,2
196461,2
196462,2
196463,1
196464,1
196465,1
196466,0
196467,1
196468,0
196469,2
196470,2
196471,2
196472,2
196473,2
196474,1
196475,1
196476,2
196477,1
196478,2
196479,0
196480,0
196481,1
196482,2
196483,0
196484,1
196485,1
196486,2
196487,2
196488,2
196489,2
196490,2
196491,0
196492,1
196493,0
196494,0
196495,2
196496,2
196497,2
196498,1
196499,0
196500,2
196501,2
196502,0
196503,2
196504,1
196505,2
196506,0
196507,1
196508,1
196509,2
196510,2
196511,2
196512,1
196513,2
196514,0
196515,2
196516,2
196517,0
196518,2
196519,1
196520,1
196521,0
196522,1
196523,0
196524,0
196525,1
196526,1
196527,0
196528,2
196529,2
196530,2
196531,1
196532,2
196533,0
196534,1
196535,1
196536,1
196537,1
196538,0
196539,2
196540,2
196541,2
196542,0
196543,2
196544,1
196545,2
196546,1
196547,0
196548,1
196549,1
196550,2
196551,1
196552,1
196553,1
196554,2
196555,2
196556,2
196557,1
196558,1
196559,2
196560,2
196561,0
196562,2
196563,0
196564,2
196565,2
196566,0
196567,1
196568,1
196569,0
196570,2
196571,1
196572,1
196573,1
196574,1
196575,0
196576,2
196577,2
196578,1
196579,2
196580,1
196581,2
196582,2
196583,2
196584,2
196585,1
196586,2
196587,2
196588,0
196589,0
196590,1
196591,2
196592,0
196593,1
196594,2
196595,0
196596,2
196597,0
196598,1
196599,2
196600,2
196601,0
196602,1
196603,2
196604,2
196605,0
196606,2
196607,2
196608,0
196609,1
196610,0
196611,0
196612,1
196613,0
196614,0
196615,1
196616,0
196617,1
196618,1
196619,0
196620,1
196621,2
196622,0
196623,1
196624,1
196625,2
196626,0
196627,2
196628,1
196629,2
196630,2
196631,1
196632,1
196633,1
196634,2
196635,1
196636,2
196637,2
196638,2
196639,0
196640,2
196641,2
196642,0
196643,2
196644,1
196645,2
196646,1
196647,0
196648,0
196649,2
196650,2
196651,1
196652,0
196653,1
196654,1
196655,2
196656,0
196657,2
196658,1
196659,1
196660,2
196661,2
196662,2
196663,1
196664,1
196665,1
196666,1
196667,1
196668,0
196669,0
196670,2
196671,2
196672,2
196673,2
196674,2
196675,2
196676,2
196677,0
196678,0
196679,0
196680,0
196681,1
196682,2
196683,2
196684,2
196685,2
196686,0
196687,1
196688,1
196689,2
196690,2
196691,1
196692,2
196693,0
196694,0
196695,0
196696,0
196697,2
196698,2
196699,2
196700,1
196701,0
196702,0
196703,2
196704,1
196705,1
196706,2
196707,1
196708,1
196709,0
196710,2
196711,1
196712,2
196713,0
196714,2
196715,0
196716,2
196717,1
196718,2
196719,2
196720,1
196721,2
196722,1
196723,0
196724,0
196725,2
196726,1
196727,1
196728,2
196729,2
196730,1
196731,1
196732,2
196733,2
196734,2
196735,2
196736,2
196737,1
196738,1
196739,0
196740,2
196741,0
196742,1
196743,2
196744,2
196745,2
196746,0
196747,1
196748,2
196749,0
196750,1
196751,2
196752,2
196753,1
196754,1
196755,2
196756,1
196757,2
196758,1
196759,1
196760,2
196761,0
196762,0
196763,2
196764,2
196765,1
196766,1
196767,1
196768,1
196769,1
196770,1
196771,2
196772,1
196773,1
196774,2
196775,0
196776,1
196777,0
196778,1
196779,1
196780,2
196781,2
196782,2
196783,2
196784,1
196785,2
196786,2
196787,0
196788,0
196789,0
196790,0
196791,1
196792,2
196793,1
196794,2
196795,1
196796,2
196797,2
196798,1
196799,0
196800,2
196801,0
196802,1
196803,1
196804,2
196805,1
196806,0
196807,0
196808,1
196809,2
196810,2
196811,1
196812,2
196813,1
196814,1
196815,2
196816,1
196817,1
196818,2
196819,1
196820,1
196821,1
196822,2
196823,1
196824,2
196825,2
196826,1
196827,2
196828,2
196829,0
196830,1
196831,0
196832,2
196833,1
196834,2
196835,1
196836,1
196837,2
196838,1
196839,1
196840,1
196841,1
196842,1
196843,1
196844,1
196845,2
196846,2
196847,1
196848,1
196849,2
196850,1
196851,1
196852,1
196853,2
196854,2
196855,2
196856,1
196857,0
196858,1
196859,2
196860,2
196861,2
196862,0
196863,0
196864,2
196865,2
196866,2
196867,0
196868,2
196869,2
196870,2
196871,0
196872,2
196873,1
196874,0
196875,1
196876,1
196877,2
196878,2
196879,2
196880,1
196881,1
196882,2
196883,2
196884,1
196885,2
196886,2
196887,1
196888,2
196889,1
196890,2
196891,2
196892,0
196893,0
196894,0
196895,0
196896,1
196897,1
196898,1
196899,0
196900,1
196901,1
196902,2
196903,1
196904,2
196905,1
196906,0
196907,1
196908,2
196909,0
196910,1
196911,1
196912,2
196913,0
196914,1
196915,1
196916,0
196917,1
196918,0
196919,2
196920,0
196921,1
196922,2
196923,1
196924,2
196925,0
196926,0
196927,2
196928,1
196929,1
196930,2
196931,2
196932,1
196933,2
196934,1
196935,0
196936,2
196937,2
196938,2
196939,2
196940,2
196941,1
196942,1
196943,0
196944,0
196945,2
196946,1
196947,0
196948,2
196949,0
196950,2
196951,2
196952,2
196953,1
196954,2
196955,0
196956,2
196957,1
196958,2
196959,2
196960,1
196961,2
196962,0
196963,2
196964,2
196965,2
196966,0
196967,2
196968,0
196969,2
196970,2
196971,2
196972,0
196973,2
196974,1
196975,1
196976,2
196977,1
196978,1
196979,2
196980,2
196981,0
196982,0
196983,2
196984,2
196985,1
196986,1
196987,2
196988,2
196989,1
196990,2
196991,0
196992,1
196993,0
196994,2
196995,1
196996,1
196997,0
196998,1
196999,1
197000,1
197001,1
197002,2
197003,2
197004,0
197005,0
197006,2
197007,1
197008,1
197009,2
197010,0
197011,2
197012,0
197013,0
197014,0
197015,2
197016,2
197017,2
197018,0
197019,1
197020,2
197021,1
197022,2
197023,2
197024,1
197025,1
197026,0
197027,1
197028,2
197029,0
197030,2
197031,1
197032,1
197033,2
197034,2
197035,1
197036,1
197037,0
197038,1
197039,0
197040,0
197041,1
197042,1
197043,2
197044,2
197045,0
197046,2
197047,2
197048,1
197049,0
197050,2
197051,1
197052,0
197053,1
197054,1
197055,1
197056,1
197057,2
197058,0
197059,0
197060,1
197061,1
197062,1
197063,0
197064,1
197065,1
197066,2
197067,2
197068,1
197069,1
197070,0
197071,1
197072,2
197073,1
197074,0
197075,0
197076,1
197077,2
197078,0
197079,1
197080,2
197081,1
197082,1
197083,2
197084,2
197085,2
197086,1
197087,1
197088,1
197089,1
197090,2
197091,1
197092,2
197093,1
197094,1
197095,0
197096,1
197097,1
197098,0
197099,1
197100,2
197101,0
197102,2
197103,1
197104,0
197105,1
197106,1
197107,1
197108,2
197109,2
197110,2
197111,0
197112,2
197113,2
197114,1
197115,2
197116,1
197117,2
197118,2
197119,2
197120,1
197121,0
197122,1
197123,1
197124,2
197125,2
197126,1
197127,1
197128,0
197129,1
197130,2
197131,0
197132,0
197133,2
197134,1
197135,2
197136,1
197137,2
197138,2
197139,1
197140,0
197141,2
197142,1
197143,2
197144,2
197145,0
197146,2
197147,2
197148,2
197149,2
197150,2
197151,1
197152,0
197153,1
197154,1
197155,1
197156,2
197157,2
197158,0
197159,1
197160,1
197161,2
197162,1
197163,0
197164,1
197165,2
197166,1
197167,0
197168,2
197169,2
197170,0
197171,1
197172,2
197173,1
197174,2
197175,2
197176,1
197177,0
197178,1
197179,2
197180,1
197181,2
197182,0
197183,1
197184,1
197185,2
197186,0
197187,2
197188,2
197189,2
197190,2
197191,0
197192,2
197193,1
197194,1
197195,0
197196,2
197197,2
197198,2
197199,2
197200,2
197201,0
197202,1
197203,1
197204,0
197205,0
197206,0
197207,2
197208,2
197209,1
197210,1
197211,2
197212,1
197213,0
197214,1
197215,0
197216,2
197217,1
197218,2
197219,2
197220,1
197221,1
197222,2
197223,0
197224,1
197225,2
197226,2
197227,0
197228,0
197229,1
197230,1
197231,0
197232,0
197233,2
197234,2
197235,1
197236,0
197237,1
197238,2
197239,0
197240,1
197241,0
197242,2
197243,1
197244,1
197245,0
197246,2
197247,2
197248,2
197249,0
197250,0
197251,2
197252,2
197253,2
197254,2
197255,0
197256,2
197257,0
197258,0
197259,2
197260,0
197261,2
197262,2
197263,2
197264,1
197265,1
197266,2
197267,1
197268,0
197269,1
197270,2
197271,2
197272,2
197273,1
197274,1
197275,2
197276,1
197277,1
197278,0
197279,1
197280,1
197281,2
197282,1
197283,0
197284,0
197285,0
197286,0
197287,2
197288,0
197289,0
197290,2
197291,0
197292,2
197293,1
197294,2
197295,0
197296,1
197297,1
197298,0
197299,1
197300,1
197301,2
197302,2
197303,1
197304,1
197305,1
197306,2
197307,0
197308,2
197309,1
197310,2
197311,1
197312,1
197313,1
197314,0
197315,2
197316,1
197317,2
197318,0
197319,2
197320,0
197321,2
197322,2
197323,2
197324,2
197325,2
197326,0
197327,0
197328,1
197329,1
197330,2
197331,1
197332,1
197333,0
197334,2
197335,1
197336,2
197337,1
197338,0
197339,0
197340,1
197341,1
197342,2
197343,2
197344,2
197345,1
197346,0
197347,2
197348,1
197349,1
197350,0
197351,2
197352,1
197353,2
197354,1
197355,1
197356,0
197357,2
197358,1
197359,1
197360,2
197361,1
197362,2
197363,1
197364,1
197365,0
197366,0
197367,2
197368,1
197369,1
197370,1
197371,1
197372,0
197373,0
197374,2
197375,0
197376,2
197377,2
197378,1
197379,2
197380,2
197381,0
197382,0
197383,0
197384,1
197385,2
197386,2
197387,2
197388,1
197389,2
197390,1
197391,1
197392,2
197393,2
197394,0
197395,1
197396,1
197397,0
197398,2
197399,0
197400,2
197401,2
197402,2
197403,0
197404,2
197405,2
197406,1
197407,2
197408,1
197409,1
197410,1
197411,0
197412,1
197413,2
197414,0
197415,0
197416,1
197417,1
197418,1
197419,2
197420,1
197421,1
197422,1
197423,0
197424,1
197425,0
197426,1
197427,0
197428,2
197429,1
197430,2
197431,1
197432,1
197433,1
197434,1
197435,2
197436,1
197437,2
197438,1
197439,2
197440,1
197441,1
197442,2
197443,1
197444,0
197445,1
197446,1
197447,0
197448,1
197449,2
197450,2
197451,2
197452,2
197453,1
197454,2
197455,2
197456,2
197457,2
197458,0
197459,0
197460,0
197461,2
197462,1
197463,2
197464,2
197465,1
197466,0
197467,0
197468,2
197469,0
197470,2
197471,1
197472,2
197473,1
197474,2
197475,0
197476,0
197477,2
197478,1
197479,2
197480,1
197481,2
197482,2
197483,2
197484,0
197485,0
197486,0
197487,0
197488,2
197489,1
197490,0
197491,0
197492,2
197493,2
197494,0
197495,2
197496,0
197497,0
197498,0
197499,2
197500,1
197501,2
197502,0
197503,2
197504,0
197505,2
197506,1
197507,1
197508,0
197509,1
197510,1
197511,0
197512,1
197513,2
197514,2
197515,0
197516,1
197517,2
197518,2
197519,2
197520,2
197521,1
197522,1
197523,2
197524,1
197525,2
197526,2
197527,1
197528,2
197529,1
197530,2
197531,2
197532,1
197533,1
197534,1
197535,0
197536,2
197537,1
197538,2
197539,0
197540,0
197541,2
197542,2
197543,2
197544,0
197545,2
197546,0
197547,2
197548,0
197549,1
197550,2
197551,2
197552,0
197553,1
197554,1
197555,1
197556,1
197557,2
197558,2
197559,1
197560,2
197561,2
197562,2
197563,1
197564,1
197565,1
197566,1
197567,1
197568,2
197569,2
197570,1
197571,0
197572,1
197573,2
197574,0
197575,2
197576,1
197577,2
197578,2
197579,0
197580,0
197581,1
197582,2
197583,1
197584,1
197585,2
197586,2
197587,0
197588,2
197589,0
197590,2
197591,0
197592,1
197593,1
197594,2
197595,1
197596,1
197597,2
197598,0
197599,0
197600,1
197601,2
197602,0
197603,1
197604,2
197605,1
197606,1
197607,2
197608,0
197609,2
197610,0
197611,2
197612,1
197613,0
197614,1
197615,1
197616,2
197617,0
197618,2
197619,1
197620,2
197621,1
197622,2
197623,0
197624,0
197625,0
197626,0
197627,2
197628,1
197629,2
197630,1
197631,1
197632,0
197633,1
197634,2
197635,0
197636,2
197637,0
197638,1
197639,1
197640,2
197641,1
197642,2
197643,2
197644,2
197645,2
197646,0
197647,2
197648,2
197649,1
197650,1
197651,2
197652,2
197653,1
197654,2
197655,2
197656,2
197657,0
197658,1
197659,0
197660,1
197661,2
197662,0
197663,2
197664,1
197665,1
197666,0
197667,2
197668,0
197669,0
197670,2
197671,0
197672,0
197673,1
197674,2
197675,2
197676,2
197677,0
197678,1
197679,2
197680,2
197681,2
197682,1
197683,2
197684,1
197685,0
197686,2
197687,2
197688,2
197689,1
197690,2
197691,1
197692,1
197693,2
197694,1
197695,2
197696,2
197697,2
197698,2
197699,1
197700,2
197701,2
197702,0
197703,1
197704,2
197705,1
197706,1
197707,1
197708,2
197709,0
197710,1
197711,1
197712,2
197713,1
197714,1
197715,1
197716,0
197717,1
197718,1
197719,1
197720,1
197721,2
197722,0
197723,2
197724,0
197725,2
197726,2
197727,0
197728,2
197729,2
197730,1
197731,1
197732,0
197733,1
197734,2
197735,1
197736,1
197737,2
197738,0
197739,0
197740,1
197741,1
197742,1
197743,2
197744,2
197745,2
197746,1
197747,1
197748,1
197749,2
197750,1
197751,0
197752,0
197753,2
197754,2
197755,2
197756,0
197757,1
197758,2
197759,1
197760,1
197761,1
197762,2
197763,1
197764,0
197765,0
197766,1
197767,1
197768,1
197769,2
197770,2
197771,0
197772,2
197773,1
197774,2
197775,0
197776,0
197777,2
197778,0
197779,2
197780,1
197781,1
197782,2
197783,0
197784,1
197785,2
197786,2
197787,2
197788,1
197789,1
197790,2
197791,2
197792,2
197793,1
197794,2
197795,2
197796,0
197797,1
197798,1
197799,2
197800,1
197801,1
197802,2
197803,2
197804,2
197805,2
197806,1
197807,2
197808,0
197809,1
197810,1
197811,1
197812,1
197813,1
197814,0
197815,2
197816,0
197817,1
197818,2
197819,2
197820,0
197821,0
197822,1
197823,0
197824,2
197825,0
197826,1
197827,1
197828,1
197829,2
197830,1
197831,1
197832,1
197833,1
197834,2
197835,0
197836,1
197837,2
197838,2
197839,1
197840,2
197841,2
197842,2
197843,1
197844,0
197845,2
197846,2
197847,2
197848,0
197849,2
197850,2
197851,2
197852,0
197853,1
197854,1
197855,1
197856,2
197857,2
197858,1
197859,0
197860,0
197861,2
197862,2
197863,2
197864,0
197865,1
197866,0
197867,0
197868,1
197869,1
197870,1
197871,1
197872,2
197873,2
197874,0
197875,0
197876,1
197877,0
197878,1
197879,2
197880,1
197881,2
197882,0
197883,2
197884,2
197885,2
197886,2
197887,0
197888,0
197889,2
197890,1
197891,0
197892,2
197893,1
197894,1
197895,0
197896,2
197897,2
197898,0
197899,2
197900,2
197901,1
197902,1
197903,2
197904,0
197905,0
197906,0
197907,0
197908,2
197909,1
197910,1
197911,0
197912,1
197913,1
197914,0
197915,2
197916,2
197917,2
197918,2
197919,0
197920,1
197921,0
197922,1
197923,0
197924,2
197925,2
197926,2
197927,1
197928,1
197929,2
197930,1
197931,2
197932,0
197933,2
197934,2
197935,2
197936,0
197937,1
197938,2
197939,1
197940,1
197941,2
197942,0
197943,2
197944,0
197945,1
197946,1
197947,1
197948,0
197949,0
197950,0
197951,2
197952,0
197953,1
197954,1
197955,1
197956,0
197957,1
197958,1
197959,2
197960,1
197961,0
197962,0
197963,0
197964,2
197965,2
197966,0
197967,1
197968,0
197969,1
197970,2
197971,2
197972,1
197973,1
197974,2
197975,1
197976,2
197977,1
197978,1
197979,2
197980,1
197981,0
197982,2
197983,1
197984,2
197985,0
197986,1
197987,2
197988,2
197989,0
197990,2
197991,1
197992,0
197993,1
197994,2
197995,1
197996,0
197997,2
197998,2
197999,1
198000,2
198001,1
198002,0
198003,2
198004,2
198005,1
198006,1
198007,2
198008,2
198009,0
198010,2
198011,2
198012,1
198013,1
198014,1
198015,2
198016,2
198017,1
198018,1
198019,2
198020,0
198021,0
198022,2
198023,0
198024,1
198025,0
198026,1
198027,0
198028,0
198029,2
198030,2
198031,2
198032,2
198033,2
198034,2
198035,2
198036,2
198037,0
198038,2
198039,2
198040,0
198041,1
198042,2
198043,0
198044,1
198045,1
198046,2
198047,2
198048,2
198049,0
198050,1
198051,1
198052,2
198053,1
198054,1
198055,2
198056,1
198057,2
198058,2
198059,1
198060,0
198061,1
198062,2
198063,0
198064,1
198065,1
198066,1
198067,2
198068,1
198069,2
198070,0
198071,1
198072,1
198073,1
198074,2
198075,0
198076,2
198077,1
198078,0
198079,0
198080,1
198081,2
198082,1
198083,2
198084,1
198085,2
198086,0
198087,2
198088,0
198089,1
198090,2
198091,1
198092,1
198093,1
198094,2
198095,0
198096,1
198097,2
198098,2
198099,1
198100,2
198101,1
198102,1
198103,0
198104,2
198105,2
198106,0
198107,0
198108,1
198109,1
198110,2
198111,1
198112,2
198113,2
198114,2
198115,2
198116,2
198117,1
198118,1
198119,1
198120,1
198121,2
198122,0
198123,2
198124,1
198125,1
198126,1
198127,0
198128,1
198129,1
198130,1
198131,2
198132,2
198133,1
198134,0
198135,2
198136,0
198137,1
198138,1
198139,2
198140,2
198141,1
198142,1
198143,1
198144,1
198145,0
198146,0
198147,1
198148,1
198149,1
198150,1
198151,0
198152,2
198153,1
198154,0
198155,1
198156,1
198157,2
198158,2
198159,2
198160,1
198161,2
198162,2
198163,1
198164,2
198165,1
198166,0
198167,0
198168,2
198169,1
198170,1
198171,0
198172,2
198173,1
198174,2
198175,2
198176,0
198177,2
198178,2
198179,1
198180,1
198181,2
198182,2
198183,1
198184,1
198185,2
198186,2
198187,0
198188,0
198189,2
198190,2
198191,2
198192,1
198193,1
198194,2
198195,2
198196,1
198197,2
198198,1
198199,0
198200,2
198201,2
198202,1
198203,1
198204,0
198205,2
198206,2
198207,1
198208,2
198209,0
198210,1
198211,2
198212,2
198213,1
198214,1
198215,2
198216,2
198217,1
198218,2
198219,0
198220,2
198221,2
198222,2
198223,0
198224,2
198225,0
198226,2
198227,0
198228,1
198229,1
198230,1
198231,0
198232,1
198233,1
198234,1
198235,1
198236,2
198237,1
198238,1
198239,1
198240,1
198241,1
198242,1
198243,2
198244,1
198245,2
198246,1
198247,1
198248,2
198249,2
198250,2
198251,2
198252,2
198253,1
198254,2
198255,2
198256,0
198257,0
198258,1
198259,2
198260,1
198261,1
198262,1
198263,1
198264,2
198265,2
198266,2
198267,2
198268,2
198269,1
198270,2
198271,1
198272,2
198273,2
198274,2
198275,1
198276,2
198277,2
198278,2
198279,2
198280,2
198281,1
198282,2
198283,2
198284,2
198285,1
198286,2
198287,2
198288,1
198289,1
198290,1
198291,0
198292,0
198293,2
198294,2
198295,1
198296,1
198297,2
198298,2
198299,0
198300,2
198301,1
198302,1
198303,1
198304,1
198305,2
198306,0
198307,2
198308,2
198309,1
198310,1
198311,1
198312,0
198313,1
198314,1
198315,0
198316,2
198317,0
198318,1
198319,2
198320,1
198321,2
198322,1
198323,1
198324,2
198325,2
198326,0
198327,1
198328,2
198329,2
198330,0
198331,0
198332,2
198333,2
198334,1
198335,2
198336,2
198337,2
198338,2
198339,2
198340,1
198341,1
198342,2
198343,2
198344,1
198345,2
198346,0
198347,2
198348,2
198349,2
198350,2
198351,2
198352,1
198353,2
198354,1
198355,1
198356,0
198357,1
198358,2
198359,2
198360,2
198361,2
198362,2
198363,2
198364,2
198365,0
198366,0
198367,1
198368,2
198369,2
198370,1
198371,2
198372,1
198373,1
198374,0
198375,1
198376,0
198377,2
198378,2
198379,2
198380,0
198381,1
198382,2
198383,2
198384,1
198385,1
198386,1
198387,2
198388,1
198389,2
198390,1
198391,0
198392,2
198393,0
198394,0
198395,2
198396,1
198397,1
198398,1
198399,2
198400,0
198401,2
198402,2
198403,0
198404,2
198405,2
198406,2
198407,2
198408,1
198409,2
198410,1
198411,2
198412,0
198413,0
198414,2
198415,2
198416,2
198417,1
198418,1
198419,1
198420,2
198421,2
198422,1
198423,2
198424,0
198425,0
198426,2
198427,0
198428,0
198429,2
198430,2
198431,1
198432,1
198433,1
198434,1
198435,0
198436,0
198437,2
198438,2
198439,0
198440,2
198441,2
198442,1
198443,1
198444,0
198445,1
198446,0
198447,1
198448,2
198449,1
198450,0
198451,2
198452,1
198453,2
198454,1
198455,2
198456,0
198457,0
198458,2
198459,2
198460,2
198461,2
198462,0
198463,0
198464,0
198465,2
198466,2
198467,2
198468,1
198469,2
198470,2
198471,0
198472,2
198473,1
198474,1
198475,1
198476,2
198477,1
198478,2
198479,2
198480,2
198481,2
198482,2
198483,2
198484,0
198485,1
198486,2
198487,2
198488,1
198489,1
198490,1
198491,1
198492,2
198493,2
198494,2
198495,0
198496,1
198497,2
198498,1
198499,2
198500,2
198501,1
198502,2
198503,2
198504,1
198505,1
198506,0
198507,0
198508,1
198509,1
198510,2
198511,1
198512,2
198513,0
198514,1
198515,1
198516,0
198517,1
198518,1
198519,2
198520,2
198521,2
198522,2
198523,0
198524,2
198525,1
198526,2
198527,2
198528,1
198529,2
198530,1
198531,1
198532,2
198533,2
198534,2
198535,2
198536,2
198537,2
198538,0
198539,1
198540,1
198541,1
198542,0
198543,0
198544,1
198545,2
198546,2
198547,1
198548,2
198549,0
198550,1
198551,1
198552,0
198553,2
198554,2
198555,2
198556,2
198557,2
198558,2
198559,0
198560,2
198561,2
198562,2
198563,1
198564,0
198565,0
198566,2
198567,2
198568,0
198569,2
198570,0
198571,1
198572,1
198573,2
198574,2
198575,2
198576,2
198577,1
198578,0
198579,0
198580,2
198581,2
198582,0
198583,0
198584,0
198585,2
198586,2
198587,1
198588,1
198589,0
198590,2
198591,1
198592,2
198593,0
198594,2
198595,2
198596,0
198597,1
198598,0
198599,0
198600,2
198601,1
198602,1
198603,2
198604,1
198605,0
198606,0
198607,2
198608,0
198609,2
198610,2
198611,2
198612,2
198613,1
198614,0
198615,1
198616,1
198617,2
198618,1
198619,2
198620,2
198621,0
198622,0
198623,1
198624,1
198625,1
198626,1
198627,0
198628,1
198629,1
198630,1
198631,2
198632,1
198633,1
198634,1
198635,2
198636,2
198637,2
198638,0
198639,2
198640,2
198641,1
198642,1
198643,0
198644,2
198645,2
198646,2
198647,0
198648,2
198649,1
198650,1
198651,1
198652,2
198653,2
198654,2
198655,2
198656,2
198657,2
198658,0
198659,1
198660,0
198661,0
198662,1
198663,2
198664,2
198665,2
198666,2
198667,2
198668,1
198669,1
198670,1
198671,1
198672,1
198673,2
198674,1
198675,2
198676,1
198677,2
198678,0
198679,1
198680,1
198681,2
198682,1
198683,1
198684,1
198685,2
198686,2
198687,1
198688,0
198689,0
198690,1
198691,2
198692,1
198693,1
198694,1
198695,1
198696,2
198697,0
198698,1
198699,2
198700,0
198701,1
198702,2
198703,1
198704,1
198705,1
198706,2
198707,1
198708,2
198709,2
198710,2
198711,2
198712,2
198713,0
198714,0
198715,2
198716,1
198717,2
198718,1
198719,0
198720,2
198721,1
198722,0
198723,0
198724,2
198725,2
198726,2
198727,0
198728,1
198729,0
198730,2
198731,1
198732,2
198733,0
198734,1
198735,1
198736,0
198737,2
198738,1
198739,0
198740,2
198741,2
198742,0
198743,1
198744,2
198745,2
198746,0
198747,2
198748,0
198749,0
198750,1
198751,2
198752,0
198753,0
198754,2
198755,0
198756,0
198757,1
198758,2
198759,1
198760,0
198761,2
198762,2
198763,0
198764,1
198765,1
198766,1
198767,1
198768,2
198769,1
198770,2
198771,2
198772,2
198773,2
198774,2
198775,1
198776,1
198777,1
198778,0
198779,2
198780,2
198781,2
198782,1
198783,2
198784,1
198785,0
198786,0
198787,2
198788,0
198789,1
198790,1
198791,1
198792,2
198793,2
198794,2
198795,2
198796,2
198797,2
198798,1
198799,1
198800,1
198801,0
198802,2
198803,2
198804,1
198805,0
198806,2
198807,1
198808,2
198809,2
198810,0
198811,1
198812,1
198813,1
198814,2
198815,0
198816,2
198817,1
198818,1
198819,0
198820,0
198821,0
198822,1
198823,0
198824,1
198825,2
198826,2
198827,0
198828,1
198829,2
198830,2
198831,0
198832,1
198833,2
198834,2
198835,0
198836,1
198837,1
198838,2
198839,0
198840,0
198841,1
198842,1
198843,1
198844,1
198845,1
198846,1
198847,1
198848,1
198849,0
198850,1
198851,2
198852,1
198853,1
198854,1
198855,1
198856,1
198857,2
198858,0
198859,1
198860,2
198861,2
198862,1
198863,2
198864,2
198865,0
198866,2
198867,0
198868,0
198869,2
198870,2
198871,1
198872,1
198873,1
198874,2
198875,2
198876,2
198877,1
198878,0
198879,2
198880,0
198881,2
198882,1
198883,2
198884,2
198885,0
198886,1
198887,1
198888,2
198889,2
198890,2
198891,2
198892,1
198893,2
198894,0
198895,2
198896,0
198897,1
198898,2
198899,2
198900,2
198901,1
198902,0
198903,2
198904,2
198905,2
198906,1
198907,1
198908,2
198909,1
198910,1
198911,2
198912,2
198913,2
198914,1
198915,0
198916,1
198917,2
198918,0
198919,0
198920,2
198921,2
198922,0
198923,2
198924,1
198925,2
198926,2
198927,1
198928,0
198929,2
198930,2
198931,2
198932,2
198933,0
198934,1
198935,0
198936,0
198937,2
198938,1
198939,2
198940,1
198941,1
198942,0
198943,1
198944,0
198945,1
198946,2
198947,2
198948,2
198949,2
198950,1
198951,1
198952,2
198953,2
198954,2
198955,2
198956,0
198957,2
198958,2
198959,1
198960,1
198961,2
198962,2
198963,1
198964,2
198965,1
198966,1
198967,2
198968,2
198969,0
198970,2
198971,1
198972,2
198973,0
198974,2
198975,2
198976,0
198977,2
198978,2
198979,2
198980,0
198981,0
198982,2
198983,2
198984,0
198985,2
198986,2
198987,1
198988,2
198989,0
198990,1
198991,2
198992,1
198993,1
198994,0
198995,0
198996,2
198997,1
198998,2
198999,2
199000,1
199001,1
199002,1
199003,2
199004,1
199005,2
199006,2
199007,2
199008,2
199009,1
199010,0
199011,1
199012,2
199013,1
199014,2
199015,0
199016,2
199017,0
199018,1
199019,1
199020,0
199021,2
199022,2
199023,1
199024,0
199025,1
199026,1
199027,1
199028,0
199029,2
199030,2
199031,1
199032,0
199033,2
199034,2
199035,0
199036,2
199037,2
199038,2
199039,2
199040,1
199041,2
199042,1
199043,1
199044,1
199045,2
199046,1
199047,2
199048,1
199049,1
199050,2
199051,1
199052,2
199053,2
199054,0
199055,1
199056,2
199057,1
199058,0
199059,2
199060,1
199061,1
199062,2
199063,1
199064,1
199065,0
199066,1
199067,1
199068,2
199069,0
199070,1
199071,2
199072,0
199073,1
199074,1
199075,1
199076,2
199077,1
199078,0
199079,2
199080,1
199081,1
199082,2
199083,2
199084,2
199085,2
199086,2
199087,2
199088,1
199089,2
199090,2
199091,2
199092,2
199093,2
199094,1
199095,2
199096,1
199097,0
199098,0
199099,1
199100,1
199101,0
199102,0
199103,1
199104,2
199105,2
199106,2
199107,1
199108,0
199109,0
199110,1
199111,2
199112,2
199113,1
199114,2
199115,1
199116,2
199117,2
199118,2
199119,2
199120,2
199121,2
199122,1
199123,2
199124,1
199125,0
199126,1
199127,1
199128,2
199129,2
199130,1
199131,2
199132,1
199133,2
199134,2
199135,1
199136,0
199137,2
199138,0
199139,0
199140,2
199141,2
199142,0
199143,0
199144,1
199145,1
199146,1
199147,2
199148,1
199149,2
199150,2
199151,1
199152,1
199153,0
199154,1
199155,0
199156,1
199157,2
199158,0
199159,2
199160,1
199161,1
199162,0
199163,2
199164,1
199165,1
199166,2
199167,1
199168,1
199169,1
199170,1
199171,1
199172,2
199173,0
199174,0
199175,2
199176,0
199177,0
199178,0
199179,2
199180,2
199181,2
199182,0
199183,2
199184,1
199185,2
199186,1
199187,1
199188,2
199189,0
199190,0
199191,0
199192,0
199193,0
199194,2
199195,2
199196,1
199197,0
199198,0
199199,2
199200,2
199201,2
199202,2
199203,0
199204,1
199205,2
199206,1
199207,2
199208,2
199209,1
199210,1
199211,2
199212,2
199213,0
199214,0
199215,2
199216,1
199217,0
199218,1
199219,1
199220,1
199221,0
199222,1
199223,0
199224,1
199225,0
199226,2
199227,0
199228,2
199229,1
199230,0
199231,2
199232,1
199233,1
199234,2
199235,2
199236,0
199237,2
199238,1
199239,2
199240,2
199241,0
199242,1
199243,1
199244,1
199245,2
199246,1
199247,1
199248,2
199249,1
199250,2
199251,1
199252,1
199253,1
199254,2
199255,0
199256,0
199257,2
199258,1
199259,2
199260,2
199261,0
199262,0
199263,0
199264,0
199265,1
199266,2
199267,0
199268,1
199269,1
199270,2
199271,1
199272,2
199273,2
199274,0
199275,1
199276,0
199277,0
199278,2
199279,0
199280,1
199281,0
199282,2
199283,2
199284,1
199285,2
199286,1
199287,0
199288,1
199289,0
199290,1
199291,0
199292,1
199293,1
199294,0
199295,2
199296,2
199297,2
199298,0
199299,2
199300,2
199301,2
199302,1
199303,0
199304,2
199305,2
199306,1
199307,1
199308,0
199309,1
199310,1
199311,2
199312,2
199313,1
199314,1
199315,1
199316,1
199317,2
199318,1
199319,2
199320,1
199321,2
199322,0
199323,2
199324,2
199325,1
199326,1
199327,1
199328,1
199329,2
199330,2
199331,0
199332,2
199333,2
199334,0
199335,0
199336,2
199337,1
199338,1
199339,0
199340,2
199341,2
199342,2
199343,2
199344,0
199345,0
199346,0
199347,1
199348,2
199349,2
199350,0
199351,2
199352,0
199353,1
199354,2
199355,1
199356,0
199357,2
199358,1
199359,2
199360,1
199361,2
199362,1
199363,2
199364,2
199365,1
199366,1
199367,0
199368,0
199369,2
199370,1
199371,2
199372,0
199373,0
199374,0
199375,0
199376,0
199377,2
199378,2
199379,0
199380,2
199381,1
199382,1
199383,2
199384,1
199385,2
199386,1
199387,2
199388,1
199389,1
199390,2
199391,0
199392,1
199393,2
199394,1
199395,2
199396,1
199397,1
199398,1
199399,2
199400,2
199401,1
199402,2
199403,1
199404,2
199405,2
199406,1
199407,1
199408,2
199409,2
199410,0
199411,2
199412,2
199413,0
199414,1
199415,2
199416,1
199417,1
199418,1
199419,0
199420,2
199421,2
199422,2
199423,2
199424,1
199425,1
199426,1
199427,0
199428,1
199429,0
199430,1
199431,2
199432,1
199433,2
199434,2
199435,1
199436,1
199437,2
199438,1
199439,2
199440,0
199441,1
199442,1
199443,1
199444,2
199445,1
199446,0
199447,0
199448,0
199449,2
199450,0
199451,2
199452,0
199453,0
199454,0
199455,2
199456,1
199457,2
199458,1
199459,2
199460,1
199461,2
199462,2
199463,2
199464,1
199465,1
199466,1
199467,0
199468,1
199469,0
199470,1
199471,1
199472,2
199473,0
199474,2
199475,2
199476,2
199477,2
199478,1
199479,0
199480,1
199481,1
199482,0
199483,2
199484,0
199485,1
199486,1
199487,2
199488,2
199489,2
199490,0
199491,0
199492,0
199493,0
199494,1
199495,0
199496,1
199497,2
199498,1
199499,1
199500,0
199501,2
199502,0
199503,2
199504,2
199505,0
199506,1
199507,0
199508,2
199509,1
199510,1
199511,1
199512,1
199513,0
199514,1
199515,0
199516,0
199517,2
199518,0
199519,1
199520,2
199521,0
199522,1
199523,2
199524,0
199525,1
199526,2
199527,0
199528,2
199529,2
199530,1
199531,2
199532,0
199533,0
199534,1
199535,0
199536,0
199537,0
199538,0
199539,1
199540,1
199541,2
199542,0
199543,2
199544,2
199545,2
199546,0
199547,2
199548,1
199549,0
199550,1
199551,2
199552,2
199553,1
199554,1
199555,2
199556,2
199557,1
199558,1
199559,2
199560,2
199561,2
199562,2
199563,1
199564,0
199565,1
199566,2
199567,2
199568,0
199569,0
199570,2
199571,1
199572,2
199573,2
199574,1
199575,0
199576,0
199577,2
199578,0
199579,1
199580,1
199581,2
199582,1
199583,1
199584,0
199585,1
199586,1
199587,2
199588,1
199589,2
199590,1
199591,2
199592,0
199593,1
199594,2
199595,2
199596,1
199597,1
199598,0
199599,1
199600,1
199601,1
199602,2
199603,2
199604,2
199605,0
199606,2
199607,2
199608,2
199609,0
199610,1
199611,1
199612,0
199613,2
199614,2
199615,2
199616,2
199617,0
199618,2
199619,2
199620,2
199621,2
199622,2
199623,0
199624,2
199625,2
199626,0
199627,1
199628,2
199629,1
199630,1
199631,1
199632,2
199633,2
199634,0
199635,0
199636,1
199637,2
199638,2
199639,2
199640,2
199641,0
199642,1
199643,1
199644,0
199645,2
199646,1
199647,1
199648,1
199649,1
199650,1
199651,1
199652,1
199653,1
199654,2
199655,1
199656,2
199657,2
199658,1
199659,1
199660,1
199661,0
199662,2
199663,0
199664,2
199665,1
199666,0
199667,0
199668,0
199669,0
199670,1
199671,1
199672,1
199673,2
199674,2
199675,1
199676,2
199677,0
199678,2
199679,0
199680,1
199681,2
199682,2
199683,1
199684,0
199685,0
199686,2
199687,2
199688,1
199689,1
199690,1
199691,1
199692,2
199693,2
199694,1
199695,0
199696,2
199697,0
199698,2
199699,0
199700,1
199701,1
199702,1
199703,0
199704,2
199705,2
199706,2
199707,0
199708,0
199709,1
199710,2
199711,2
199712,2
199713,1
199714,1
199715,1
199716,0
199717,1
199718,1
199719,2
199720,1
199721,0
199722,1
199723,2
199724,1
199725,0
199726,2
199727,2
199728,2
199729,1
199730,0
199731,0
199732,0
199733,1
199734,2
199735,1
199736,0
199737,1
199738,0
199739,2
199740,2
199741,1
199742,1
199743,0
199744,0
199745,2
199746,1
199747,0
199748,1
199749,2
199750,0
199751,0
199752,2
199753,1
199754,1
199755,1
199756,1
199757,1
199758,2
199759,2
199760,2
199761,0
199762,1
199763,2
199764,1
199765,0
199766,0
199767,1
199768,0
199769,0
199770,2
199771,0
199772,1
199773,1
199774,2
199775,2
199776,2
199777,0
199778,1
199779,1
199780,0
199781,0
199782,2
199783,0
199784,1
199785,1
199786,2
199787,1
199788,1
199789,1
199790,0
199791,0
199792,1
199793,0
199794,2
199795,2
199796,2
199797,1
199798,1
199799,2
199800,0
199801,1
199802,1
199803,0
199804,1
199805,1
199806,2
199807,2
199808,0
199809,0
199810,1
199811,2
199812,1
199813,1
199814,1
199815,1
199816,0
199817,0
199818,1
199819,1
199820,1
199821,0
199822,0
199823,1
199824,1
199825,1
199826,2
199827,0
199828,2
199829,0
199830,2
199831,1
199832,2
199833,0
199834,2
199835,1
199836,2
199837,1
199838,0
199839,1
199840,2
199841,2
199842,1
199843,2
199844,0
199845,1
199846,1
199847,1
199848,0
199849,1
199850,2
199851,1
199852,0
199853,1
199854,2
199855,0
199856,1
199857,1
199858,1
199859,0
199860,0
199861,2
199862,1
199863,1
199864,2
199865,2
199866,0
199867,1
199868,2
199869,2
199870,0
199871,2
199872,2
199873,2
199874,2
199875,2
199876,2
199877,1
199878,0
199879,0
199880,0
199881,1
199882,0
199883,1
199884,1
199885,0
199886,2
199887,1
199888,2
199889,2
199890,1
199891,1
199892,2
199893,2
199894,2
199895,0
199896,0
199897,1
199898,1
199899,2
199900,2
199901,0
199902,2
199903,1
199904,0
199905,1
199906,2
199907,1
199908,2
199909,0
199910,1
199911,0
199912,2
199913,1
199914,2
199915,0
199916,2
199917,0
199918,1
199919,1
199920,0
199921,2
199922,0
199923,0
199924,1
199925,1
199926,1
199927,1
199928,0
199929,0
199930,2
199931,2
199932,0
199933,0
199934,2
199935,0
199936,1
199937,1
199938,1
199939,2
199940,2
199941,1
199942,2
199943,1
199944,0
199945,0
199946,2
199947,1
199948,1
199949,0
199950,0
199951,1
199952,1
199953,1
199954,1
199955,2
199956,1
199957,1
199958,1
199959,2
199960,1
199961,1
199962,2
199963,0
199964,0
199965,2
199966,2
199967,1
199968,2
199969,1
199970,2
199971,1
199972,2
199973,2
199974,2
199975,2
199976,2
199977,2
199978,1
199979,0
199980,1
199981,2
199982,2
199983,0
199984,2
199985,2
199986,1
199987,0
199988,1
199989,2
199990,0
199991,1
199992,2
199993,2
199994,2
199995,1
199996,1
199997,1
199998,2
199999,0
200000,2
200001,2
200002,0
200003,1
200004,0
200005,2
200006,0
200007,2
200008,1
200009,0
200010,2
200011,2
200012,2
200013,2
200014,1
200015,2
200016,2
200017,0
200018,2
200019,2
200020,2
200021,0
200022,2
200023,2
200024,2
200025,2
200026,2
200027,2
200028,1
200029,2
200030,2
200031,2
200032,2
200033,1
200034,0
200035,2
200036,2
200037,1
200038,1
200039,1
200040,2
200041,1
200042,1
200043,0
200044,2
200045,2
200046,2
200047,0
200048,1
200049,2
200050,1
200051,2
200052,2
200053,2
200054,2
200055,1
200056,1
200057,1
200058,2
200059,2
200060,2
200061,2
200062,1
200063,0
200064,1
200065,0
200066,2
200067,2
200068,1
200069,2
200070,1
200071,2
200072,0
200073,1
200074,0
200075,2
200076,0
200077,2
200078,1
200079,1
200080,1
200081,0
200082,0
200083,1
200084,2
200085,1
200086,2
200087,1
200088,1
200089,2
200090,2
200091,2
200092,2
200093,1
200094,1
200095,0
200096,1
200097,1
200098,0
200099,2
200100,2
200101,1
200102,2
200103,1
200104,2
200105,2
200106,2
200107,1
200108,1
200109,1
200110,0
200111,2
200112,1
200113,0
200114,2
200115,2
200116,0
200117,1
200118,2
200119,2
200120,2
200121,0
200122,1
200123,2
200124,0
200125,2
200126,0
200127,1
200128,1
200129,2
200130,0
200131,2
200132,2
200133,0
200134,2
200135,2
200136,1
200137,2
200138,1
200139,1
200140,0
200141,1
200142,0
200143,2
200144,0
200145,2
200146,2
200147,1
200148,1
200149,1
200150,2
200151,2
200152,2
200153,1
200154,1
200155,2
200156,2
200157,1
200158,2
200159,2
200160,1
200161,1
200162,2
200163,2
200164,0
200165,2
200166,1
200167,1
200168,2
200169,1
200170,2
200171,2
200172,1
200173,2
200174,1
200175,2
200176,2
200177,2
200178,0
200179,2
200180,1
200181,1
200182,2
200183,2
200184,1
200185,1
200186,2
200187,2
200188,0
200189,1
200190,1
200191,2
200192,1
200193,0
200194,1
200195,2
200196,1
200197,1
200198,0
200199,2
200200,0
200201,2
200202,0
200203,1
200204,0
200205,2
200206,1
200207,1
200208,2
200209,2
200210,2
200211,1
200212,2
200213,1
200214,2
200215,2
200216,2
200217,2
200218,2
200219,2
200220,1
200221,1
200222,1
200223,0
200224,1
200225,2
200226,0
200227,1
200228,2
200229,1
200230,2
200231,0
200232,1
200233,2
200234,0
200235,0
200236,2
200237,2
200238,2
200239,0
200240,1
200241,0
200242,2
200243,2
200244,1
200245,1
200246,0
200247,1
200248,2
200249,2
200250,2
200251,1
200252,2
200253,0
200254,2
200255,1
200256,0
200257,1
200258,1
200259,2
200260,1
200261,2
200262,2
200263,2
200264,0
200265,1
200266,2
200267,1
200268,2
200269,0
200270,1
200271,2
200272,1
200273,2
200274,2
200275,0
200276,2
200277,2
200278,0
200279,1
200280,0
200281,2
200282,1
200283,1
200284,0
200285,0
200286,1
200287,1
200288,0
200289,1
200290,2
200291,0
200292,1
200293,1
200294,1
200295,0
200296,0
200297,2
200298,0
200299,1
200300,1
200301,2
200302,2
200303,1
200304,1
200305,2
200306,1
200307,1
200308,2
200309,1
200310,2
200311,2
200312,1
200313,2
200314,1
200315,2
200316,0
200317,2
200318,0
200319,2
200320,1
200321,2
200322,2
200323,0
200324,2
200325,2
200326,0
200327,1
200328,0
200329,1
200330,1
200331,2
200332,2
200333,2
200334,1
200335,2
200336,1
200337,2
200338,2
200339,2
200340,1
200341,1
200342,2
200343,2
200344,0
200345,1
200346,1
200347,1
200348,0
200349,1
200350,0
200351,0
200352,2
200353,1
200354,1
200355,2
200356,1
200357,2
200358,2
200359,2
200360,2
200361,1
200362,1
200363,1
200364,1
200365,2
200366,2
200367,1
200368,1
200369,2
200370,2
200371,1
200372,2
200373,2
200374,0
200375,2
200376,1
200377,2
200378,0
200379,1
200380,1
200381,1
200382,1
200383,0
200384,0
200385,0
200386,2
200387,0
200388,2
200389,0
200390,0
200391,0
200392,2
200393,2
200394,2
200395,0
200396,1
200397,1
200398,0
200399,2
200400,2
200401,0
200402,2
200403,1
200404,2
200405,0
200406,2
200407,2
200408,2
200409,1
200410,1
200411,2
200412,2
200413,2
200414,2
200415,2
200416,0
200417,1
200418,0
200419,1
200420,1
200421,0
200422,2
200423,0
200424,1
200425,0
200426,2
200427,0
200428,2
200429,1
200430,2
200431,1
200432,2
200433,2
200434,1
200435,1
200436,2
200437,1
200438,2
200439,1
200440,1
200441,1
200442,1
200443,2
200444,2
200445,0
200446,2
200447,2
200448,2
200449,0
200450,0
200451,2
200452,0
200453,0
200454,1
200455,2
200456,1
200457,2
200458,2
200459,0
200460,1
200461,1
200462,2
200463,2
200464,2
200465,0
200466,2
200467,1
200468,2
200469,2
200470,2
200471,0
200472,0
200473,1
200474,1
200475,0
200476,0
200477,1
200478,0
200479,1
200480,2
200481,0
200482,2
200483,2
200484,1
200485,0
200486,2
200487,1
200488,2
200489,0
200490,2
200491,2
200492,1
200493,0
200494,2
200495,2
200496,1
200497,2
200498,0
200499,2
200500,1
200501,0
200502,2
200503,1
200504,0
200505,2
200506,1
200507,1
200508,2
200509,1
200510,1
200511,0
200512,0
200513,0
200514,2
200515,2
200516,1
200517,2
200518,0
200519,2
200520,0
200521,1
200522,2
200523,1
200524,1
200525,0
200526,2
200527,1
200528,2
200529,1
200530,2
200531,1
200532,2
200533,1
200534,0
200535,0
200536,2
200537,2
200538,2
200539,2
200540,2
200541,2
200542,1
200543,2
200544,0
200545,2
200546,2
200547,2
200548,2
200549,2
200550,2
200551,1
200552,1
200553,2
200554,2
200555,0
200556,2
200557,2
200558,2
200559,1
200560,1
200561,2
200562,2
200563,2
200564,1
200565,1
200566,1
200567,2
200568,1
200569,2
200570,2
200571,1
200572,0
200573,2
200574,1
200575,2
200576,2
200577,2
200578,0
200579,1
200580,2
200581,0
200582,2
200583,1
200584,2
200585,1
200586,2
200587,1
200588,2
200589,2
200590,2
200591,2
200592,1
200593,2
200594,1
200595,0
200596,0
200597,2
200598,2
200599,1
200600,1
200601,2
200602,1
200603,0
200604,1
200605,2
200606,2
200607,0
200608,2
200609,1
200610,1
200611,2
200612,1
200613,2
200614,2
200615,1
200616,2
200617,2
200618,1
200619,0
200620,0
200621,1
200622,2
200623,0
200624,2
200625,2
200626,2
200627,2
200628,2
200629,2
200630,1
200631,1
200632,2
200633,1
200634,1
200635,1
200636,0
200637,0
200638,1
200639,1
200640,2
200641,0
200642,1
200643,1
200644,2
200645,2
200646,2
200647,1
200648,0
200649,1
200650,2
200651,2
200652,2
200653,1
200654,2
200655,2
200656,1
200657,1
200658,2
200659,0
200660,2
200661,1
200662,2
200663,1
200664,1
200665,0
200666,0
200667,1
200668,2
200669,2
200670,0
200671,2
200672,1
200673,2
200674,0
200675,2
200676,1
200677,1
200678,1
200679,0
200680,2
200681,2
200682,2
200683,2
200684,2
200685,1
200686,2
200687,1
200688,2
200689,1
200690,2
200691,2
200692,1
200693,2
200694,2
200695,1
200696,2
200697,1
200698,2
200699,1
200700,1
200701,0
200702,1
200703,2
200704,2
200705,0
200706,2
200707,2
200708,1
200709,0
200710,1
200711,0
200712,2
200713,1
200714,1
200715,2
200716,1
200717,1
200718,1
200719,2
200720,1
200721,2
200722,2
200723,1
200724,1
200725,2
200726,2
200727,1
200728,1
200729,0
200730,1
200731,2
200732,2
200733,1
200734,1
200735,0
200736,1
200737,1
200738,1
200739,1
200740,2
200741,1
200742,1
200743,2
200744,0
200745,2
200746,1
200747,2
200748,2
200749,1
200750,2
200751,1
200752,1
200753,0
200754,2
200755,1
200756,2
200757,2
200758,2
200759,2
200760,1
200761,2
200762,0
200763,1
200764,1
200765,0
200766,1
200767,1
200768,2
200769,2
200770,0
200771,2
200772,2
200773,2
200774,0
200775,2
200776,1
200777,1
200778,0
200779,2
200780,0
200781,1
200782,1
200783,2
200784,2
200785,0
200786,2
200787,1
200788,2
200789,2
200790,0
200791,1
200792,1
200793,2
200794,0
200795,1
200796,2
200797,0
200798,1
200799,0
200800,2
200801,2
200802,2
200803,0
200804,2
200805,1
200806,2
200807,1
200808,1
200809,0
200810,0
200811,1
200812,2
200813,2
200814,1
200815,2
200816,0
200817,1
200818,2
200819,0
200820,0
200821,1
200822,2
200823,1
200824,0
200825,1
200826,1
200827,2
200828,2
200829,1
200830,2
200831,1
200832,1
200833,1
200834,2
200835,0
200836,1
200837,1
200838,0
200839,2
200840,2
200841,1
200842,2
200843,2
200844,2
200845,1
200846,2
200847,1
200848,1
200849,2
200850,1
200851,1
200852,0
200853,2
200854,2
200855,2
200856,2
200857,2
200858,1
200859,1
200860,2
200861,1
200862,0
200863,2
200864,1
200865,2
200866,2
200867,2
200868,2
200869,2
200870,1
200871,2
200872,1
200873,1
200874,2
200875,1
200876,2
200877,0
200878,0
200879,0
200880,1
200881,1
200882,1
200883,1
200884,2
200885,0
200886,1
200887,2
200888,2
200889,2
200890,1
200891,1
200892,1
200893,2
200894,1
200895,2
200896,2
200897,1
200898,0
200899,2
200900,2
200901,2
200902,2
200903,2
200904,0
200905,2
200906,1
200907,1
200908,1
200909,1
200910,1
200911,2
200912,2
200913,1
200914,2
200915,0
200916,2
200917,2
200918,2
200919,1
200920,2
200921,2
200922,1
200923,0
200924,0
200925,1
200926,1
200927,1
200928,1
200929,0
200930,2
200931,2
200932,2
200933,2
200934,2
200935,0
200936,1
200937,2
200938,2
200939,2
200940,2
200941,2
200942,1
200943,2
200944,1
200945,2
200946,0
200947,1
200948,1
200949,0
200950,2
200951,1
200952,2
200953,1
200954,2
200955,1
200956,2
200957,2
200958,1
200959,2
200960,2
200961,2
200962,1
200963,2
200964,1
200965,1
200966,1
200967,1
200968,2
200969,1
200970,0
200971,2
200972,2
200973,1
200974,0
200975,0
200976,2
200977,1
200978,1
200979,2
200980,1
200981,2
200982,2
200983,1
200984,2
200985,2
200986,2
200987,2
200988,2
200989,2
200990,2
200991,1
200992,0
200993,0
200994,1
200995,1
200996,0
200997,2
200998,1
200999,1
201000,2
201001,1
201002,1
201003,2
201004,1
201005,0
201006,1
201007,0
201008,2
201009,1
201010,1
201011,2
201012,2
201013,1
201014,2
201015,2
201016,1
201017,0
201018,2
201019,1
201020,2
201021,0
201022,1
201023,1
201024,1
201025,1
201026,0
201027,2
201028,2
201029,1
201030,2
201031,0
201032,1
201033,2
201034,1
201035,1
201036,0
201037,1
201038,1
201039,2
201040,1
201041,1
201042,2
201043,2
201044,2
201045,0
201046,2
201047,1
201048,2
201049,1
201050,1
201051,1
201052,2
201053,0
201054,0
201055,1
201056,1
201057,0
201058,2
201059,2
201060,2
201061,2
201062,2
201063,1
201064,1
201065,2
201066,2
201067,0
201068,0
201069,1
201070,2
201071,2
201072,2
201073,2
201074,0
201075,0
201076,1
201077,0
201078,1
201079,1
201080,2
201081,2
201082,2
201083,1
201084,2
201085,0
201086,0
201087,0
201088,2
201089,1
201090,1
201091,2
201092,0
201093,2
201094,1
201095,2
201096,2
201097,1
201098,2
201099,0
201100,1
201101,0
201102,1
201103,1
201104,2
201105,1
201106,2
201107,0
201108,2
201109,2
201110,1
201111,2
201112,1
201113,2
201114,2
201115,2
201116,0
201117,1
201118,2
201119,0
201120,2
201121,0
201122,0
201123,1
201124,1
201125,2
201126,0
201127,0
201128,2
201129,2
201130,2
201131,2
201132,1
201133,2
201134,1
201135,1
201136,1
201137,1
201138,2
201139,1
201140,2
201141,1
201142,0
201143,2
201144,2
201145,2
201146,2
201147,1
201148,2
201149,2
201150,2
201151,2
201152,2
201153,0
201154,1
201155,2
201156,1
201157,1
201158,2
201159,0
201160,2
201161,2
201162,2
201163,1
201164,0
201165,1
201166,1
201167,1
201168,2
201169,1
201170,2
201171,1
201172,2
201173,2
201174,2
201175,2
201176,0
201177,2
201178,0
201179,1
201180,0
201181,0
201182,2
201183,0
201184,2
201185,0
201186,2
201187,0
201188,2
201189,0
201190,1
201191,1
201192,2
201193,1
201194,2
201195,0
201196,1
201197,0
201198,0
201199,2
201200,2
201201,0
201202,1
201203,2
201204,1
201205,1
201206,2
201207,2
201208,1
201209,0
201210,1
201211,1
201212,2
201213,2
201214,2
201215,2
201216,0
201217,1
201218,1
201219,2
201220,1
201221,2
201222,2
201223,1
201224,2
201225,0
201226,1
201227,2
201228,0
201229,0
201230,2
201231,2
201232,2
201233,2
201234,0
201235,0
201236,1
201237,2
201238,2
201239,1
201240,1
201241,0
201242,0
201243,2
201244,1
201245,0
201246,1
201247,2
201248,2
201249,2
201250,2
201251,2
201252,1
201253,0
201254,1
201255,1
201256,1
201257,0
201258,2
201259,2
201260,0
201261,2
201262,1
201263,1
201264,0
201265,2
201266,1
201267,0
201268,0
201269,2
201270,0
201271,2
201272,1
201273,2
201274,2
201275,0
201276,1
201277,0
201278,2
201279,2
201280,1
201281,1
201282,1
201283,1
201284,1
201285,2
201286,2
201287,0
201288,2
201289,2
201290,1
201291,1
201292,2
201293,0
201294,2
201295,0
201296,2
201297,2
201298,0
201299,1
201300,1
201301,1
201302,1
201303,1
201304,2
201305,2
201306,1
201307,2
201308,0
201309,2
201310,2
201311,1
201312,0
201313,1
201314,2
201315,0
201316,1
201317,1
201318,2
201319,2
201320,1
201321,2
201322,0
201323,1
201324,2
201325,2
201326,0
201327,2
201328,1
201329,1
201330,2
201331,1
201332,0
201333,2
201334,0
201335,1
201336,2
201337,2
201338,1
201339,2
201340,1
201341,0
201342,2
201343,1
201344,2
201345,2
201346,0
201347,2
201348,2
201349,1
201350,2
201351,0
201352,2
201353,0
201354,0
201355,1
201356,2
201357,1
201358,2
201359,1
201360,2
201361,1
201362,0
201363,1
201364,2
201365,2
201366,2
201367,1
201368,1
201369,1
201370,1
201371,1
201372,2
201373,2
201374,0
201375,0
201376,0
201377,0
201378,2
201379,0
201380,2
201381,2
201382,2
201383,1
201384,2
201385,1
201386,1
201387,2
201388,0
201389,2
201390,1
201391,1
201392,2
201393,0
201394,0
201395,1
201396,0
201397,2
201398,0
201399,1
201400,2
201401,2
201402,2
201403,2
201404,2
201405,1
201406,1
201407,1
201408,0
201409,2
201410,0
201411,2
201412,2
201413,2
201414,0
201415,2
201416,2
201417,0
201418,2
201419,2
201420,1
201421,1
201422,2
201423,2
201424,1
201425,1
201426,2
201427,0
201428,0
201429,0
201430,1
201431,2
201432,1
201433,2
201434,1
201435,1
201436,1
201437,2
201438,1
201439,2
201440,1
201441,2
201442,1
201443,1
201444,1
201445,1
201446,1
201447,1
201448,1
201449,2
201450,0
201451,1
201452,2
201453,1
201454,2
201455,1
201456,1
201457,1
201458,2
201459,1
201460,1
201461,2
201462,0
201463,0
201464,1
201465,2
201466,0
201467,2
201468,2
201469,0
201470,0
201471,1
201472,2
201473,2
201474,1
201475,1
201476,2
201477,0
201478,1
201479,0
201480,1
201481,2
201482,2
201483,2
201484,2
201485,0
201486,2
201487,1
201488,0
201489,2
201490,2
201491,1
201492,1
201493,1
201494,0
201495,2
201496,2
201497,0
201498,1
201499,2
201500,0
201501,2
201502,1
201503,2
201504,0
201505,1
201506,1
201507,1
201508,1
201509,1
201510,0
201511,1
201512,1
201513,2
201514,2
201515,1
201516,0
201517,0
201518,1
201519,0
201520,2
201521,1
201522,1
201523,1
201524,1
201525,2
201526,1
201527,0
201528,0
201529,2
201530,0
201531,2
201532,1
201533,2
201534,2
201535,2
201536,1
201537,0
201538,0
201539,1
201540,0
201541,1
201542,1
201543,1
201544,0
201545,2
201546,1
201547,2
201548,2
201549,2
201550,2
201551,0
201552,2
201553,1
201554,1
201555,1
201556,2
201557,1
201558,1
201559,2
201560,2
201561,0
201562,2
201563,1
201564,1
201565,0
201566,1
201567,2
201568,0
201569,1
201570,0
201571,2
201572,1
201573,0
201574,1
201575,2
201576,1
201577,2
201578,0
201579,1
201580,1
201581,2
201582,2
201583,0
201584,1
201585,2
201586,2
201587,2
201588,0
201589,2
201590,1
201591,1
201592,0
201593,2
201594,0
201595,2
201596,1
201597,1
201598,1
201599,0
201600,2
201601,0
201602,2
201603,2
201604,1
201605,0
201606,2
201607,2
201608,2
201609,0
201610,0
201611,1
201612,0
201613,2
201614,2
201615,2
201616,1
201617,2
201618,0
201619,0
201620,1
201621,0
201622,2
201623,2
201624,0
201625,0
201626,2
201627,2
201628,1
201629,1
201630,1
201631,1
201632,1
201633,2
201634,1
201635,1
201636,2
201637,0
201638,1
201639,0
201640,0
201641,1
201642,2
201643,2
201644,2
201645,2
201646,1
201647,1
201648,2
201649,1
201650,1
201651,1
201652,2
201653,2
201654,1
201655,0
201656,0
201657,1
201658,0
201659,2
201660,1
201661,1
201662,1
201663,0
201664,1
201665,2
201666,1
201667,2
201668,1
201669,1
201670,1
201671,1
201672,2
201673,2
201674,2
201675,2
201676,2
201677,1
201678,1
201679,0
201680,0
201681,2
201682,1
201683,1
201684,2
201685,2
201686,1
201687,1
201688,2
201689,2
201690,1
201691,1
201692,2
201693,2
201694,1
201695,1
201696,2
201697,0
201698,1
201699,0
201700,2
201701,2
201702,2
201703,1
201704,2
201705,2
201706,0
201707,2
201708,1
201709,2
201710,2
201711,2
201712,2
201713,2
201714,0
201715,1
201716,2
201717,1
201718,2
201719,0
201720,2
201721,1
201722,2
201723,2
201724,2
201725,1
201726,2
201727,0
201728,1
201729,1
201730,1
201731,1
201732,2
201733,0
201734,1
201735,2
201736,0
201737,2
201738,1
201739,2
201740,2
201741,2
201742,1
201743,1
201744,2
201745,0
201746,1
201747,1
201748,1
201749,2
201750,2
201751,0
201752,2
201753,2
201754,2
201755,1
201756,2
201757,2
201758,0
201759,1
201760,1
201761,2
201762,1
201763,1
201764,1
201765,2
201766,1
201767,1
201768,2
201769,0
201770,1
201771,2
201772,2
201773,2
201774,1
201775,2
201776,0
201777,1
201778,0
201779,0
201780,1
201781,2
201782,0
201783,1
201784,0
201785,2
201786,1
201787,2
201788,2
201789,0
201790,2
201791,0
201792,0
201793,0
201794,1
201795,2
201796,2
201797,0
201798,1
201799,1
201800,2
201801,2
201802,1
201803,2
201804,0
201805,1
201806,2
201807,0
201808,1
201809,0
201810,1
201811,1
201812,2
201813,2
201814,2
201815,2
201816,2
201817,2
201818,2
201819,1
201820,1
201821,0
201822,1
201823,1
201824,2
201825,1
201826,1
201827,0
201828,2
201829,2
201830,2
201831,0
201832,2
201833,1
201834,1
201835,1
201836,2
201837,2
201838,0
201839,2
201840,2
201841,1
201842,1
201843,2
201844,0
201845,1
201846,2
201847,2
201848,1
201849,1
201850,2
201851,2
201852,2
201853,1
201854,2
201855,1
201856,0
201857,0
201858,2
201859,0
201860,0
201861,0
201862,0
201863,2
201864,0
201865,1
201866,1
201867,0
201868,0
201869,0
201870,1
201871,1
201872,1
201873,2
201874,2
201875,1
201876,1
201877,1
201878,2
201879,1
201880,0
201881,2
201882,1
201883,2
201884,0
201885,2
201886,2
201887,2
201888,1
201889,2
201890,1
201891,0
201892,1
201893,0
201894,1
201895,2
201896,1
201897,1
201898,2
201899,1
201900,1
201901,2
201902,0
201903,1
201904,1
201905,1
201906,1
201907,1
201908,1
201909,1
201910,0
201911,0
201912,1
201913,2
201914,2
201915,2
201916,2
201917,2
201918,1
201919,0
201920,0
201921,2
201922,1
201923,2
201924,2
201925,2
201926,1
201927,1
201928,1
201929,1
201930,1
201931,2
201932,2
201933,2
201934,1
201935,0
201936,0
201937,1
201938,0
201939,0
201940,2
201941,1
201942,1
201943,0
201944,1
201945,1
201946,2
201947,0
201948,1
201949,0
201950,2
201951,2
201952,2
201953,1
201954,1
201955,1
201956,2
201957,2
201958,0
201959,2
201960,1
201961,2
201962,2
201963,1
201964,2
201965,1
201966,2
201967,1
201968,0
201969,1
201970,1
201971,1
201972,0
201973,2
201974,1
201975,2
201976,2
201977,1
201978,2
201979,2
201980,2
201981,1
201982,1
201983,1
201984,2
201985,0
201986,0
201987,2
201988,0
201989,2
201990,1
201991,1
201992,1
201993,1
201994,1
201995,2
201996,2
201997,2
201998,2
201999,1
202000,1
202001,0
202002,2
202003,2
202004,2
202005,1
202006,0
202007,2
202008,0
202009,2
202010,2
202011,2
202012,2
202013,2
202014,2
202015,2
202016,1
202017,2
202018,1
202019,2
202020,2
202021,2
202022,1
202023,2
202024,2
202025,1
202026,2
202027,2
202028,1
202029,2
202030,1
202031,1
202032,1
202033,2
202034,0
202035,2
202036,0
202037,0
202038,0
202039,1
202040,1
202041,0
202042,1
202043,0
202044,2
202045,2
202046,1
202047,2
202048,2
202049,2
202050,2
202051,0
202052,0
202053,1
202054,0
202055,1
202056,0
202057,2
202058,1
202059,1
202060,1
202061,2
202062,1
202063,2
202064,2
202065,0
202066,2
202067,0
202068,1
202069,1
202070,2
202071,2
202072,0
202073,2
202074,2
202075,0
202076,2
202077,1
202078,2
202079,1
202080,2
202081,2
202082,2
202083,2
202084,1
202085,1
202086,1
202087,2
202088,0
202089,2
202090,2
202091,2
202092,2
202093,2
202094,2
202095,2
202096,2
202097,0
202098,2
202099,2
202100,2
202101,0
202102,2
202103,2
202104,0
202105,2
202106,2
202107,1
202108,1
202109,1
202110,2
202111,2
202112,2
202113,2
202114,1
202115,2
202116,1
202117,2
202118,0
202119,2
202120,0
202121,1
202122,2
202123,2
202124,1
202125,1
202126,2
202127,1
202128,2
202129,1
202130,1
202131,2
202132,2
202133,2
202134,2
202135,2
202136,2
202137,0
202138,1
202139,1
202140,2
202141,1
202142,0
202143,0
202144,1
202145,1
202146,1
202147,1
202148,1
202149,1
202150,0
202151,2
202152,1
202153,2
202154,2
202155,1
202156,0
202157,1
202158,0
202159,0
202160,1
202161,1
202162,0
202163,1
202164,1
202165,0
202166,1
202167,2
202168,2
202169,2
202170,2
202171,0
202172,1
202173,1
202174,2
202175,2
202176,2
202177,1
202178,2
202179,1
202180,1
202181,1
202182,1
202183,1
202184,2
202185,2
202186,1
202187,2
202188,1
202189,1
202190,1
202191,2
202192,2
202193,0
202194,2
202195,0
202196,2
202197,1
202198,1
202199,2
202200,1
202201,2
202202,2
202203,2
202204,1
202205,0
202206,0
202207,1
202208,2
202209,2
202210,1
202211,2
202212,1
202213,1
202214,1
202215,2
202216,0
202217,2
202218,1
202219,1
202220,2
202221,1
202222,0
202223,2
202224,0
202225,0
202226,0
202227,1
202228,1
202229,0
202230,2
202231,1
202232,0
202233,1
202234,2
202235,2
202236,2
202237,1
202238,1
202239,1
202240,2
202241,2
202242,0
202243,0
202244,2
202245,1
202246,1
202247,2
202248,1
202249,0
202250,0
202251,1
202252,2
202253,2
202254,1
202255,1
202256,2
202257,1
202258,0
202259,2
202260,2
202261,2
202262,1
202263,2
202264,1
202265,1
202266,2
202267,0
202268,1
202269,2
202270,2
202271,0
202272,0
202273,1
202274,2
202275,1
202276,1
202277,0
202278,0
202279,0
202280,2
202281,2
202282,1
202283,2
202284,1
202285,1
202286,0
202287,1
202288,2
202289,1
202290,0
202291,1
202292,2
202293,2
202294,2
202295,1
202296,0
202297,1
202298,1
202299,1
202300,2
202301,1
202302,2
202303,1
202304,2
202305,2
202306,2
202307,2
202308,0
202309,2
202310,1
202311,0
202312,1
202313,1
202314,1
202315,2
202316,2
202317,1
202318,0
202319,1
202320,1
202321,1
202322,2
202323,1
202324,0
202325,1
202326,0
202327,1
202328,2
202329,1
202330,1
202331,2
202332,1
202333,0
202334,2
202335,2
202336,2
202337,2
202338,0
202339,2
202340,2
202341,2
202342,1
202343,1
202344,2
202345,2
202346,1
202347,1
202348,2
202349,1
202350,2
202351,1
202352,2
202353,1
202354,2
202355,2
202356,1
202357,0
202358,2
202359,1
202360,1
202361,1
202362,1
202363,2
202364,1
202365,1
202366,2
202367,1
202368,0
202369,1
202370,0
202371,0
202372,2
202373,2
202374,2
202375,2
202376,1
202377,1
202378,0
202379,0
202380,0
202381,2
202382,1
202383,2
202384,1
202385,2
202386,0
202387,1
202388,1
202389,1
202390,0
202391,0
202392,2
202393,0
202394,2
202395,1
202396,2
202397,2
202398,0
202399,1
202400,0
202401,1
202402,0
202403,2
202404,2
202405,1
202406,2
202407,2
202408,2
202409,2
202410,1
202411,0
202412,2
202413,1
202414,1
202415,1
202416,0
202417,0
202418,2
202419,1
202420,1
202421,1
202422,0
202423,1
202424,1
202425,2
202426,2
202427,2
202428,2
202429,0
202430,2
202431,1
202432,0
202433,2
202434,1
202435,2
202436,0
202437,2
202438,1
202439,1
202440,0
202441,1
202442,2
202443,0
202444,1
202445,2
202446,2
202447,1
202448,1
202449,0
202450,1
202451,1
202452,2
202453,2
202454,2
202455,2
202456,0
202457,1
202458,1
202459,2
202460,2
202461,1
202462,2
202463,1
202464,0
202465,0
202466,1
202467,1
202468,1
202469,1
202470,1
202471,1
202472,0
202473,1
202474,0
202475,1
202476,2
202477,1
202478,2
202479,1
202480,1
202481,2
202482,1
202483,1
202484,1
202485,1
202486,0
202487,1
202488,2
202489,2
202490,0
202491,1
202492,2
202493,1
202494,0
202495,2
202496,2
202497,0
202498,0
202499,2
202500,0
202501,0
202502,1
202503,0
202504,1
202505,0
202506,1
202507,1
202508,1
202509,2
202510,2
202511,0
202512,1
202513,2
202514,1
202515,1
202516,1
202517,0
202518,2
202519,1
202520,2
202521,1
202522,2
202523,2
202524,0
202525,0
202526,1
202527,0
202528,0
202529,1
202530,2
202531,2
202532,1
202533,1
202534,2
202535,1
202536,0
202537,0
202538,0
202539,2
202540,0
202541,2
202542,2
202543,0
202544,1
202545,0
202546,2
202547,0
202548,1
202549,1
202550,2
202551,2
202552,2
202553,1
202554,1
202555,1
202556,0
202557,1
202558,2
202559,2
202560,2
202561,1
202562,2
202563,2
202564,1
202565,0
202566,1
202567,2
202568,0
202569,0
202570,2
202571,2
202572,2
202573,1
202574,1
202575,2
202576,0
202577,1
202578,1
202579,2
202580,2
202581,2
202582,2
202583,2
202584,0
202585,1
202586,2
202587,2
202588,1
202589,2
202590,2
202591,0
202592,0
202593,2
202594,1
202595,2
202596,1
202597,2
202598,2
202599,2
202600,1
202601,0
202602,2
202603,1
202604,1
202605,1
202606,2
202607,2
202608,1
202609,0
202610,1
202611,2
202612,2
202613,1
202614,0
202615,2
202616,2
202617,2
202618,1
202619,1
202620,1
202621,1
202622,2
202623,0
202624,2
202625,1
202626,1
202627,1
202628,2
202629,1
202630,1
202631,1
202632,2
202633,1
202634,1
202635,1
202636,2
202637,2
202638,1
202639,1
202640,1
202641,1
202642,2
202643,1
202644,1
202645,1
202646,2
202647,0
202648,2
202649,2
202650,2
202651,1
202652,2
202653,0
202654,1
202655,1
202656,0
202657,1
202658,2
202659,2
202660,2
202661,1
202662,2
202663,2
202664,2
202665,1
202666,1
202667,2
202668,0
202669,0
202670,0
202671,2
202672,1
202673,1
202674,0
202675,0
202676,1
202677,1
202678,0
202679,2
202680,2
202681,2
202682,2
202683,2
202684,1
202685,2
202686,0
202687,1
202688,1
202689,2
202690,2
202691,2
202692,1
202693,0
202694,2
202695,1
202696,2
202697,0
202698,1
202699,2
202700,1
202701,0
202702,0
202703,1
202704,2
202705,0
202706,1
202707,2
202708,0
202709,1
202710,1
202711,2
202712,0
202713,1
202714,2
202715,1
202716,2
202717,0
202718,2
202719,2
202720,0
202721,2
202722,1
202723,2
202724,2
202725,2
202726,1
202727,1
202728,0
202729,1
202730,2
202731,1
202732,0
202733,1
202734,1
202735,1
202736,0
202737,0
202738,2
202739,2
202740,1
202741,2
202742,2
202743,0
202744,2
202745,2
202746,1
202747,1
202748,0
202749,1
202750,0
202751,1
202752,0
202753,2
202754,2
202755,2
202756,1
202757,2
202758,1
202759,1
202760,1
202761,2
202762,2
202763,1
202764,2
202765,1
202766,2
202767,1
202768,0
202769,1
202770,2
202771,1
202772,1
202773,1
202774,2
202775,2
202776,0
202777,2
202778,0
202779,0
202780,1
202781,0
202782,2
202783,2
202784,2
202785,1
202786,2
202787,1
202788,0
202789,2
202790,2
202791,1
202792,0
202793,1
202794,2
202795,2
202796,1
202797,1
202798,1
202799,1
202800,2
202801,2
202802,1
202803,0
202804,1
202805,2
202806,1
202807,1
202808,1
202809,2
202810,2
202811,2
202812,0
202813,2
202814,1
202815,2
202816,1
202817,0
202818,2
202819,2
202820,0
202821,2
202822,2
202823,0
202824,2
202825,2
202826,2
202827,2
202828,1
202829,0
202830,2
202831,2
202832,2
202833,2
202834,0
202835,1
202836,2
202837,1
202838,1
202839,2
202840,2
202841,1
202842,2
202843,1
202844,1
202845,0
202846,2
202847,2
202848,0
202849,2
202850,1
202851,1
202852,1
202853,0
202854,0
202855,1
202856,0
202857,0
202858,1
202859,2
202860,1
202861,1
202862,2
202863,1
202864,2
202865,1
202866,2
202867,2
202868,2
202869,2
202870,2
202871,2
202872,1
202873,0
202874,0
202875,1
202876,1
202877,2
202878,1
202879,0
202880,1
202881,1
202882,1
202883,1
202884,1
202885,1
202886,2
202887,1
202888,2
202889,0
202890,0
202891,2
202892,1
202893,1
202894,0
202895,1
202896,2
202897,1
202898,0
202899,2
202900,2
202901,1
202902,1
202903,1
202904,2
202905,1
202906,1
202907,2
202908,2
202909,1
202910,0
202911,2
202912,1
202913,1
202914,0
202915,2
202916,2
202917,2
202918,2
202919,2
202920,0
202921,1
202922,2
202923,2
202924,0
202925,2
202926,1
202927,1
202928,1
202929,2
202930,2
202931,1
202932,2
202933,2
202934,2
202935,1
202936,0
202937,0
202938,0
202939,1
202940,2
202941,1
202942,1
202943,0
202944,2
202945,1
202946,0
202947,0
202948,1
202949,2
202950,0
202951,2
202952,2
202953,0
202954,1
202955,2
202956,0
202957,1
202958,2
202959,2
202960,1
202961,0
202962,0
202963,1
202964,0
202965,1
202966,1
202967,2
202968,1
202969,0
202970,2
202971,1
202972,0
202973,1
202974,0
202975,2
202976,2
202977,2
202978,1
202979,2
202980,1
202981,0
202982,1
202983,2
202984,1
202985,1
202986,1
202987,1
202988,2
202989,2
202990,0
202991,2
202992,1
202993,2
202994,1
202995,1
202996,0
202997,2
202998,2
202999,1
203000,2
203001,2
203002,1
203003,1
203004,2
203005,2
203006,2
203007,1
203008,0
203009,2
203010,0
203011,2
203012,2
203013,2
203014,0
203015,2
203016,2
203017,2
203018,2
203019,0
203020,2
203021,2
203022,0
203023,2
203024,1
203025,2
203026,2
203027,0
203028,2
203029,1
203030,2
203031,0
203032,1
203033,2
203034,1
203035,0
203036,0
203037,1
203038,2
203039,1
203040,0
203041,2
203042,0
203043,1
203044,1
203045,0
203046,0
203047,1
203048,2
203049,1
203050,2
203051,2
203052,2
203053,0
203054,2
203055,1
203056,2
203057,2
203058,1
203059,1
203060,0
203061,1
203062,0
203063,2
203064,2
203065,0
203066,0
203067,1
203068,2
203069,2
203070,2
203071,1
203072,2
203073,1
203074,0
203075,2
203076,2
203077,1
203078,2
203079,1
203080,0
203081,0
203082,1
203083,1
203084,0
203085,1
203086,0
203087,2
203088,1
203089,1
203090,2
203091,0
203092,0
203093,2
203094,1
203095,0
203096,2
203097,2
203098,2
203099,1
203100,2
203101,2
203102,1
203103,0
203104,2
203105,0
203106,1
203107,1
203108,2
203109,1
203110,1
203111,1
203112,1
203113,1
203114,0
203115,2
203116,0
203117,0
203118,2
203119,1
203120,1
203121,0
203122,1
203123,1
203124,1
203125,2
203126,2
203127,2
203128,2
203129,1
203130,1
203131,2
203132,2
203133,1
203134,2
203135,1
203136,1
203137,1
203138,1
203139,2
203140,1
203141,1
203142,1
203143,1
203144,0
203145,0
203146,0
203147,1
203148,0
203149,2
203150,2
203151,2
203152,0
203153,2
203154,1
203155,2
203156,2
203157,2
203158,1
203159,2
203160,2
203161,0
203162,2
203163,2
203164,2
203165,0
203166,2
203167,2
203168,1
203169,1
203170,1
203171,2
203172,2
203173,1
203174,0
203175,2
203176,1
203177,1
203178,2
203179,1
203180,2
203181,1
203182,2
203183,1
203184,2
203185,0
203186,1
203187,1
203188,2
203189,1
203190,0
203191,0
203192,0
203193,0
203194,1
203195,2
203196,0
203197,0
203198,2
203199,1
203200,0
203201,2
203202,1
203203,1
203204,2
203205,0
203206,2
203207,1
203208,0
203209,2
203210,1
203211,0
203212,0
203213,2
203214,1
203215,2
203216,2
203217,2
203218,1
203219,0
203220,2
203221,2
203222,1
203223,0
203224,1
203225,2
203226,1
203227,0
203228,1
203229,0
203230,2
203231,0
203232,1
203233,1
203234,2
203235,1
203236,2
203237,1
203238,2
203239,2
203240,1
203241,1
203242,0
203243,2
203244,2
203245,0
203246,2
203247,2
203248,2
203249,2
203250,1
203251,2
203252,1
203253,2
203254,2
203255,0
203256,1
203257,1
203258,1
203259,2
203260,2
203261,2
203262,1
203263,0
203264,0
203265,1
203266,2
203267,1
203268,1
203269,2
203270,1
203271,2
203272,1
203273,1
203274,2
203275,0
203276,1
203277,0
203278,1
203279,0
203280,2
203281,2
203282,1
203283,1
203284,2
203285,2
203286,1
203287,0
203288,1
203289,2
203290,2
203291,1
203292,0
203293,2
203294,2
203295,1
203296,2
203297,1
203298,0
203299,0
203300,0
203301,1
203302,2
203303,2
203304,1
203305,1
203306,0
203307,1
203308,2
203309,2
203310,0
203311,1
203312,2
203313,2
203314,2
203315,1
203316,2
203317,2
203318,2
203319,0
203320,0
203321,0
203322,1
203323,1
203324,2
203325,1
203326,2
203327,2
203328,2
203329,1
203330,2
203331,1
203332,1
203333,2
203334,1
203335,1
203336,0
203337,2
203338,1
203339,1
203340,2
203341,1
203342,1
203343,0
203344,2
203345,2
203346,0
203347,1
203348,2
203349,1
203350,2
203351,2
203352,1
203353,0
203354,1
203355,1
203356,1
203357,1
203358,1
203359,2
203360,0
203361,1
203362,1
203363,0
203364,0
203365,2
203366,0
203367,1
203368,2
203369,1
203370,1
203371,1
203372,2
203373,2
203374,0
203375,2
203376,2
203377,1
203378,1
203379,2
203380,1
203381,0
203382,0
203383,2
203384,1
203385,1
203386,2
203387,2
203388,0
203389,2
203390,1
203391,2
203392,1
203393,2
203394,0
203395,1
203396,2
203397,1
203398,1
203399,2
203400,2
203401,0
203402,1
203403,1
203404,2
203405,2
203406,2
203407,1
203408,0
203409,1
203410,0
203411,1
203412,0
203413,1
203414,1
203415,1
203416,0
203417,1
203418,2
203419,2
203420,1
203421,0
203422,1
203423,0
203424,2
203425,2
203426,0
203427,0
203428,2
203429,2
203430,1
203431,2
203432,0
203433,1
203434,0
203435,1
203436,1
203437,0
203438,2
203439,0
203440,2
203441,1
203442,2
203443,1
203444,1
203445,2
203446,1
203447,1
203448,2
203449,0
203450,1
203451,0
203452,2
203453,1
203454,1
203455,0
203456,2
203457,2
203458,1
203459,0
203460,2
203461,1
203462,0
203463,0
203464,1
203465,1
203466,2
203467,1
203468,0
203469,2
203470,1
203471,2
203472,2
203473,0
203474,2
203475,1
203476,1
203477,1
203478,1
203479,1
203480,1
203481,2
203482,2
203483,2
203484,1
203485,2
203486,1
203487,0
203488,1
203489,2
203490,1
203491,2
203492,2
203493,0
203494,2
203495,2
203496,1
203497,0
203498,2
203499,0
203500,2
203501,1
203502,1
203503,1
203504,2
203505,2
203506,2
203507,2
203508,0
203509,1
203510,2
203511,1
203512,2
203513,1
203514,1
203515,2
203516,2
203517,2
203518,1
203519,0
203520,2
203521,0
203522,0
203523,0
203524,2
203525,1
203526,0
203527,2
203528,1
203529,1
203530,2
203531,2
203532,0
203533,1
203534,2
203535,2
203536,1
203537,2
203538,1
203539,2
203540,1
203541,2
203542,0
203543,2
203544,0
203545,0
203546,1
203547,1
203548,2
203549,1
203550,0
203551,2
203552,1
203553,1
203554,0
203555,2
203556,2
203557,2
203558,0
203559,2
203560,2
203561,1
203562,2
203563,1
203564,1
203565,0
203566,0
203567,2
203568,0
203569,2
203570,2
203571,2
203572,2
203573,2
203574,2
203575,1
203576,1
203577,2
203578,2
203579,0
203580,0
203581,0
203582,1
203583,2
203584,1
203585,0
203586,1
203587,1
203588,1
203589,1
203590,1
203591,2
203592,2
203593,1
203594,2
203595,1
203596,1
203597,1
203598,0
203599,1
203600,1
203601,1
203602,0
203603,2
203604,0
203605,0
203606,2
203607,0
203608,2
203609,2
203610,1
203611,2
203612,1
203613,2
203614,1
203615,1
203616,1
203617,2
203618,0
203619,0
203620,0
203621,2
203622,0
203623,1
203624,1
203625,2
203626,2
203627,1
203628,0
203629,1
203630,1
203631,1
203632,2
203633,1
203634,1
203635,2
203636,0
203637,1
203638,1
203639,2
203640,2
203641,2
203642,1
203643,0
203644,0
203645,2
203646,2
203647,2
203648,0
203649,2
203650,2
203651,0
203652,2
203653,0
203654,1
203655,2
203656,2
203657,1
203658,1
203659,2
203660,1
203661,2
203662,0
203663,2
203664,2
203665,1
203666,1
203667,1
203668,1
203669,0
203670,1
203671,2
203672,2
203673,2
203674,2
203675,1
203676,1
203677,2
203678,2
203679,1
203680,2
203681,1
203682,1
203683,1
203684,1
203685,2
203686,0
203687,1
203688,1
203689,2
203690,2
203691,2
203692,2
203693,2
203694,2
203695,1
203696,1
203697,1
203698,2
203699,2
203700,0
203701,1
203702,0
203703,0
203704,2
203705,2
203706,1
203707,2
203708,1
203709,1
203710,2
203711,0
203712,2
203713,1
203714,1
203715,1
203716,2
203717,2
203718,0
203719,0
203720,2
203721,2
203722,2
203723,2
203724,2
203725,2
203726,1
203727,0
203728,0
203729,0
203730,2
203731,1
203732,1
203733,2
203734,2
203735,2
203736,1
203737,1
203738,0
203739,2
203740,0
203741,1
203742,1
203743,2
203744,2
203745,1
203746,1
203747,2
203748,1
203749,1
203750,2
203751,0
203752,2
203753,1
203754,2
203755,2
203756,1
203757,2
203758,2
203759,2
203760,1
203761,0
203762,1
203763,1
203764,0
203765,1
203766,1
203767,2
203768,1
203769,0
203770,1
203771,1
203772,1
203773,0
203774,1
203775,2
203776,0
203777,0
203778,2
203779,2
203780,1
203781,2
203782,1
203783,1
203784,2
203785,0
203786,2
203787,0
203788,2
203789,1
203790,1
203791,2
203792,2
203793,2
203794,2
203795,0
203796,2
203797,0
203798,1
203799,2
203800,0
203801,1
203802,2
203803,1
203804,2
203805,2
203806,2
203807,2
203808,0
203809,2
203810,1
203811,1
203812,0
203813,1
203814,2
203815,2
203816,2
203817,2
203818,1
203819,0
203820,1
203821,2
203822,0
203823,2
203824,1
203825,2
203826,1
203827,1
203828,2
203829,0
203830,0
203831,1
203832,2
203833,2
203834,1
203835,1
203836,0
203837,1
203838,2
203839,2
203840,2
203841,2
203842,1
203843,1
203844,0
203845,1
203846,2
203847,2
203848,0
203849,2
203850,2
203851,0
203852,1
203853,1
203854,1
203855,2
203856,2
203857,2
203858,2
203859,0
203860,1
203861,1
203862,1
203863,0
203864,0
203865,2
203866,2
203867,2
203868,1
203869,1
203870,2
203871,1
203872,2
203873,1
203874,0
203875,1
203876,2
203877,2
203878,1
203879,2
203880,2
203881,2
203882,2
203883,2
203884,2
203885,2
203886,2
203887,2
203888,1
203889,1
203890,1
203891,1
203892,0
203893,1
203894,2
203895,2
203896,2
203897,2
203898,1
203899,2
203900,1
203901,2
203902,1
203903,2
203904,1
203905,2
203906,2
203907,2
203908,1
203909,2
203910,2
203911,0
203912,0
203913,2
203914,1
203915,1
203916,1
203917,2
203918,1
203919,0
203920,2
203921,2
203922,0
203923,0
203924,2
203925,2
203926,2
203927,0
203928,2
203929,2
203930,0
203931,1
203932,1
203933,1
203934,1
203935,0
203936,2
203937,1
203938,0
203939,2
203940,1
203941,1
203942,2
203943,2
203944,2
203945,2
203946,2
203947,2
203948,2
203949,2
203950,0
203951,1
203952,2
203953,2
203954,2
203955,1
203956,2
203957,1
203958,0
203959,1
203960,1
203961,1
203962,2
203963,2
203964,1
203965,1
203966,2
203967,1
203968,1
203969,2
203970,2
203971,2
203972,0
203973,1
203974,1
203975,1
203976,0
203977,2
203978,1
203979,1
203980,2
203981,0
203982,1
203983,0
203984,1
203985,2
203986,0
203987,1
203988,2
203989,1
203990,2
203991,2
203992,2
203993,1
203994,2
203995,2
203996,1
203997,2
203998,0
203999,1
204000,2
204001,2
204002,2
204003,1
204004,1
204005,1
204006,2
204007,2
204008,2
204009,2
204010,2
204011,1
204012,1
204013,2
204014,2
204015,2
204016,2
204017,1
204018,1
204019,0
204020,1
204021,2
204022,2
204023,1
204024,1
204025,1
204026,0
204027,2
204028,2
204029,1
204030,1
204031,1
204032,0
204033,2
204034,2
204035,1
204036,1
204037,2
204038,2
204039,1
204040,1
204041,2
204042,2
204043,2
204044,0
204045,2
204046,2
204047,0
204048,2
204049,1
204050,2
204051,1
204052,1
204053,1
204054,1
204055,0
204056,1
204057,1
204058,1
204059,1
204060,2
204061,1
204062,1
204063,2
204064,1
204065,2
204066,1
204067,0
204068,1
204069,0
204070,2
204071,2
204072,2
204073,0
204074,2
204075,0
204076,2
204077,1
204078,2
204079,1
204080,2
204081,0
204082,0
204083,0
204084,0
204085,0
204086,2
204087,1
204088,2
204089,2
204090,0
204091,2
204092,1
204093,1
204094,2
204095,1
204096,0
204097,1
204098,0
204099,1
204100,0
204101,1
204102,1
204103,2
204104,1
204105,2
204106,2
204107,2
204108,1
204109,1
204110,0
204111,2
204112,1
204113,0
204114,0
204115,2
204116,0
204117,0
204118,0
204119,1
204120,1
204121,1
204122,1
204123,2
204124,2
204125,0
204126,2
204127,0
204128,2
204129,0
204130,0
204131,1
204132,1
204133,0
204134,1
204135,1
204136,2
204137,1
204138,1
204139,1
204140,1
204141,1
204142,2
204143,2
204144,1
204145,0
204146,2
204147,1
204148,2
204149,2
204150,1
204151,2
204152,1
204153,2
204154,0
204155,2
204156,0
204157,1
204158,2
204159,2
204160,1
204161,1
204162,0
204163,2
204164,1
204165,0
204166,1
204167,1
204168,2
204169,0
204170,2
204171,2
204172,2
204173,1
204174,0
204175,0
204176,1
204177,1
204178,1
204179,2
204180,1
204181,2
204182,1
204183,0
204184,0
204185,0
204186,2
204187,2
204188,1
204189,2
204190,1
204191,1
204192,1
204193,2
204194,0
204195,1
204196,0
204197,0
204198,1
204199,2
204200,1
204201,1
204202,1
204203,2
204204,2
204205,1
204206,1
204207,2
204208,2
204209,1
204210,2
204211,2
204212,2
204213,1
204214,1
204215,2
204216,1
204217,0
204218,1
204219,1
204220,2
204221,1
204222,2
204223,2
204224,2
204225,2
204226,2
204227,2
204228,1
204229,0
204230,2
204231,0
204232,2
204233,1
204234,2
204235,1
204236,2
204237,2
204238,1
204239,1
204240,2
204241,1
204242,0
204243,0
204244,1
204245,2
204246,2
204247,1
204248,1
204249,1
204250,0
204251,1
204252,0
204253,2
204254,2
204255,2
204256,1
204257,2
204258,2
204259,1
204260,2
204261,0
204262,1
204263,2
204264,2
204265,0
204266,0
204267,0
204268,2
204269,2
204270,2
204271,0
204272,2
204273,2
204274,0
204275,2
204276,1
204277,0
204278,0
204279,2
204280,2
204281,0
204282,1
204283,2
204284,0
204285,0
204286,1
204287,0
204288,0
204289,2
204290,2
204291,1
204292,2
204293,2
204294,1
204295,1
204296,0
204297,1
204298,2
204299,1
204300,1
204301,2
204302,2
204303,2
204304,2
204305,2
204306,0
204307,1
204308,2
204309,1
204310,1
204311,2
204312,1
204313,1
204314,0
204315,2
204316,2
204317,1
204318,0
204319,0
204320,2
204321,2
204322,1
204323,1
204324,1
204325,2
204326,2
204327,0
204328,2
204329,2
204330,2
204331,2
204332,2
204333,1
204334,0
204335,1
204336,2
204337,1
204338,0
204339,2
204340,0
204341,1
204342,0
204343,1
204344,2
204345,1
204346,1
204347,1
204348,1
204349,2
204350,1
204351,2
204352,2
204353,1
204354,2
204355,0
204356,2
204357,1
204358,1
204359,0
204360,0
204361,2
204362,2
204363,1
204364,1
204365,2
204366,1
204367,1
204368,1
204369,2
204370,1
204371,1
204372,2
204373,1
204374,1
204375,2
204376,0
204377,0
204378,2
204379,1
204380,0
204381,0
204382,2
204383,2
204384,2
204385,2
204386,0
204387,1
204388,2
204389,0
204390,2
204391,1
204392,1
204393,2
204394,2
204395,1
204396,1
204397,1
204398,2
204399,2
204400,1
204401,0
204402,0
204403,2
204404,0
204405,0
204406,1
204407,1
204408,1
204409,0
204410,2
204411,1
204412,1
204413,2
204414,2
204415,1
204416,1
204417,0
204418,0
204419,0
204420,2
204421,1
204422,2
204423,0
204424,1
204425,2
204426,2
204427,2
204428,1
204429,1
204430,1
204431,1
204432,0
204433,2
204434,0
204435,2
204436,2
204437,1
204438,1
204439,2
204440,2
204441,2
204442,0
204443,2
204444,0
204445,0
204446,1
204447,0
204448,2
204449,2
204450,2
204451,1
204452,2
204453,1
204454,0
204455,1
204456,1
204457,0
204458,2
204459,2
204460,2
204461,2
204462,0
204463,1
204464,2
204465,2
204466,2
204467,2
204468,1
204469,1
204470,1
204471,2
204472,2
204473,2
204474,2
204475,1
204476,1
204477,1
204478,2
204479,0
204480,2
204481,2
204482,2
204483,0
204484,0
204485,2
204486,0
204487,2
204488,2
204489,1
204490,1
204491,1
204492,1
204493,1
204494,2
204495,2
204496,2
204497,1
204498,1
204499,1
204500,0
204501,2
204502,2
204503,2
204504,2
204505,2
204506,0
204507,1
204508,2
204509,2
204510,0
204511,2
204512,0
204513,2
204514,2
204515,2
204516,2
204517,2
204518,2
204519,2
204520,0
204521,2
204522,2
204523,1
204524,1
204525,0
204526,0
204527,1
204528,1
204529,2
204530,1
204531,1
204532,1
204533,2
204534,2
204535,1
204536,2
204537,1
204538,1
204539,2
204540,1
204541,1
204542,0
204543,2
204544,0
204545,1
204546,0
204547,2
204548,1
204549,1
204550,2
204551,2
204552,0
204553,1
204554,0
204555,1
204556,0
204557,2
204558,2
204559,2
204560,0
204561,1
204562,1
204563,2
204564,2
204565,0
204566,1
204567,2
204568,0
204569,2
204570,1
204571,2
204572,0
204573,0
204574,0
204575,2
204576,0
204577,1
204578,1
204579,2
204580,1
204581,1
204582,2
204583,0
204584,0
204585,1
204586,1
204587,1
204588,2
204589,2
204590,0
204591,0
204592,1
204593,1
204594,1
204595,2
204596,0
204597,0
204598,2
204599,1
204600,0
204601,1
204602,2
204603,1
204604,1
204605,2
204606,0
204607,1
204608,0
204609,2
204610,1
204611,2
204612,1
204613,2
204614,1
204615,1
204616,1
204617,2
204618,2
204619,2
204620,2
204621,2
204622,1
204623,2
204624,1
204625,2
204626,2
204627,0
204628,1
204629,2
204630,2
204631,2
204632,2
204633,2
204634,2
204635,1
204636,1
204637,1
204638,0
204639,2
204640,0
204641,1
204642,0
204643,0
204644,1
204645,2
204646,0
204647,1
204648,2
204649,2
204650,2
204651,2
204652,1
204653,1
204654,2
204655,2
204656,2
204657,0
204658,0
204659,2
204660,1
204661,1
204662,1
204663,1
204664,1
204665,1
204666,0
204667,2
204668,0
204669,2
204670,2
204671,1
204672,1
204673,0
204674,0
204675,0
204676,1
204677,0
204678,2
204679,1
204680,1
204681,2
204682,2
204683,0
204684,2
204685,0
204686,2
204687,2
204688,1
204689,2
204690,0
204691,1
204692,0
204693,2
204694,2
204695,1
204696,0
204697,2
204698,2
204699,2
204700,2
204701,1
204702,0
204703,1
204704,1
204705,2
204706,2
204707,2
204708,1
204709,2
204710,0
204711,2
204712,0
204713,0
204714,2
204715,0
204716,1
204717,1
204718,2
204719,1
204720,0
204721,0
204722,2
204723,2
204724,0
204725,1
204726,0
204727,2
204728,2
204729,2
204730,2
204731,0
204732,2
204733,1
204734,1
204735,2
204736,2
204737,0
204738,2
204739,1
204740,1
204741,1
204742,1
204743,1
204744,2
204745,0
204746,2
204747,2
204748,2
204749,1
204750,0
204751,1
204752,0
204753,2
204754,1
204755,2
204756,2
204757,0
204758,2
204759,1
204760,2
204761,2
204762,1
204763,2
204764,1
204765,1
204766,0
204767,0
204768,2
204769,2
204770,1
204771,1
204772,2
204773,2
204774,2
204775,0
204776,2
204777,2
204778,1
204779,2
204780,2
204781,2
204782,1
204783,2
204784,2
204785,1
204786,2
204787,0
204788,2
204789,1
204790,2
204791,1
204792,1
204793,2
204794,2
204795,2
204796,1
204797,2
204798,1
204799,0
204800,2
204801,2
204802,0
204803,0
204804,0
204805,2
204806,1
204807,2
204808,2
204809,2
204810,0
204811,2
204812,2
204813,2
204814,2
204815,2
204816,0
204817,1
204818,0
204819,1
204820,2
204821,1
204822,2
204823,2
204824,2
204825,2
204826,2
204827,2
204828,1
204829,2
204830,2
204831,2
204832,2
204833,2
204834,2
204835,1
204836,0
204837,2
204838,2
204839,0
204840,2
204841,1
204842,2
204843,0
204844,1
204845,2
204846,1
204847,2
204848,1
204849,1
204850,0
204851,0
204852,2
204853,1
204854,1
204855,0
204856,1
204857,0
204858,2
204859,1
204860,2
204861,0
204862,1
204863,1
204864,2
204865,1
204866,2
204867,1
204868,1
204869,2
204870,2
204871,1
204872,1
204873,0
204874,2
204875,2
204876,2
204877,1
204878,2
204879,0
204880,2
204881,0
204882,0
204883,2
204884,2
204885,1
204886,2
204887,0
204888,1
204889,0
204890,2
204891,2
204892,0
204893,2
204894,2
204895,2
204896,0
204897,2
204898,2
204899,2
204900,1
204901,2
204902,0
204903,1
204904,0
204905,0
204906,2
204907,2
204908,1
204909,1
204910,0
204911,0
204912,1
204913,2
204914,0
204915,2
204916,2
204917,2
204918,0
204919,1
204920,1
204921,0
204922,2
204923,1
204924,2
204925,2
204926,0
204927,1
204928,2
204929,1
204930,0
204931,0
204932,2
204933,1
204934,1
204935,2
204936,1
204937,1
204938,1
204939,0
204940,1
204941,2
204942,2
204943,2
204944,0
204945,1
204946,2
204947,0
204948,1
204949,1
204950,1
204951,2
204952,2
204953,1
204954,2
204955,1
204956,1
204957,0
204958,1
204959,1
204960,0
204961,2
204962,1
204963,0
204964,2
204965,2
204966,0
204967,2
204968,2
204969,0
204970,1
204971,2
204972,2
204973,1
204974,2
204975,1
204976,2
204977,1
204978,1
204979,0
204980,1
204981,1
204982,2
204983,2
204984,2
204985,2
204986,2
204987,1
204988,2
204989,2
204990,2
204991,1
204992,1
204993,1
204994,0
204995,2
204996,0
204997,1
204998,2
204999,1
205000,2
205001,0
205002,1
205003,2
205004,2
205005,1
205006,2
205007,2
205008,1
205009,0
205010,2
205011,2
205012,1
205013,2
205014,1
205015,2
205016,2
205017,0
205018,2
205019,2
205020,1
205021,2
205022,1
205023,2
205024,2
205025,0
205026,2
205027,0
205028,1
205029,1
205030,2
205031,0
205032,1
205033,0
205034,2
205035,1
205036,1
205037,0
205038,2
205039,1
205040,2
205041,1
205042,2
205043,2
205044,1
205045,1
205046,2
205047,0
205048,2
205049,2
205050,2
205051,1
205052,1
205053,0
205054,1
205055,2
205056,2
205057,0
205058,0
205059,1
205060,2
205061,0
205062,2
205063,2
205064,1
205065,1
205066,2
205067,1
205068,2
205069,1
205070,1
205071,2
205072,1
205073,2
205074,0
205075,2
205076,2
205077,1
205078,2
205079,1
205080,2
205081,1
205082,1
205083,2
205084,2
205085,1
205086,1
205087,0
205088,1
205089,1
205090,1
205091,1
205092,1
205093,1
205094,1
205095,1
205096,2
205097,2
205098,2
205099,1
205100,1
205101,2
205102,1
205103,2
205104,1
205105,2
205106,2
205107,1
205108,2
205109,2
205110,1
205111,2
205112,0
205113,0
205114,2
205115,1
205116,2
205117,0
205118,2
205119,2
205120,1
205121,2
205122,0
205123,1
205124,1
205125,2
205126,2
205127,2
205128,2
205129,1
205130,2
205131,1
205132,1
205133,2
205134,0
205135,0
205136,2
205137,0
205138,0
205139,1
205140,2
205141,0
205142,1
205143,2
205144,0
205145,1
205146,1
205147,2
205148,2
205149,1
205150,2
205151,0
205152,0
205153,2
205154,1
205155,1
205156,2
205157,1
205158,1
205159,1
205160,0
205161,1
205162,2
205163,1
205164,2
205165,0
205166,1
205167,1
205168,1
205169,2
205170,1
205171,0
205172,2
205173,1
205174,0
205175,1
205176,1
205177,2
205178,1
205179,2
205180,2
205181,0
205182,0
205183,2
205184,1
205185,2
205186,2
205187,2
205188,0
205189,2
205190,0
205191,1
205192,1
205193,1
205194,0
205195,1
205196,2
205197,2
205198,2
205199,1
205200,1
205201,2
205202,2
205203,1
205204,1
205205,1
205206,0
205207,2
205208,0
205209,2
205210,1
205211,0
205212,2
205213,0
205214,2
205215,1
205216,2
205217,2
205218,1
205219,1
205220,1
205221,0
205222,1
205223,2
205224,2
205225,0
205226,0
205227,2
205228,1
205229,1
205230,0
205231,2
205232,2
205233,2
205234,1
205235,1
205236,2
205237,1
205238,2
205239,2
205240,2
205241,0
205242,1
205243,1
205244,2
205245,2
205246,2
205247,2
205248,2
205249,1
205250,1
205251,2
205252,0
205253,1
205254,0
205255,2
205256,0
205257,0
205258,2
205259,2
205260,1
205261,1
205262,0
205263,0
205264,0
205265,2
205266,1
205267,2
205268,1
205269,2
205270,2
205271,0
205272,0
205273,2
205274,2
205275,2
205276,2
205277,2
205278,2
205279,2
205280,0
205281,0
205282,2
205283,1
205284,2
205285,2
205286,1
205287,2
205288,1
205289,1
205290,2
205291,0
205292,1
205293,2
205294,1
205295,1
205296,0
205297,0
205298,1
205299,1
205300,1
205301,1
205302,2
205303,1
205304,2
205305,1
205306,2
205307,1
205308,2
205309,0
205310,2
205311,1
205312,1
205313,1
205314,1
205315,1
205316,0
205317,2
205318,2
205319,0
205320,2
205321,1
205322,2
205323,2
205324,1
205325,2
205326,1
205327,2
205328,1
205329,2
205330,2
205331,2
205332,1
205333,1
205334,2
205335,0
205336,1
205337,0
205338,2
205339,1
205340,1
205341,2
205342,0
205343,2
205344,2
205345,1
205346,2
205347,1
205348,1
205349,1
205350,0
205351,2
205352,1
205353,2
205354,1
205355,2
205356,0
205357,2
205358,1
205359,0
205360,1
205361,0
205362,1
205363,2
205364,1
205365,1
205366,1
205367,1
205368,1
205369,1
205370,1
205371,2
205372,2
205373,2
205374,0
205375,2
205376,1
205377,2
205378,0
205379,1
205380,1
205381,2
205382,1
205383,1
205384,0
205385,2
205386,1
205387,0
205388,1
205389,0
205390,2
205391,0
205392,1
205393,1
205394,2
205395,0
205396,1
205397,2
205398,0
205399,1
205400,0
205401,0
205402,2
205403,1
205404,0
205405,1
205406,2
205407,0
205408,1
205409,2
205410,2
205411,0
205412,1
205413,0
205414,1
205415,0
205416,2
205417,1
205418,1
205419,2
205420,0
205421,1
205422,1
205423,2
205424,1
205425,1
205426,0
205427,2
205428,2
205429,1
205430,1
205431,1
205432,2
205433,0
205434,2
205435,2
205436,2
205437,0
205438,2
205439,0
205440,1
205441,2
205442,2
205443,2
205444,0
205445,1
205446,1
205447,1
205448,2
205449,2
205450,2
205451,2
205452,0
205453,2
205454,2
205455,1
205456,2
205457,2
205458,1
205459,0
205460,1
205461,0
205462,2
205463,0
205464,2
205465,1
205466,0
205467,1
205468,0
205469,2
205470,0
205471,2
205472,1
205473,2
205474,1
205475,1
205476,1
205477,1
205478,1
205479,1
205480,2
205481,2
205482,0
205483,2
205484,1
205485,1
205486,0
205487,2
205488,2
205489,1
205490,1
205491,2
205492,1
205493,2
205494,0
205495,1
205496,2
205497,0
205498,1
205499,2
205500,2
205501,1
205502,1
205503,2
205504,0
205505,2
205506,1
205507,2
205508,2
205509,0
205510,2
205511,1
205512,1
205513,1
205514,0
205515,2
205516,2
205517,2
205518,1
205519,1
205520,0
205521,0
205522,1
205523,2
205524,0
205525,0
205526,2
205527,1
205528,1
205529,0
205530,2
205531,2
205532,2
205533,1
205534,0
205535,1
205536,2
205537,0
205538,1
205539,2
205540,1
205541,2
205542,1
205543,2
205544,2
205545,0
205546,0
205547,1
205548,2
205549,0
205550,2
205551,2
205552,1
205553,2
205554,1
205555,1
205556,1
205557,2
205558,1
205559,2
205560,1
205561,2
205562,1
205563,0
205564,2
205565,2
205566,1
205567,2
205568,1
205569,2
205570,2
205571,0
205572,1
205573,2
205574,2
205575,1
205576,1
205577,2
205578,2
205579,1
205580,0
205581,1
205582,2
205583,2
205584,1
205585,0
205586,0
205587,1
205588,0
205589,2
205590,2
205591,2
205592,1
205593,1
205594,2
205595,0
205596,1
205597,1
205598,0
205599,0
205600,2
205601,2
205602,1
205603,1
205604,1
205605,0
205606,2
205607,2
205608,0
205609,2
205610,1
205611,2
205612,2
205613,2
205614,0
205615,0
205616,1
205617,2
205618,2
205619,1
205620,1
205621,2
205622,0
205623,1
205624,1
205625,2
205626,1
205627,0
205628,1
205629,1
205630,0
205631,0
205632,0
205633,0
205634,2
205635,0
205636,0
205637,2
205638,0
205639,2
205640,2
205641,1
205642,2
205643,1
205644,2
205645,2
205646,0
205647,0
205648,2
205649,0
205650,2
205651,1
205652,1
205653,0
205654,2
205655,2
205656,2
205657,2
205658,1
205659,1
205660,2
205661,2
205662,2
205663,1
205664,2
205665,2
205666,2
205667,2
205668,0
205669,0
205670,2
205671,1
205672,2
205673,1
205674,1
205675,1
205676,1
205677,1
205678,0
205679,0
205680,2
205681,1
205682,1
205683,0
205684,1
205685,0
205686,1
205687,2
205688,2
205689,1
205690,2
205691,2
205692,2
205693,2
205694,2
205695,0
205696,2
205697,1
205698,1
205699,0
205700,1
205701,2
205702,2
205703,0
205704,2
205705,2
205706,2
205707,2
205708,0
205709,1
205710,0
205711,1
205712,2
205713,1
205714,1
205715,2
205716,2
205717,1
205718,1
205719,0
205720,0
205721,1
205722,2
205723,2
205724,1
205725,0
205726,2
205727,1
205728,2
205729,1
205730,2
205731,2
205732,1
205733,2
205734,2
205735,2
205736,2
205737,1
205738,1
205739,2
205740,2
205741,0
205742,0
205743,2
205744,0
205745,1
205746,1
205747,1
205748,2
205749,2
205750,1
205751,0
205752,0
205753,1
205754,1
205755,2
205756,2
205757,1
205758,2
205759,2
205760,2
205761,0
205762,1
205763,0
205764,0
205765,2
205766,2
205767,0
205768,1
205769,1
205770,1
205771,0
205772,1
205773,1
205774,1
205775,1
205776,2
205777,2
205778,1
205779,0
205780,1
205781,1
205782,1
205783,1
205784,1
205785,1
205786,1
205787,1
205788,2
205789,1
205790,0
205791,1
205792,0
205793,1
205794,1
205795,2
205796,2
205797,1
205798,2
205799,1
205800,1
205801,2
205802,0
205803,0
205804,0
205805,2
205806,2
205807,1
205808,1
205809,2
205810,1
205811,2
205812,1
205813,1
205814,2
205815,1
205816,0
205817,2
205818,0
205819,1
205820,2
205821,0
205822,2
205823,2
205824,1
205825,2
205826,2
205827,2
205828,0
205829,2
205830,1
205831,1
205832,0
205833,1
205834,2
205835,2
205836,2
205837,1
205838,2
205839,2
205840,0
205841,1
205842,1
205843,2
205844,0
205845,1
205846,2
205847,0
205848,1
205849,0
205850,2
205851,2
205852,2
205853,1
205854,1
205855,0
205856,0
205857,1
205858,1
205859,1
205860,0
205861,2
205862,2
205863,1
205864,2
205865,0
205866,2
205867,2
205868,2
205869,2
205870,0
205871,1
205872,1
205873,0
205874,1
205875,1
205876,2
205877,1
205878,2
205879,0
205880,1
205881,2
205882,1
205883,2
205884,1
205885,0
205886,2
205887,0
205888,2
205889,2
205890,0
205891,2
205892,1
205893,1
205894,1
205895,0
205896,1
205897,0
205898,2
205899,1
205900,2
205901,1
205902,2
205903,0
205904,2
205905,1
205906,0
205907,1
205908,2
205909,0
205910,2
205911,0
205912,2
205913,1
205914,2
205915,0
205916,1
205917,0
205918,1
205919,2
205920,2
205921,1
205922,2
205923,1
205924,0
205925,1
205926,1
205927,1
205928,1
205929,2
205930,0
205931,2
205932,2
205933,2
205934,1
205935,2
205936,1
205937,2
205938,2
205939,1
205940,2
205941,0
205942,0
205943,2
205944,2
205945,1
205946,2
205947,1
205948,2
205949,2
205950,0
205951,0
205952,1
205953,2
205954,1
205955,1
205956,2
205957,2
205958,2
205959,1
205960,2
205961,1
205962,1
205963,1
205964,1
205965,2
205966,2
205967,0
205968,2
205969,2
205970,1
205971,2
205972,0
205973,2
205974,2
205975,1
205976,0
205977,2
205978,1
205979,0
205980,2
205981,1
205982,0
205983,2
205984,2
205985,0
205986,2
205987,2
205988,2
205989,0
205990,1
205991,2
205992,2
205993,2
205994,2
205995,1
205996,1
205997,2
205998,2
205999,0
206000,0
206001,2
206002,2
206003,1
206004,1
206005,2
206006,0
206007,1
206008,2
206009,1
206010,1
206011,1
206012,1
206013,2
206014,1
206015,2
206016,1
206017,1
206018,2
206019,1
206020,2
206021,1
206022,1
206023,0
206024,1
206025,0
206026,0
206027,0
206028,0
206029,0
206030,1
206031,1
206032,2
206033,2
206034,2
206035,2
206036,1
206037,1
206038,2
206039,0
206040,2
206041,1
206042,1
206043,0
206044,0
206045,2
206046,0
206047,1
206048,1
206049,0
206050,0
206051,1
206052,2
206053,0
206054,1
206055,0
206056,2
206057,1
206058,2
206059,1
206060,0
206061,0
206062,1
206063,1
206064,1
206065,2
206066,2
206067,1
206068,2
206069,1
206070,1
206071,1
206072,0
206073,0
206074,0
206075,1
206076,1
206077,1
206078,0
206079,1
206080,0
206081,1
206082,2
206083,1
206084,1
206085,1
206086,1
206087,2
206088,2
206089,1
206090,2
206091,1
206092,0
206093,1
206094,2
206095,2
206096,1
206097,1
206098,0
206099,0
206100,2
206101,0
206102,2
206103,0
206104,2
206105,1
206106,2
206107,1
206108,1
206109,1
206110,0
206111,2
206112,2
206113,1
206114,0
206115,2
206116,1
206117,1
206118,2
206119,0
206120,1
206121,2
206122,1
206123,1
206124,1
206125,2
206126,0
206127,1
206128,1
206129,1
206130,2
206131,0
206132,0
206133,2
206134,1
206135,0
206136,2
206137,1
206138,1
206139,1
206140,1
206141,2
206142,0
206143,2
206144,1
206145,2
206146,1
206147,1
206148,2
206149,2
206150,0
206151,1
206152,2
206153,2
206154,2
206155,0
206156,1
206157,2
206158,1
206159,1
206160,2
206161,0
206162,1
206163,2
206164,0
206165,1
206166,2
206167,1
206168,1
206169,1
206170,2
206171,1
206172,2
206173,1
206174,1
206175,1
206176,2
206177,1
206178,2
206179,1
206180,0
206181,1
206182,1
206183,2
206184,1
206185,1
206186,2
206187,1
206188,2
206189,0
206190,0
206191,2
206192,0
206193,1
206194,1
206195,1
206196,1
206197,2
206198,2
206199,1
206200,2
206201,2
206202,0
206203,1
206204,2
206205,2
206206,0
206207,2
206208,0
206209,0
206210,2
206211,2
206212,0
206213,0
206214,1
206215,2
206216,0
206217,1
206218,2
206219,2
206220,1
206221,1
206222,2
206223,1
206224,0
206225,0
206226,1
206227,1
206228,1
206229,2
206230,1
206231,1
206232,0
206233,2
206234,0
206235,0
206236,1
206237,2
206238,1
206239,0
206240,1
206241,1
206242,2
206243,2
206244,1
206245,2
206246,1
206247,1
206248,0
206249,2
206250,1
206251,2
206252,2
206253,2
206254,1
206255,2
206256,1
206257,2
206258,1
206259,2
206260,0
206261,1
206262,1
206263,1
206264,2
206265,0
206266,1
206267,0
206268,2
206269,2
206270,2
206271,1
206272,2
206273,2
206274,2
206275,0
206276,2
206277,2
206278,0
206279,2
206280,1
206281,0
206282,2
206283,2
206284,0
206285,2
206286,1
206287,1
206288,1
206289,2
206290,2
206291,0
206292,1
206293,2
206294,0
206295,1
206296,2
206297,0
206298,2
206299,2
206300,2
206301,2
206302,2
206303,1
206304,0
206305,1
206306,1
206307,0
206308,2
206309,0
206310,1
206311,2
206312,2
206313,1
206314,1
206315,1
206316,1
206317,2
206318,1
206319,1
206320,2
206321,1
206322,2
206323,1
206324,0
206325,2
206326,2
206327,1
206328,1
206329,1
206330,0
206331,2
206332,1
206333,2
206334,0
206335,1
206336,1
206337,1
206338,2
206339,2
206340,2
206341,2
206342,0
206343,2
206344,2
206345,2
206346,0
206347,0
206348,1
206349,2
206350,1
206351,2
206352,1
206353,2
206354,1
206355,2
206356,0
206357,2
206358,2
206359,1
206360,2
206361,0
206362,2
206363,1
206364,0
206365,2
206366,1
206367,1
206368,2
206369,1
206370,2
206371,2
206372,1
206373,2
206374,0
206375,2
206376,1
206377,2
206378,2
206379,1
206380,1
206381,0
206382,0
206383,2
206384,1
206385,2
206386,2
206387,2
206388,1
206389,2
206390,2
206391,1
206392,1
206393,2
206394,1
206395,2
206396,2
206397,2
206398,2
206399,2
206400,0
206401,2
206402,2
206403,2
206404,1
206405,2
206406,1
206407,1
206408,1
206409,0
206410,2
206411,2
206412,1
206413,0
206414,2
206415,1
206416,2
206417,0
206418,2
206419,1
206420,2
206421,1
206422,2
206423,2
206424,2
206425,0
206426,0
206427,2
206428,0
206429,0
206430,1
206431,2
206432,1
206433,0
206434,2
206435,2
206436,1
206437,1
206438,2
206439,0
206440,2
206441,1
206442,2
206443,1
206444,1
206445,0
206446,2
206447,2
206448,2
206449,1
206450,1
206451,2
206452,2
206453,0
206454,1
206455,2
206456,0
206457,1
206458,1
206459,1
206460,2
206461,0
206462,0
206463,2
206464,2
206465,1
206466,2
206467,2
206468,0
206469,1
206470,2
206471,1
206472,0
206473,1
206474,1
206475,1
206476,1
206477,1
206478,0
206479,2
206480,0
206481,1
206482,0
206483,2
206484,0
206485,0
206486,1
206487,2
206488,1
206489,2
206490,2
206491,1
206492,2
206493,2
206494,1
206495,2
206496,0
206497,0
206498,2
206499,2
206500,2
206501,2
206502,1
206503,2
206504,2
206505,1
206506,1
206507,0
206508,2
206509,0
206510,2
206511,2
206512,2
206513,2
206514,1
206515,1
206516,1
206517,0
206518,1
206519,2
206520,1
206521,1
206522,1
206523,2
206524,1
206525,1
206526,2
206527,1
206528,0
206529,1
206530,2
206531,1
206532,0
206533,0
206534,1
206535,1
206536,2
206537,2
206538,2
206539,2
206540,1
206541,1
206542,1
206543,0
206544,1
206545,2
206546,2
206547,1
206548,1
206549,2
206550,1
206551,1
206552,1
206553,1
206554,2
206555,1
206556,2
206557,2
206558,0
206559,1
206560,1
206561,1
206562,2
206563,1
206564,2
206565,2
206566,2
206567,1
206568,2
206569,1
206570,0
206571,1
206572,1
206573,2
206574,0
206575,0
206576,0
206577,2
206578,1
206579,2
206580,2
206581,1
206582,2
206583,1
206584,1
206585,2
206586,2
206587,2
206588,1
206589,2
206590,1
206591,2
206592,1
206593,2
206594,2
206595,0
206596,2
206597,2
206598,1
206599,1
206600,1
206601,2
206602,1
206603,0
206604,1
206605,2
206606,0
206607,2
206608,1
206609,2
206610,1
206611,2
206612,0
206613,2
206614,1
206615,1
206616,2
206617,2
206618,2
206619,1
206620,1
206621,2
206622,2
206623,1
206624,1
206625,1
206626,2
206627,0
206628,2
206629,2
206630,2
206631,2
206632,2
206633,1
206634,0
206635,2
206636,0
206637,0
206638,1
206639,2
206640,2
206641,2
206642,0
206643,1
206644,2
206645,1
206646,1
206647,1
206648,1
206649,2
206650,2
206651,0
206652,0
206653,0
206654,1
206655,2
206656,1
206657,1
206658,2
206659,2
206660,1
206661,2
206662,2
206663,0
206664,1
206665,0
206666,2
206667,0
206668,1
206669,1
206670,0
206671,1
206672,0
206673,2
206674,0
206675,2
206676,2
206677,2
206678,2
206679,0
206680,1
206681,0
206682,0
206683,1
206684,1
206685,2
206686,2
206687,2
206688,2
206689,2
206690,1
206691,2
206692,0
206693,1
206694,2
206695,2
206696,1
206697,1
206698,1
206699,0
206700,1
206701,2
206702,1
206703,1
206704,0
206705,2
206706,0
206707,1
206708,2
206709,0
206710,2
206711,1
206712,1
206713,2
206714,1
206715,2
206716,2
206717,1
206718,0
206719,2
206720,2
206721,0
206722,2
206723,2
206724,1
206725,2
206726,1
206727,2
206728,0
206729,1
206730,1
206731,1
206732,2
206733,0
206734,2
206735,2
206736,0
206737,0
206738,2
206739,2
206740,2
206741,1
206742,0
206743,2
206744,2
206745,2
206746,1
206747,0
206748,2
206749,0
206750,1
206751,1
206752,0
206753,2
206754,0
206755,0
206756,2
206757,1
206758,2
206759,2
206760,0
206761,1
206762,2
206763,2
206764,1
206765,1
206766,2
206767,1
206768,1
206769,2
206770,0
206771,2
206772,0
206773,2
206774,2
206775,2
206776,2
206777,2
206778,2
206779,2
206780,2
206781,0
206782,1
206783,1
206784,2
206785,2
206786,2
206787,2
206788,1
206789,2
206790,2
206791,1
206792,1
206793,2
206794,2
206795,2
206796,2
206797,1
206798,1
206799,2
206800,2
206801,2
206802,0
206803,2
206804,2
206805,2
206806,0
206807,2
206808,1
206809,2
206810,2
206811,0
206812,1
206813,2
206814,1
206815,0
206816,2
206817,2
206818,1
206819,0
206820,2
206821,1
206822,1
206823,1
206824,0
206825,1
206826,1
206827,1
206828,2
206829,2
206830,0
206831,2
206832,0
206833,2
206834,1
206835,2
206836,0
206837,1
206838,1
206839,1
206840,1
206841,2
206842,2
206843,2
206844,2
206845,1
206846,2
206847,1
206848,1
206849,2
206850,1
206851,1
206852,1
206853,0
206854,1
206855,2
206856,1
206857,1
206858,0
206859,2
206860,2
206861,2
206862,2
206863,2
206864,1
206865,2
206866,2
206867,2
206868,1
206869,0
206870,2
206871,1
206872,2
206873,2
206874,2
206875,2
206876,1
206877,1
206878,0
206879,1
206880,1
206881,2
206882,2
206883,0
206884,2
206885,1
206886,2
206887,0
206888,1
206889,2
206890,1
206891,1
206892,0
206893,1
206894,2
206895,1
206896,1
206897,0
206898,1
206899,1
206900,2
206901,2
206902,0
206903,1
206904,1
206905,2
206906,2
206907,1
206908,2
206909,2
206910,2
206911,2
206912,1
206913,2
206914,2
206915,2
206916,2
206917,2
206918,1
206919,2
206920,0
206921,1
206922,2
206923,2
206924,1
206925,1
206926,1
206927,0
206928,0
206929,2
206930,2
206931,2
206932,2
206933,2
206934,2
206935,2
206936,2
206937,2
206938,1
206939,1
206940,2
206941,0
206942,1
206943,2
206944,2
206945,2
206946,1
206947,2
206948,0
206949,1
206950,1
206951,2
206952,0
206953,2
206954,2
206955,2
206956,1
206957,2
206958,2
206959,0
206960,0
206961,0
206962,2
206963,2
206964,1
206965,1
206966,2
206967,1
206968,2
206969,0
206970,2
206971,0
206972,0
206973,0
206974,2
206975,1
206976,2
206977,2
206978,1
206979,2
206980,2
206981,2
206982,2
206983,2
206984,0
206985,1
206986,2
206987,0
206988,2
206989,2
206990,1
206991,2
206992,2
206993,2
206994,1
206995,2
206996,1
206997,0
206998,0
206999,2
207000,1
207001,1
207002,0
207003,1
207004,1
207005,1
207006,2
207007,0
207008,1
207009,0
207010,2
207011,2
207012,2
207013,1
207014,1
207015,1
207016,2
207017,2
207018,1
207019,0
207020,1
207021,1
207022,1
207023,0
207024,1
207025,0
207026,2
207027,1
207028,0
207029,1
207030,2
207031,2
207032,2
207033,2
207034,2
207035,0
207036,1
207037,1
207038,2
207039,2
207040,1
207041,2
207042,2
207043,0
207044,1
207045,1
207046,0
207047,1
207048,1
207049,1
207050,0
207051,0
207052,0
207053,1
207054,0
207055,2
207056,0
207057,2
207058,1
207059,0
207060,2
207061,2
207062,1
207063,1
207064,2
207065,2
207066,2
207067,2
207068,0
207069,1
207070,2
207071,2
207072,0
207073,1
207074,2
207075,2
207076,2
207077,1
207078,1
207079,1
207080,2
207081,2
207082,1
207083,1
207084,2
207085,1
207086,1
207087,2
207088,2
207089,2
207090,1
207091,0
207092,2
207093,1
207094,0
207095,0
207096,0
207097,0
207098,2
207099,2
207100,1
207101,0
207102,1
207103,2
207104,2
207105,1
207106,1
207107,1
207108,1
207109,2
207110,2
207111,1
207112,2
207113,1
207114,2
207115,2
207116,2
207117,2
207118,2
207119,1
207120,2
207121,2
207122,0
207123,2
207124,0
207125,1
207126,2
207127,2
207128,2
207129,1
207130,1
207131,0
207132,1
207133,2
207134,2
207135,1
207136,1
207137,1
207138,1
207139,1
207140,2
207141,0
207142,0
207143,0
207144,1
207145,2
207146,2
207147,1
207148,1
207149,1
207150,1
207151,1
207152,2
207153,1
207154,1
207155,1
207156,0
207157,0
207158,2
207159,2
207160,2
207161,2
207162,2
207163,2
207164,0
207165,1
207166,2
207167,1
207168,2
207169,1
207170,1
207171,1
207172,2
207173,2
207174,0
207175,1
207176,2
207177,2
207178,0
207179,1
207180,1
207181,2
207182,1
207183,2
207184,2
207185,2
207186,1
207187,2
207188,0
207189,1
207190,1
207191,2
207192,2
207193,1
207194,2
207195,2
207196,1
207197,1
207198,1
207199,1
207200,2
207201,1
207202,1
207203,1
207204,2
207205,1
207206,1
207207,2
207208,2
207209,1
207210,1
207211,1
207212,0
207213,0
207214,2
207215,2
207216,1
207217,2
207218,2
207219,1
207220,1
207221,1
207222,2
207223,0
207224,1
207225,1
207226,1
207227,1
207228,0
207229,2
207230,2
207231,0
207232,2
207233,1
207234,1
207235,1
207236,1
207237,2
207238,1
207239,1
207240,2
207241,1
207242,1
207243,0
207244,1
207245,2
207246,2
207247,1
207248,2
207249,2
207250,2
207251,1
207252,1
207253,2
207254,1
207255,2
207256,2
207257,2
207258,1
207259,1
207260,0
207261,2
207262,1
207263,2
207264,0
207265,0
207266,2
207267,1
207268,2
207269,1
207270,2
207271,1
207272,0
207273,1
207274,2
207275,2
207276,0
207277,1
207278,2
207279,1
207280,1
207281,1
207282,2
207283,2
207284,2
207285,0
207286,0
207287,1
207288,2
207289,1
207290,2
207291,2
207292,1
207293,0
207294,1
207295,1
207296,1
207297,2
207298,1
207299,1
207300,1
207301,2
207302,2
207303,1
207304,2
207305,0
207306,2
207307,1
207308,0
207309,1
207310,0
207311,1
207312,2
207313,1
207314,2
207315,2
207316,2
207317,2
207318,1
207319,1
207320,1
207321,2
207322,1
207323,2
207324,0
207325,0
207326,1
207327,2
207328,0
207329,2
207330,2
207331,2
207332,2
207333,0
207334,0
207335,2
207336,2
207337,1
207338,2
207339,2
207340,2
207341,2
207342,2
207343,1
207344,1
207345,1
207346,2
207347,0
207348,0
207349,1
207350,0
207351,2
207352,1
207353,2
207354,0
207355,2
207356,0
207357,2
207358,2
207359,2
207360,1
207361,0
207362,1
207363,1
207364,2
207365,0
207366,1
207367,2
207368,0
207369,1
207370,1
207371,2
207372,2
207373,2
207374,0
207375,0
207376,2
207377,2
207378,0
207379,1
207380,2
207381,2
207382,2
207383,2
207384,2
207385,2
207386,1
207387,1
207388,2
207389,1
207390,0
207391,2
207392,1
207393,1
207394,1
207395,0
207396,2
207397,1
207398,2
207399,1
207400,2
207401,0
207402,1
207403,1
207404,2
207405,0
207406,1
207407,0
207408,1
207409,2
207410,2
207411,1
207412,1
207413,2
207414,1
207415,2
207416,1
207417,0
207418,0
207419,0
207420,0
207421,1
207422,0
207423,2
207424,2
207425,1
207426,1
207427,2
207428,0
207429,2
207430,1
207431,2
207432,1
207433,1
207434,0
207435,0
207436,0
207437,2
207438,2
207439,0
207440,2
207441,2
207442,2
207443,1
207444,2
207445,1
207446,2
207447,2
207448,1
207449,0
207450,1
207451,2
207452,1
207453,0
207454,2
207455,0
207456,0
207457,2
207458,2
207459,1
207460,2
207461,1
207462,2
207463,2
207464,1
207465,1
207466,0
207467,0
207468,2
207469,1
207470,1
207471,1
207472,1
207473,2
207474,1
207475,0
207476,2
207477,2
207478,1
207479,0
207480,0
207481,2
207482,0
207483,1
207484,2
207485,2
207486,0
207487,2
207488,2
207489,1
207490,2
207491,2
207492,0
207493,0
207494,1
207495,0
207496,1
207497,1
207498,1
207499,1
207500,2
207501,2
207502,1
207503,2
207504,0
207505,2
207506,0
207507,2
207508,0
207509,1
207510,1
207511,1
207512,2
207513,1
207514,2
207515,2
207516,2
207517,2
207518,1
207519,2
207520,1
207521,2
207522,2
207523,1
207524,1
207525,0
207526,1
207527,1
207528,2
207529,1
207530,1
207531,1
207532,2
207533,2
207534,1
207535,1
207536,0
207537,2
207538,2
207539,1
207540,2
207541,1
207542,2
207543,1
207544,1
207545,0
207546,2
207547,2
207548,2
207549,2
207550,1
207551,0
207552,0
207553,0
207554,0
207555,2
207556,1
207557,1
207558,0
207559,2
207560,1
207561,0
207562,2
207563,2
207564,0
207565,2
207566,1
207567,2
207568,0
207569,2
207570,2
207571,0
207572,0
207573,2
207574,1
207575,2
207576,0
207577,0
207578,2
207579,0
207580,0
207581,1
207582,2
207583,1
207584,2
207585,0
207586,2
207587,1
207588,0
207589,2
207590,2
207591,0
207592,0
207593,2
207594,2
207595,2
207596,1
207597,1
207598,0
207599,2
207600,1
207601,2
207602,1
207603,1
207604,2
207605,2
207606,0
207607,1
207608,2
207609,0
207610,2
207611,2
207612,1
207613,1
207614,1
207615,1
207616,1
207617,2
207618,0
207619,1
207620,1
207621,2
207622,1
207623,1
207624,1
207625,2
207626,0
207627,1
207628,1
207629,1
207630,2
207631,1
207632,2
207633,1
207634,0
207635,0
207636,2
207637,1
207638,0
207639,1
207640,0
207641,0
207642,2
207643,2
207644,2
207645,1
207646,1
207647,0
207648,2
207649,2
207650,1
207651,1
207652,1
207653,2
207654,2
207655,0
207656,2
207657,2
207658,2
207659,0
207660,2
207661,1
207662,2
207663,0
207664,2
207665,1
207666,2
207667,2
207668,1
207669,2
207670,2
207671,2
207672,1
207673,1
207674,2
207675,0
207676,2
207677,1
207678,2
207679,0
207680,0
207681,0
207682,2
207683,1
207684,0
207685,2
207686,0
207687,0
207688,1
207689,1
207690,2
207691,2
207692,2
207693,2
207694,2
207695,1
207696,1
207697,2
207698,2
207699,2
207700,0
207701,0
207702,1
207703,1
207704,0
207705,1
207706,0
207707,2
207708,1
207709,1
207710,2
207711,1
207712,1
207713,1
207714,2
207715,1
207716,1
207717,2
207718,2
207719,2
207720,1
207721,0
207722,0
207723,2
207724,0
207725,1
207726,2
207727,1
207728,0
207729,1
207730,1
207731,2
207732,0
207733,1
207734,1
207735,2
207736,1
207737,1
207738,1
207739,2
207740,0
207741,1
207742,1
207743,2
207744,0
207745,2
207746,0
207747,1
207748,1
207749,1
207750,1
207751,2
207752,2
207753,0
207754,2
207755,0
207756,0
207757,1
207758,2
207759,2
207760,1
207761,1
207762,2
207763,2
207764,2
207765,2
207766,2
207767,2
207768,1
207769,1
207770,2
207771,2
207772,0
207773,0
207774,2
207775,2
207776,2
207777,2
207778,0
207779,1
207780,0
207781,1
207782,1
207783,2
207784,0
207785,0
207786,1
207787,0
207788,0
207789,0
207790,2
207791,2
207792,0
207793,2
207794,1
207795,1
207796,1
207797,2
207798,1
207799,1
207800,0
207801,1
207802,2
207803,2
207804,0
207805,1
207806,1
207807,1
207808,2
207809,1
207810,1
207811,0
207812,1
207813,0
207814,2
207815,2
207816,2
207817,2
207818,1
207819,1
207820,1
207821,1
207822,2
207823,2
207824,2
207825,1
207826,0
207827,2
207828,1
207829,0
207830,1
207831,2
207832,1
207833,2
207834,1
207835,2
207836,0
207837,1
207838,2
207839,2
207840,1
207841,1
207842,0
207843,0
207844,0
207845,2
207846,0
207847,1
207848,1
207849,2
207850,2
207851,2
207852,1
207853,2
207854,0
207855,0
207856,2
207857,2
207858,1
207859,1
207860,1
207861,1
207862,2
207863,2
207864,2
207865,1
207866,2
207867,2
207868,2
207869,0
207870,2
207871,1
207872,1
207873,0
207874,1
207875,2
207876,1
207877,0
207878,0
207879,1
207880,1
207881,2
207882,2
207883,1
207884,0
207885,2
207886,0
207887,1
207888,2
207889,2
207890,2
207891,1
207892,2
207893,2
207894,0
207895,0
207896,1
207897,1
207898,2
207899,2
207900,2
207901,1
207902,2
207903,1
207904,2
207905,1
207906,2
207907,1
207908,2
207909,2
207910,1
207911,2
207912,0
207913,1
207914,0
207915,0
207916,1
207917,1
207918,1
207919,0
207920,1
207921,2
207922,1
207923,0
207924,2
207925,2
207926,2
207927,2
207928,1
207929,2
207930,2
207931,1
207932,2
207933,0
207934,2
207935,2
207936,0
207937,0
207938,1
207939,0
207940,2
207941,0
207942,1
207943,1
207944,2
207945,0
207946,1
207947,2
207948,2
207949,1
207950,1
207951,2
207952,1
207953,2
207954,0
207955,0
207956,2
207957,2
207958,1
207959,1
207960,1
207961,0
207962,1
207963,2
207964,1
207965,0
207966,2
207967,1
207968,0
207969,1
207970,2
207971,0
207972,1
207973,0
207974,1
207975,2
207976,0
207977,1
207978,1
207979,2
207980,2
207981,0
207982,0
207983,2
207984,0
207985,1
207986,0
207987,0
207988,1
207989,2
207990,0
207991,1
207992,0
207993,2
207994,1
207995,0
207996,1
207997,2
207998,1
207999,2
208000,1
208001,1
208002,1
208003,2
208004,1
208005,0
208006,0
208007,2
208008,2
208009,0
208010,1
208011,1
208012,2
208013,0
208014,2
208015,2
208016,2
208017,1
208018,0
208019,0
208020,2
208021,2
208022,2
208023,2
208024,2
208025,2
208026,1
208027,2
208028,2
208029,2
208030,2
208031,2
208032,0
208033,1
208034,1
208035,1
208036,1
208037,1
208038,2
208039,2
208040,1
208041,2
208042,1
208043,0
208044,1
208045,2
208046,2
208047,1
208048,0
208049,2
208050,1
208051,1
208052,0
208053,2
208054,1
208055,1
208056,1
208057,2
208058,1
208059,1
208060,2
208061,1
208062,1
208063,0
208064,1
208065,1
208066,1
208067,2
208068,0
208069,1
208070,0
208071,2
208072,0
208073,1
208074,2
208075,2
208076,1
208077,1
208078,2
208079,2
208080,1
208081,1
208082,2
208083,1
208084,2
208085,2
208086,2
208087,2
208088,2
208089,2
208090,2
208091,2
208092,2
208093,1
208094,2
208095,0
208096,1
208097,2
208098,1
208099,2
208100,1
208101,1
208102,1
208103,2
208104,2
208105,1
208106,2
208107,2
208108,1
208109,2
208110,1
208111,2
208112,0
208113,0
208114,0
208115,1
208116,2
208117,2
208118,1
208119,0
208120,1
208121,2
208122,0
208123,1
208124,2
208125,0
208126,1
208127,2
208128,0
208129,0
208130,0
208131,1
208132,0
208133,1
208134,1
208135,1
208136,2
208137,2
208138,1
208139,2
208140,2
208141,2
208142,1
208143,0
208144,1
208145,1
208146,0
208147,1
208148,2
208149,1
208150,0
208151,0
208152,0
208153,0
208154,1
208155,1
208156,1
208157,1
208158,1
208159,2
208160,1
208161,0
208162,1
208163,1
208164,0
208165,1
208166,0
208167,1
208168,1
208169,2
208170,2
208171,1
208172,2
208173,0
208174,2
208175,2
208176,2
208177,2
208178,0
208179,2
208180,1
208181,2
208182,1
208183,1
208184,0
208185,1
208186,1
208187,2
208188,0
208189,0
208190,0
208191,1
208192,2
208193,1
208194,2
208195,1
208196,2
208197,2
208198,0
208199,2
208200,1
208201,1
208202,2
208203,2
208204,2
208205,2
208206,1
208207,2
208208,0
208209,2
208210,1
208211,1
208212,0
208213,1
208214,2
208215,0
208216,1
208217,2
208218,2
208219,2
208220,2
208221,2
208222,1
208223,0
208224,2
208225,0
208226,2
208227,1
208228,2
208229,2
208230,1
208231,0
208232,0
208233,0
208234,2
208235,1
208236,2
208237,2
208238,2
208239,0
208240,2
208241,2
208242,0
208243,0
208244,2
208245,1
208246,2
208247,0
208248,0
208249,1
208250,2
208251,2
208252,2
208253,2
208254,0
208255,2
208256,1
208257,0
208258,1
208259,1
208260,1
208261,2
208262,0
208263,0
208264,2
208265,2
208266,0
208267,2
208268,0
208269,2
208270,2
208271,2
208272,2
208273,0
208274,2
208275,1
208276,2
208277,0
208278,1
208279,2
208280,2
208281,2
208282,1
208283,2
208284,1
208285,2
208286,1
208287,0
208288,2
208289,2
208290,2
208291,2
208292,2
208293,1
208294,1
208295,0
208296,1
208297,1
208298,2
208299,1
208300,1
208301,2
208302,1
208303,0
208304,1
208305,1
208306,2
208307,1
208308,1
208309,0
208310,2
208311,1
208312,2
208313,1
208314,2
208315,2
208316,1
208317,0
208318,1
208319,2
208320,1
208321,1
208322,1
208323,2
208324,1
208325,1
208326,2
208327,2
208328,2
208329,1
208330,1
208331,0
208332,2
208333,0
208334,0
208335,2
208336,2
208337,2
208338,0
208339,1
208340,1
208341,1
208342,1
208343,0
208344,2
208345,2
208346,2
208347,2
208348,2
208349,1
208350,2
208351,2
208352,1
208353,0
208354,2
208355,2
208356,2
208357,0
208358,1
208359,1
208360,0
208361,2
208362,2
208363,2
208364,1
208365,0
208366,2
208367,2
208368,2
208369,1
208370,0
208371,0
208372,2
208373,2
208374,2
208375,2
208376,0
208377,1
208378,2
208379,2
208380,1
208381,2
208382,2
208383,1
208384,1
208385,1
208386,2
208387,2
208388,1
208389,1
208390,2
208391,2
208392,2
208393,0
208394,0
208395,2
208396,2
208397,1
208398,1
208399,0
208400,0
208401,0
208402,1
208403,0
208404,2
208405,0
208406,1
208407,0
208408,2
208409,1
208410,0
208411,1
208412,1
208413,2
208414,2
208415,1
208416,1
208417,1
208418,1
208419,0
208420,0
208421,2
208422,2
208423,2
208424,1
208425,0
208426,2
208427,2
208428,1
208429,1
208430,0
208431,0
208432,1
208433,0
208434,2
208435,1
208436,2
208437,2
208438,1
208439,0
208440,1
208441,1
208442,2
208443,2
208444,2
208445,2
208446,1
208447,2
208448,1
208449,2
208450,0
208451,2
208452,1
208453,2
208454,1
208455,0
208456,1
208457,0
208458,0
208459,2
208460,0
208461,0
208462,1
208463,0
208464,2
208465,2
208466,2
208467,2
208468,1
208469,2
208470,1
208471,0
208472,0
208473,2
208474,1
208475,1
208476,1
208477,1
208478,0
208479,1
208480,2
208481,0
208482,2
208483,2
208484,1
208485,1
208486,2
208487,2
208488,0
208489,1
208490,1
208491,0
208492,0
208493,1
208494,1
208495,2
208496,2
208497,0
208498,2
208499,2
208500,2
208501,1
208502,1
208503,2
208504,2
208505,1
208506,2
208507,0
208508,1
208509,1
208510,2
208511,1
208512,1
208513,2
208514,1
208515,0
208516,1
208517,2
208518,1
208519,1
208520,0
208521,0
208522,1
208523,0
208524,0
208525,1
208526,0
208527,1
208528,2
208529,0
208530,1
208531,1
208532,2
208533,1
208534,2
208535,2
208536,1
208537,0
208538,1
208539,1
208540,1
208541,2
208542,1
208543,1
208544,1
208545,1
208546,1
208547,1
208548,0
208549,0
208550,2
208551,1
208552,0
208553,2
208554,2
208555,0
208556,1
208557,1
208558,2
208559,0
208560,1
208561,1
208562,0
208563,2
208564,0
208565,2
208566,1
208567,1
208568,2
208569,1
208570,1
208571,1
208572,2
208573,1
208574,1
208575,0
208576,1
208577,0
208578,0
208579,2
208580,0
208581,0
208582,0
208583,1
208584,2
208585,2
208586,2
208587,2
208588,2
208589,2
208590,1
208591,2
208592,2
208593,0
208594,2
208595,2
208596,0
208597,2
208598,1
208599,2
208600,2
208601,0
208602,1
208603,2
208604,0
208605,1
208606,2
208607,1
208608,1
208609,2
208610,2
208611,2
208612,1
208613,0
208614,2
208615,2
208616,1
208617,2
208618,2
208619,1
208620,1
208621,1
208622,0
208623,2
208624,2
208625,2
208626,2
208627,2
208628,2
208629,2
208630,1
208631,0
208632,2
208633,0
208634,2
208635,1
208636,2
208637,0
208638,1
208639,1
208640,1
208641,2
208642,1
208643,2
208644,2
208645,1
208646,2
208647,2
208648,2
208649,1
208650,1
208651,2
208652,1
208653,2
208654,2
208655,0
208656,0
208657,2
208658,0
208659,2
208660,0
208661,1
208662,2
208663,1
208664,2
208665,1
208666,2
208667,1
208668,1
208669,2
208670,2
208671,0
208672,1
208673,2
208674,0
208675,1
208676,2
208677,1
208678,2
208679,1
208680,2
208681,1
208682,0
208683,1
208684,1
208685,1
208686,2
208687,2
208688,1
208689,2
208690,2
208691,0
208692,2
208693,2
208694,2
208695,0
208696,2
208697,1
208698,2
208699,1
208700,0
208701,1
208702,1
208703,2
208704,1
208705,1
208706,1
208707,2
208708,1
208709,1
208710,2
208711,0
208712,2
208713,2
208714,2
208715,2
208716,1
208717,0
208718,2
208719,2
208720,2
208721,1
208722,1
208723,1
208724,0
208725,1
208726,1
208727,1
208728,2
208729,0
208730,0
208731,1
208732,2
208733,2
208734,1
208735,0
208736,2
208737,2
208738,2
208739,2
208740,1
208741,2
208742,0
208743,2
208744,2
208745,2
208746,1
208747,1
208748,0
208749,0
208750,1
208751,0
208752,2
208753,0
208754,2
208755,0
208756,2
208757,1
208758,2
208759,2
208760,1
208761,0
208762,2
208763,2
208764,0
208765,2
208766,2
208767,1
208768,0
208769,1
208770,1
208771,2
208772,0
208773,0
208774,2
208775,0
208776,2
208777,2
208778,1
208779,1
208780,2
208781,2
208782,0
208783,2
208784,1
208785,0
208786,1
208787,1
208788,0
208789,2
208790,0
208791,0
208792,1
208793,1
208794,1
208795,1
208796,0
208797,1
208798,1
208799,1
208800,2
208801,2
208802,0
208803,1
208804,1
208805,0
208806,1
208807,1
208808,1
208809,1
208810,1
208811,0
208812,1
208813,1
208814,2
208815,1
208816,1
208817,2
208818,2
208819,2
208820,1
208821,2
208822,2
208823,2
208824,2
208825,1
208826,0
208827,2
208828,2
208829,2
208830,2
208831,1
208832,2
208833,1
208834,1
208835,2
208836,2
208837,1
208838,1
208839,1
208840,1
208841,2
208842,1
208843,1
208844,2
208845,0
208846,2
208847,2
208848,1
208849,2
208850,1
208851,2
208852,1
208853,1
208854,2
208855,2
208856,2
208857,2
208858,0
208859,1
208860,0
208861,0
208862,1
208863,1
208864,2
208865,2
208866,1
208867,2
208868,2
208869,1
208870,2
208871,2
208872,0
208873,2
208874,2
208875,0
208876,2
208877,2
208878,1
208879,2
208880,2
208881,2
208882,1
208883,1
208884,1
208885,2
208886,1
208887,2
208888,2
208889,1
208890,1
208891,1
208892,2
208893,2
208894,1
208895,0
208896,0
208897,1
208898,2
208899,1
208900,0
208901,1
208902,2
208903,2
208904,0
208905,1
208906,2
208907,2
208908,2
208909,0
208910,2
208911,1
208912,1
208913,2
208914,1
208915,2
208916,2
208917,1
208918,2
208919,0
208920,2
208921,2
208922,1
208923,1
208924,2
208925,2
208926,0
208927,1
208928,2
208929,0
208930,2
208931,0
208932,1
208933,0
208934,0
208935,0
208936,1
208937,1
208938,1
208939,2
208940,1
208941,2
208942,2
208943,0
208944,0
208945,1
208946,2
208947,1
208948,2
208949,1
208950,0
208951,1
208952,0
208953,1
208954,0
208955,2
208956,2
208957,2
208958,2
208959,0
208960,1
208961,0
208962,0
208963,2
208964,0
208965,1
208966,1
208967,2
208968,1
208969,1
208970,2
208971,1
208972,2
208973,1
208974,2
208975,2
208976,2
208977,1
208978,0
208979,1
208980,2
208981,2
208982,1
208983,0
208984,2
208985,1
208986,2
208987,2
208988,0
208989,2
208990,2
208991,2
208992,2
208993,0
208994,1
208995,1
208996,1
208997,2
208998,1
208999,1
209000,2
209001,2
209002,2
209003,1
209004,1
209005,2
209006,0
209007,2
209008,0
209009,1
209010,2
209011,0
209012,2
209013,2
209014,2
209015,2
209016,2
209017,2
209018,1
209019,2
209020,1
209021,0
209022,2
209023,0
209024,0
209025,2
209026,2
209027,1
209028,1
209029,2
209030,2
209031,1
209032,1
209033,2
209034,1
209035,1
209036,2
209037,2
209038,2
209039,1
209040,1
209041,2
209042,0
209043,0
209044,1
209045,2
209046,0
209047,0
209048,0
209049,2
209050,2
209051,2
209052,0
209053,0
209054,2
209055,1
209056,1
209057,0
209058,1
209059,1
209060,1
209061,1
209062,1
209063,1
209064,0
209065,0
209066,2
209067,1
209068,2
209069,1
209070,1
209071,0
209072,1
209073,0
209074,1
209075,0
209076,1
209077,1
209078,2
209079,2
209080,2
209081,2
209082,2
209083,1
209084,2
209085,2
209086,2
209087,2
209088,2
209089,2
209090,0
209091,2
209092,1
209093,2
209094,2
209095,2
209096,2
209097,1
209098,1
209099,0
209100,2
209101,0
209102,2
209103,1
209104,2
209105,0
209106,1
209107,2
209108,2
209109,2
209110,0
209111,1
209112,2
209113,1
209114,2
209115,2
209116,0
209117,0
209118,2
209119,1
209120,2
209121,2
209122,2
209123,2
209124,0
209125,1
209126,1
209127,2
209128,2
209129,2
209130,0
209131,2
209132,1
209133,1
209134,1
209135,0
209136,1
209137,2
209138,2
209139,2
209140,1
209141,1
209142,2
209143,0
209144,2
209145,2
209146,0
209147,2
209148,1
209149,0
209150,1
209151,1
209152,2
209153,1
209154,1
209155,0
209156,2
209157,2
209158,2
209159,0
209160,1
209161,2
209162,2
209163,1
209164,1
209165,2
209166,2
209167,2
209168,2
209169,0
209170,0
209171,2
209172,1
209173,2
209174,2
209175,2
209176,1
209177,2
209178,2
209179,2
209180,0
209181,2
209182,2
209183,2
209184,2
209185,0
209186,0
209187,2
209188,1
209189,2
209190,2
209191,2
209192,1
209193,1
209194,0
209195,1
209196,1
209197,1
209198,2
209199,1
209200,1
209201,0
209202,1
209203,0
209204,2
209205,1
209206,2
209207,2
209208,0
209209,1
209210,2
209211,2
209212,2
209213,0
209214,2
209215,2
209216,2
209217,1
209218,2
209219,0
209220,1
209221,1
209222,2
209223,0
209224,1
209225,2
209226,1
209227,1
209228,1
209229,2
209230,1
209231,2
209232,2
209233,2
209234,1
209235,1
209236,1
209237,1
209238,1
209239,0
209240,1
209241,1
209242,2
209243,1
209244,1
209245,2
209246,1
209247,0
209248,1
209249,0
209250,1
209251,0
209252,2
209253,2
209254,2
209255,2
209256,0
209257,1
209258,0
209259,1
209260,1
209261,1
209262,1
209263,2
209264,1
209265,2
209266,2
209267,1
209268,2
209269,0
209270,1
209271,2
209272,2
209273,1
209274,2
209275,2
209276,1
209277,0
209278,2
209279,0
209280,0
209281,1
209282,1
209283,0
209284,0
209285,0
209286,2
209287,1
209288,2
209289,1
209290,1
209291,2
209292,2
209293,1
209294,0
209295,2
209296,0
209297,2
209298,0
209299,2
209300,1
209301,0
209302,1
209303,1
209304,1
209305,2
209306,2
209307,2
209308,1
209309,2
209310,2
209311,1
209312,1
209313,2
209314,1
209315,0
209316,1
209317,1
209318,2
209319,0
209320,2
209321,0
209322,1
209323,1
209324,1
209325,2
209326,0
209327,1
209328,0
209329,1
209330,0
209331,2
209332,2
209333,1
209334,2
209335,2
209336,2
209337,2
209338,1
209339,1
209340,1
209341,0
209342,2
209343,1
209344,2
209345,2
209346,0
209347,0
209348,0
209349,1
209350,1
209351,1
209352,0
209353,1
209354,1
209355,1
209356,2
209357,1
209358,0
209359,2
209360,2
209361,2
209362,0
209363,1
209364,2
209365,0
209366,2
209367,1
209368,0
209369,0
209370,1
209371,2
209372,2
209373,2
209374,1
209375,2
209376,2
209377,0
209378,1
209379,2
209380,1
209381,2
209382,0
209383,1
209384,0
209385,2
209386,0
209387,0
209388,0
209389,2
209390,0
209391,0
209392,2
209393,0
209394,2
209395,1
209396,2
209397,2
209398,2
209399,1
209400,1
209401,1
209402,1
209403,1
209404,1
209405,0
209406,2
209407,1
209408,1
209409,2
209410,1
209411,2
209412,2
209413,1
209414,0
209415,2
209416,2
209417,1
209418,0
209419,2
209420,0
209421,0
209422,0
209423,2
209424,2
209425,2
209426,2
209427,1
209428,1
209429,0
209430,2
209431,1
209432,2
209433,0
209434,0
209435,2
209436,0
209437,0
209438,2
209439,2
209440,1
209441,0
209442,2
209443,2
209444,0
209445,0
209446,1
209447,2
209448,2
209449,2
209450,1
209451,2
209452,2
209453,2
209454,2
209455,2
209456,0
209457,2
209458,0
209459,0
209460,2
209461,1
209462,1
209463,2
209464,1
209465,1
209466,1
209467,2
209468,2
209469,1
209470,1
209471,2
209472,2
209473,2
209474,1
209475,1
209476,2
209477,1
209478,1
209479,0
209480,1
209481,1
209482,0
209483,2
209484,2
209485,2
209486,1
209487,2
209488,2
209489,2
209490,1
209491,2
209492,2
209493,2
209494,2
209495,0
209496,0
209497,1
209498,0
209499,2
209500,1
209501,0
209502,2
209503,1
209504,2
209505,1
209506,1
209507,2
209508,1
209509,2
209510,2
209511,1
209512,1
209513,1
209514,1
209515,1
209516,2
209517,2
209518,1
209519,1
209520,2
209521,0
209522,1
209523,0
209524,2
209525,1
209526,2
209527,1
209528,0
209529,0
209530,0
209531,0
209532,2
209533,0
209534,2
209535,1
209536,1
209537,2
209538,2
209539,1
209540,1
209541,2
209542,1
209543,1
209544,2
209545,2
209546,2
209547,0
209548,2
209549,1
209550,2
209551,2
209552,0
209553,2
209554,2
209555,2
209556,2
209557,1
209558,0
209559,0
209560,1
209561,2
209562,1
209563,1
209564,2
209565,2
209566,2
209567,2
209568,2
209569,2
209570,2
209571,0
209572,0
209573,2
209574,1
209575,0
209576,2
209577,0
209578,2
209579,0
209580,0
209581,1
209582,0
209583,2
209584,2
209585,1
209586,0
209587,1
209588,0
209589,2
209590,0
209591,0
209592,2
209593,2
209594,0
209595,2
209596,2
209597,1
209598,1
209599,2
209600,2
209601,2
209602,2
209603,2
209604,2
209605,1
209606,2
209607,2
209608,2
209609,2
209610,1
209611,1
209612,2
209613,1
209614,0
209615,2
209616,1
209617,2
209618,1
209619,2
209620,2
209621,0
209622,1
209623,1
209624,1
209625,2
209626,2
209627,1
209628,1
209629,2
209630,1
209631,1
209632,1
209633,1
209634,1
209635,2
209636,0
209637,2
209638,0
209639,2
209640,0
209641,1
209642,2
209643,2
209644,2
209645,2
209646,2
209647,1
209648,2
209649,1
209650,2
209651,2
209652,1
209653,2
209654,2
209655,1
209656,0
209657,2
209658,1
209659,2
209660,2
209661,2
209662,1
209663,2
209664,2
209665,2
209666,1
209667,2
209668,2
209669,0
209670,2
209671,2
209672,1
209673,1
209674,1
209675,1
209676,2
209677,2
209678,2
209679,1
209680,1
209681,0
209682,2
209683,1
209684,1
209685,2
209686,2
209687,2
209688,2
209689,2
209690,1
209691,1
209692,0
209693,0
209694,1
209695,1
209696,2
209697,2
209698,2
209699,2
209700,2
209701,2
209702,0
209703,2
209704,0
209705,2
209706,0
209707,2
209708,0
209709,2
209710,1
209711,2
209712,1
209713,2
209714,1
209715,1
209716,1
209717,2
209718,1
209719,2
209720,1
209721,0
209722,0
209723,1
209724,1
209725,1
209726,2
209727,2
209728,1
209729,1
209730,2
209731,2
209732,1
209733,1
209734,0
209735,2
209736,1
209737,0
209738,1
209739,2
209740,0
209741,0
209742,1
209743,1
209744,1
209745,2
209746,1
209747,0
209748,2
209749,2
209750,1
209751,1
209752,1
209753,1
209754,1
209755,1
209756,2
209757,2
209758,0
209759,1
209760,1
209761,2
209762,1
209763,2
209764,2
209765,1
209766,2
209767,1
209768,2
209769,2
209770,1
209771,2
209772,2
209773,1
209774,1
209775,1
209776,2
209777,0
209778,1
209779,0
209780,1
209781,1
209782,2
209783,1
209784,2
209785,1
209786,1
209787,1
209788,2
209789,1
209790,1
209791,2
209792,2
209793,2
209794,2
209795,0
209796,2
209797,2
209798,2
209799,2
209800,2
209801,2
209802,1
209803,1
209804,2
209805,2
209806,2
209807,0
209808,2
209809,1
209810,0
209811,2
209812,1
209813,2
209814,2
209815,2
209816,1
209817,1
209818,0
209819,0
209820,2
209821,2
209822,1
209823,0
209824,0
209825,2
209826,2
209827,1
209828,2
209829,0
209830,2
209831,2
209832,2
209833,0
209834,1
209835,1
209836,1
209837,2
209838,1
209839,0
209840,2
209841,1
209842,2
209843,0
209844,0
209845,1
209846,1
209847,0
209848,1
209849,0
209850,1
209851,0
209852,0
209853,1
209854,1
209855,2
209856,0
209857,0
209858,0
209859,1
209860,2
209861,2
209862,1
209863,2
209864,0
209865,1
209866,2
209867,2
209868,1
209869,1
209870,2
209871,1
209872,1
209873,1
209874,0
209875,2
209876,0
209877,1
209878,1
209879,2
209880,0
209881,2
209882,2
209883,0
209884,0
209885,1
209886,2
209887,2
209888,2
209889,0
209890,1
209891,2
209892,2
209893,2
209894,2
209895,2
209896,1
209897,1
209898,1
209899,2
209900,1
209901,1
209902,0
209903,1
209904,0
209905,2
209906,1
209907,0
209908,2
209909,0
209910,2
209911,1
209912,0
209913,2
209914,1
209915,1
209916,2
209917,0
209918,2
209919,1
209920,2
209921,1
209922,2
209923,2
209924,2
209925,0
209926,0
209927,2
209928,1
209929,1
209930,2
209931,1
209932,0
209933,2
209934,2
209935,1
209936,2
209937,0
209938,1
209939,2
209940,0
209941,2
209942,1
209943,1
209944,2
209945,2
209946,1
209947,0
209948,1
209949,1
209950,1
209951,0
209952,2
209953,2
209954,2
209955,2
209956,2
209957,2
209958,1
209959,1
209960,2
209961,2
209962,0
209963,1
209964,2
209965,2
209966,2
209967,0
209968,1
209969,2
209970,0
209971,2
209972,1
209973,0
209974,2
209975,0
209976,1
209977,2
209978,0
209979,2
209980,2
209981,1
209982,1
209983,2
209984,0
209985,0
209986,1
209987,1
209988,2
209989,1
209990,2
209991,2
209992,0
209993,2
209994,0
209995,0
209996,1
209997,2
209998,0
209999,1
210000,1
210001,1
210002,2
210003,1
210004,2
210005,1
210006,1
210007,2
210008,2
210009,0
210010,1
210011,0
210012,2
210013,2
210014,1
210015,1
210016,2
210017,1
210018,2
210019,2
210020,0
210021,0
210022,1
210023,0
210024,2
210025,0
210026,0
210027,0
210028,1
210029,1
210030,2
210031,1
210032,1
210033,2
210034,1
210035,1
210036,0
210037,0
210038,0
210039,1
210040,2
210041,1
210042,1
210043,2
210044,2
210045,2
210046,0
210047,2
210048,2
210049,2
210050,1
210051,2
210052,2
210053,1
210054,0
210055,2
210056,2
210057,1
210058,1
210059,2
210060,2
210061,2
210062,0
210063,2
210064,2
210065,0
210066,0
210067,2
210068,2
210069,2
210070,2
210071,2
210072,2
210073,0
210074,2
210075,0
210076,2
210077,2
210078,0
210079,2
210080,0
210081,1
210082,2
210083,1
210084,1
210085,1
210086,0
210087,0
210088,2
210089,0
210090,1
210091,0
210092,2
210093,0
210094,0
210095,1
210096,2
210097,0
210098,1
210099,0
210100,2
210101,2
210102,1
210103,2
210104,2
210105,2
210106,2
210107,2
210108,2
210109,0
210110,0
210111,1
210112,0
210113,1
210114,0
210115,0
210116,2
210117,0
210118,2
210119,1
210120,2
210121,1
210122,2
210123,2
210124,1
210125,1
210126,0
210127,2
210128,0
210129,0
210130,0
210131,1
210132,1
210133,2
210134,2
210135,1
210136,2
210137,2
210138,0
210139,1
210140,0
210141,0
210142,1
210143,1
210144,1
210145,1
210146,2
210147,2
210148,1
210149,2
210150,1
210151,2
210152,0
210153,1
210154,2
210155,2
210156,2
210157,2
210158,1
210159,2
210160,2
210161,2
210162,2
210163,2
210164,0
210165,2
210166,1
210167,1
210168,2
210169,2
210170,1
210171,1
210172,1
210173,2
210174,1
210175,2
210176,0
210177,0
210178,0
210179,2
210180,2
210181,2
210182,0
210183,2
210184,1
210185,2
210186,1
210187,2
210188,0
210189,1
210190,1
210191,1
210192,2
210193,2
210194,1
210195,2
210196,1
210197,2
210198,1
210199,1
210200,2
210201,2
210202,1
210203,1
210204,2
210205,2
210206,1
210207,1
210208,2
210209,0
210210,1
210211,2
210212,0
210213,0
210214,1
210215,2
210216,2
210217,2
210218,1
210219,1
210220,1
210221,2
210222,1
210223,2
210224,1
210225,2
210226,1
210227,0
210228,0
210229,0
210230,2
210231,2
210232,1
210233,1
210234,2
210235,2
210236,2
210237,2
210238,0
210239,1
210240,0
210241,1
210242,1
210243,2
210244,1
210245,2
210246,2
210247,1
210248,2
210249,1
210250,1
210251,1
210252,1
210253,0
210254,2
210255,1
210256,0
210257,2
210258,1
210259,1
210260,2
210261,2
210262,0
210263,0
210264,1
210265,2
210266,1
210267,2
210268,0
210269,0
210270,2
210271,2
210272,0
210273,2
210274,2
210275,2
210276,2
210277,0
210278,2
210279,1
210280,1
210281,2
210282,1
210283,1
210284,1
210285,2
210286,0
210287,2
210288,1
210289,1
210290,0
210291,0
210292,2
210293,1
210294,2
210295,1
210296,2
210297,2
210298,2
210299,2
210300,1
210301,2
210302,0
210303,1
210304,2
210305,2
210306,1
210307,1
210308,2
210309,1
210310,0
210311,2
210312,1
210313,1
210314,1
210315,2
210316,1
210317,0
210318,2
210319,2
210320,2
210321,2
210322,2
210323,1
210324,2
210325,0
210326,2
210327,2
210328,1
210329,1
210330,1
210331,1
210332,2
210333,2
210334,1
210335,0
210336,1
210337,2
210338,1
210339,2
210340,0
210341,0
210342,2
210343,1
210344,0
210345,1
210346,2
210347,1
210348,1
210349,0
210350,2
210351,1
210352,2
210353,1
210354,2
210355,2
210356,0
210357,1
210358,1
210359,1
210360,2
210361,2
210362,2
210363,2
210364,1
210365,0
210366,2
210367,0
210368,0
210369,1
210370,2
210371,2
210372,0
210373,2
210374,1
210375,2
210376,0
210377,1
210378,0
210379,1
210380,0
210381,2
210382,1
210383,1
210384,0
210385,2
210386,2
210387,0
210388,1
210389,1
210390,2
210391,1
210392,1
210393,1
210394,1
210395,0
210396,0
210397,2
210398,2
210399,1
210400,0
210401,2
210402,1
210403,2
210404,2
210405,2
210406,0
210407,1
210408,1
210409,1
210410,1
210411,0
210412,2
210413,2
210414,1
210415,1
210416,1
210417,2
210418,1
210419,1
210420,1
210421,2
210422,1
210423,1
210424,1
210425,0
210426,0
210427,2
210428,0
210429,1
210430,1
210431,1
210432,1
210433,0
210434,1
210435,1
210436,1
210437,1
210438,1
210439,1
210440,0
210441,1
210442,0
210443,0
210444,0
210445,2
210446,0
210447,1
210448,2
210449,1
210450,2
210451,0
210452,0
210453,1
210454,1
210455,2
210456,2
210457,1
210458,1
210459,0
210460,0
210461,2
210462,0
210463,0
210464,0
210465,1
210466,2
210467,2
210468,2
210469,1
210470,1
210471,2
210472,1
210473,1
210474,1
210475,2
210476,0
210477,1
210478,2
210479,2
210480,2
210481,2
210482,1
210483,2
210484,1
210485,1
210486,0
210487,2
210488,2
210489,0
210490,2
210491,1
210492,1
210493,0
210494,0
210495,2
210496,2
210497,2
210498,2
210499,1
210500,2
210501,2
210502,1
210503,0
210504,1
210505,1
210506,1
210507,2
210508,1
210509,1
210510,2
210511,2
210512,0
210513,2
210514,0
210515,0
210516,2
210517,2
210518,0
210519,2
210520,2
210521,0
210522,2
210523,1
210524,0
210525,0
210526,0
210527,0
210528,2
210529,2
210530,1
210531,1
210532,2
210533,1
210534,0
210535,2
210536,2
210537,2
210538,2
210539,0
210540,2
210541,2
210542,2
210543,1
210544,2
210545,1
210546,2
210547,0
210548,2
210549,0
210550,2
210551,2
210552,2
210553,0
210554,0
210555,0
210556,1
210557,0
210558,1
210559,1
210560,2
210561,2
210562,2
210563,1
210564,1
210565,1
210566,1
210567,2
210568,1
210569,2
210570,2
210571,1
210572,0
210573,1
210574,1
210575,1
210576,2
210577,0
210578,2
210579,1
210580,2
210581,2
210582,2
210583,1
210584,2
210585,2
210586,2
210587,2
210588,2
210589,0
210590,1
210591,2
210592,2
210593,2
210594,0
210595,2
210596,1
210597,1
210598,2
210599,2
210600,2
210601,1
210602,2
210603,2
210604,1
210605,1
210606,2
210607,1
210608,0
210609,2
210610,2
210611,1
210612,0
210613,2
210614,0
210615,2
210616,0
210617,1
210618,1
210619,1
210620,1
210621,1
210622,2
210623,1
210624,2
210625,2
210626,0
210627,2
210628,0
210629,0
210630,0
210631,0
210632,1
210633,0
210634,1
210635,2
210636,1
210637,2
210638,1
210639,1
210640,2
210641,2
210642,1
210643,2
210644,2
210645,0
210646,1
210647,1
210648,2
210649,2
210650,2
210651,0
210652,2
210653,0
210654,1
210655,2
210656,1
210657,0
210658,1
210659,1
210660,2
210661,2
210662,2
210663,0
210664,1
210665,0
210666,2
210667,2
210668,1
210669,1
210670,1
210671,2
210672,2
210673,1
210674,2
210675,2
210676,2
210677,1
210678,1
210679,1
210680,1
210681,1
210682,1
210683,0
210684,2
210685,2
210686,1
210687,1
210688,1
210689,2
210690,2
210691,1
210692,2
210693,2
210694,0
210695,1
210696,0
210697,2
210698,2
210699,2
210700,2
210701,0
210702,2
210703,2
210704,1
210705,1
210706,2
210707,0
210708,1
210709,2
210710,1
210711,2
210712,2
210713,1
210714,2
210715,2
210716,2
210717,2
210718,0
210719,0
210720,2
210721,1
210722,2
210723,1
210724,0
210725,1
210726,0
210727,1
210728,2
210729,2
210730,1
210731,2
210732,0
210733,2
210734,2
210735,2
210736,1
210737,2
210738,1
210739,2
210740,1
210741,0
210742,2
210743,2
210744,0
210745,1
210746,2
210747,1
210748,1
210749,0
210750,1
210751,2
210752,0
210753,1
210754,1
210755,1
210756,1
210757,0
210758,2
210759,2
210760,2
210761,1
210762,1
210763,2
210764,2
210765,2
210766,1
210767,1
210768,2
210769,0
210770,2
210771,1
210772,2
210773,2
210774,2
210775,2
210776,1
210777,1
210778,2
210779,1
210780,2
210781,2
210782,2
210783,2
210784,2
210785,2
210786,1
210787,2
210788,2
210789,2
210790,2
210791,1
210792,2
210793,0
210794,2
210795,1
210796,1
210797,0
210798,1
210799,0
210800,1
210801,1
210802,0
210803,2
210804,1
210805,0
210806,2
210807,2
210808,0
210809,1
210810,1
210811,2
210812,1
210813,2
210814,2
210815,2
210816,1
210817,0
210818,2
210819,1
210820,1
210821,0
210822,1
210823,1
210824,1
210825,1
210826,1
210827,1
210828,0
210829,1
210830,1
210831,2
210832,2
210833,1
210834,1
210835,0
210836,2
210837,1
210838,2
210839,1
210840,2
210841,0
210842,2
210843,2
210844,0
210845,2
210846,2
210847,2
210848,1
210849,1
210850,2
210851,2
210852,1
210853,1
210854,0
210855,2
210856,1
210857,0
210858,2
210859,0
210860,1
210861,2
210862,1
210863,1
210864,1
210865,2
210866,1
210867,2
210868,2
210869,2
210870,2
210871,0
210872,2
210873,0
210874,0
210875,0
210876,1
210877,2
210878,0
210879,0
210880,2
210881,0
210882,2
210883,0
210884,0
210885,2
210886,2
210887,0
210888,2
210889,1
210890,2
210891,2
210892,2
210893,1
210894,2
210895,0
210896,2
210897,1
210898,2
210899,2
210900,1
210901,1
210902,0
210903,1
210904,1
210905,1
210906,2
210907,2
210908,2
210909,0
210910,1
210911,2
210912,2
210913,2
210914,0
210915,2
210916,2
210917,2
210918,0
210919,2
210920,2
210921,2
210922,1
210923,1
210924,1
210925,1
210926,2
210927,1
210928,2
210929,1
210930,0
210931,1
210932,2
210933,0
210934,2
210935,0
210936,1
210937,1
210938,2
210939,1
210940,2
210941,0
210942,2
210943,0
210944,1
210945,2
210946,2
210947,1
210948,2
210949,1
210950,2
210951,2
210952,1
210953,2
210954,1
210955,1
210956,1
210957,1
210958,0
210959,1
210960,2
210961,0
210962,2
210963,1
210964,1
210965,2
210966,2
210967,1
210968,1
210969,2
210970,0
210971,2
210972,1
210973,0
210974,2
210975,2
210976,0
210977,1
210978,1
210979,1
210980,2
210981,1
210982,2
210983,0
210984,1
210985,2
210986,1
210987,1
210988,2
210989,2
210990,1
210991,1
210992,2
210993,0
210994,0
210995,1
210996,2
210997,1
210998,1
210999,1
211000,1
211001,1
211002,1
211003,1
211004,2
211005,0
211006,0
211007,1
211008,2
211009,1
211010,2
211011,2
211012,2
211013,1
211014,0
211015,1
211016,2
211017,2
211018,1
211019,0
211020,0
211021,1
211022,1
211023,0
211024,1
211025,2
211026,2
211027,0
211028,1
211029,1
211030,1
211031,2
211032,0
211033,1
211034,1
211035,2
211036,0
211037,1
211038,0
211039,1
211040,1
211041,0
211042,1
211043,1
211044,2
211045,2
211046,0
211047,2
211048,1
211049,1
211050,0
211051,0
211052,1
211053,2
211054,2
211055,2
211056,1
211057,0
211058,0
211059,1
211060,0
211061,0
211062,2
211063,0
211064,1
211065,2
211066,2
211067,1
211068,0
211069,1
211070,1
211071,1
211072,2
211073,2
211074,0
211075,0
211076,0
211077,2
211078,0
211079,0
211080,2
211081,2
211082,2
211083,1
211084,2
211085,2
211086,1
211087,1
211088,0
211089,2
211090,0
211091,2
211092,1
211093,2
211094,0
211095,1
211096,1
211097,0
211098,0
211099,1
211100,2
211101,2
211102,1
211103,2
211104,1
211105,0
211106,0
211107,2
211108,0
211109,2
211110,2
211111,1
211112,1
211113,1
211114,2
211115,1
211116,2
211117,1
211118,2
211119,2
211120,2
211121,2
211122,1
211123,2
211124,1
211125,0
211126,2
211127,1
211128,1
211129,2
211130,2
211131,0
211132,2
211133,2
211134,2
211135,2
211136,1
211137,1
211138,0
211139,1
211140,1
211141,1
211142,2
211143,2
211144,2
211145,2
211146,0
211147,2
211148,1
211149,0
211150,2
211151,2
211152,2
211153,2
211154,0
211155,0
211156,2
211157,0
211158,1
211159,2
211160,0
211161,2
211162,1
211163,1
211164,2
211165,2
211166,1
211167,1
211168,1
211169,1
211170,1
211171,2
211172,2
211173,2
211174,1
211175,0
211176,1
211177,0
211178,2
211179,2
211180,2
211181,2
211182,0
211183,1
211184,2
211185,1
211186,1
211187,1
211188,2
211189,1
211190,0
211191,2
211192,1
211193,0
211194,2
211195,2
211196,2
211197,1
211198,2
211199,1
211200,1
211201,0
211202,1
211203,0
211204,2
211205,1
211206,1
211207,1
211208,0
211209,1
211210,1
211211,1
211212,2
211213,1
211214,2
211215,2
211216,0
211217,0
211218,2
211219,2
211220,1
211221,1
211222,0
211223,2
211224,0
211225,2
211226,0
211227,0
211228,1
211229,2
211230,0
211231,0
211232,1
211233,0
211234,2
211235,2
211236,0
211237,2
211238,2
211239,0
211240,0
211241,1
211242,0
211243,1
211244,1
211245,2
211246,0
211247,0
211248,1
211249,2
211250,1
211251,1
211252,1
211253,2
211254,2
211255,1
211256,1
211257,1
211258,2
211259,2
211260,2
211261,2
211262,2
211263,0
211264,0
211265,0
211266,2
211267,1
211268,1
211269,0
211270,1
211271,1
211272,2
211273,1
211274,2
211275,1
211276,0
211277,0
211278,2
211279,2
211280,1
211281,2
211282,2
211283,0
211284,0
211285,1
211286,1
211287,2
211288,2
211289,1
211290,2
211291,1
211292,1
211293,2
211294,2
211295,2
211296,0
211297,2
211298,0
211299,2
211300,2
211301,2
211302,2
211303,2
211304,0
211305,0
211306,1
211307,2
211308,1
211309,2
211310,2
211311,0
211312,2
211313,2
211314,2
211315,2
211316,2
211317,2
211318,1
211319,2
211320,1
211321,1
211322,1
211323,0
211324,1
211325,2
211326,2
211327,1
211328,2
211329,0
211330,1
211331,1
211332,2
211333,0
211334,1
211335,2
211336,0
211337,2
211338,2
211339,2
211340,0
211341,2
211342,1
211343,0
211344,1
211345,0
211346,2
211347,2
211348,1
211349,1
211350,1
211351,1
211352,2
211353,1
211354,2
211355,1
211356,2
211357,2
211358,0
211359,2
211360,2
211361,2
211362,2
211363,1
211364,2
211365,2
211366,2
211367,2
211368,0
211369,1
211370,1
211371,2
211372,1
211373,2
211374,1
211375,1
211376,0
211377,2
211378,0
211379,1
211380,2
211381,0
211382,1
211383,1
211384,2
211385,1
211386,1
211387,2
211388,2
211389,2
211390,2
211391,1
211392,2
211393,2
211394,1
211395,2
211396,0
211397,0
211398,2
211399,1
211400,1
211401,0
211402,2
211403,0
211404,2
211405,1
211406,1
211407,1
211408,2
211409,0
211410,0
211411,2
211412,1
211413,0
211414,0
211415,1
211416,2
211417,1
211418,2
211419,1
211420,1
211421,1
211422,1
211423,0
211424,1
211425,2
211426,2
211427,0
211428,1
211429,2
211430,2
211431,0
211432,2
211433,2
211434,0
211435,2
211436,2
211437,1
211438,2
211439,0
211440,1
211441,2
211442,2
211443,2
211444,0
211445,0
211446,2
211447,2
211448,0
211449,2
211450,0
211451,0
211452,2
211453,0
211454,0
211455,2
211456,2
211457,1
211458,1
211459,2
211460,2
211461,1
211462,2
211463,2
211464,1
211465,0
211466,2
211467,0
211468,2
211469,0
211470,0
211471,1
211472,1
211473,2
211474,0
211475,0
211476,2
211477,2
211478,2
211479,2
211480,1
211481,1
211482,1
211483,2
211484,0
211485,1
211486,1
211487,2
211488,1
211489,1
211490,2
211491,2
211492,2
211493,0
211494,1
211495,1
211496,2
211497,2
211498,0
211499,1
211500,2
211501,0
211502,0
211503,2
211504,2
211505,0
211506,2
211507,2
211508,1
211509,0
211510,1
211511,0
211512,2
211513,2
211514,1
211515,2
211516,1
211517,2
211518,0
211519,2
211520,0
211521,0
211522,1
211523,1
211524,0
211525,2
211526,1
211527,2
211528,2
211529,0
211530,0
211531,1
211532,1
211533,0
211534,1
211535,1
211536,0
211537,2
211538,0
211539,2
211540,1
211541,1
211542,0
211543,2
211544,0
211545,2
211546,2
211547,2
211548,0
211549,2
211550,2
211551,2
211552,1
211553,2
211554,1
211555,1
211556,0
211557,1
211558,1
211559,1
211560,2
211561,0
211562,0
211563,1
211564,1
211565,0
211566,0
211567,1
211568,0
211569,1
211570,2
211571,1
211572,0
211573,2
211574,1
211575,1
211576,2
211577,1
211578,2
211579,2
211580,2
211581,0
211582,1
211583,0
211584,1
211585,2
211586,2
211587,2
211588,0
211589,0
211590,1
211591,2
211592,1
211593,2
211594,1
211595,0
211596,1
211597,2
211598,1
211599,1
211600,2
211601,0
211602,2
211603,2
211604,1
211605,2
211606,1
211607,1
211608,1
211609,2
211610,2
211611,2
211612,1
211613,0
211614,0
211615,0
211616,1
211617,2
211618,2
211619,2
211620,1
211621,2
211622,0
211623,0
211624,2
211625,1
211626,2
211627,2
211628,2
211629,1
211630,2
211631,1
211632,1
211633,1
211634,2
211635,2
211636,0
211637,2
211638,1
211639,2
211640,1
211641,2
211642,2
211643,0
211644,2
211645,2
211646,2
211647,1
211648,1
211649,0
211650,1
211651,1
211652,2
211653,1
211654,0
211655,1
211656,2
211657,2
211658,1
211659,2
211660,2
211661,2
211662,2
211663,0
211664,2
211665,1
211666,1
211667,2
211668,2
211669,2
211670,2
211671,2
211672,2
211673,2
211674,2
211675,2
211676,1
211677,1
211678,2
211679,1
211680,2
211681,1
211682,2
211683,0
211684,1
211685,0
211686,0
211687,2
211688,1
211689,1
211690,1
211691,1
211692,0
211693,0
211694,2
211695,0
211696,2
211697,1
211698,0
211699,1
211700,2
211701,0
211702,1
211703,2
211704,0
211705,1
211706,1
211707,2
211708,2
211709,1
211710,2
211711,0
211712,2
211713,1
211714,0
211715,2
211716,1
211717,2
211718,1
211719,0
211720,2
211721,1
211722,2
211723,2
211724,1
211725,1
211726,0
211727,2
211728,2
211729,2
211730,2
211731,2
211732,0
211733,0
211734,1
211735,2
211736,1
211737,2
211738,0
211739,2
211740,0
211741,1
211742,2
211743,2
211744,2
211745,0
211746,2
211747,1
211748,2
211749,1
211750,1
211751,2
211752,0
211753,2
211754,1
211755,2
211756,1
211757,2
211758,2
211759,2
211760,0
211761,0
211762,1
211763,2
211764,0
211765,2
211766,1
211767,1
211768,2
211769,1
211770,0
211771,0
211772,2
211773,2
211774,2
211775,0
211776,0
211777,2
211778,2
211779,2
211780,1
211781,1
211782,2
211783,2
211784,1
211785,2
211786,0
211787,2
211788,1
211789,2
211790,2
211791,2
211792,2
211793,0
211794,1
211795,2
211796,2
211797,2
211798,0
211799,2
211800,0
211801,1
211802,0
211803,2
211804,1
211805,1
211806,2
211807,2
211808,1
211809,1
211810,1
211811,2
211812,2
211813,2
211814,1
211815,1
211816,2
211817,1
211818,1
211819,2
211820,1
211821,2
211822,2
211823,2
211824,2
211825,2
211826,1
211827,2
211828,2
211829,0
211830,1
211831,2
211832,1
211833,2
211834,2
211835,2
211836,1
211837,2
211838,2
211839,2
211840,2
211841,0
211842,2
211843,1
211844,2
211845,2
211846,2
211847,0
211848,1
211849,1
211850,1
211851,2
211852,1
211853,1
211854,2
211855,2
211856,1
211857,1
211858,0
211859,1
211860,0
211861,1
211862,2
211863,1
211864,1
211865,1
211866,1
211867,1
211868,2
211869,2
211870,0
211871,1
211872,2
211873,1
211874,0
211875,2
211876,0
211877,0
211878,1
211879,2
211880,0
211881,0
211882,1
211883,1
211884,1
211885,2
211886,0
211887,2
211888,0
211889,1
211890,2
211891,1
211892,1
211893,1
211894,1
211895,1
211896,1
211897,1
211898,1
211899,2
211900,2
211901,0
211902,2
211903,2
211904,1
211905,1
211906,0
211907,1
211908,2
211909,2
211910,0
211911,1
211912,0
211913,1
211914,2
211915,2
211916,2
211917,2
211918,0
211919,1
211920,2
211921,0
211922,1
211923,0
211924,1
211925,2
211926,0
211927,2
211928,2
211929,2
211930,1
211931,0
211932,2
211933,1
211934,2
211935,1
211936,2
211937,1
211938,1
211939,2
211940,0
211941,1
211942,0
211943,0
211944,0
211945,2
211946,0
211947,0
211948,0
211949,2
211950,0
211951,0
211952,0
211953,2
211954,2
211955,2
211956,2
211957,1
211958,0
211959,2
211960,1
211961,2
211962,2
211963,0
211964,2
211965,2
211966,2
211967,2
211968,1
211969,2
211970,2
211971,1
211972,1
211973,2
211974,1
211975,0
211976,2
211977,1
211978,1
211979,1
211980,1
211981,1
211982,1
211983,1
211984,2
211985,2
211986,1
211987,1
211988,2
211989,2
211990,0
211991,2
211992,2
211993,1
211994,1
211995,2
211996,1
211997,1
211998,1
211999,0
212000,2
212001,1
212002,2
212003,0
212004,2
212005,1
212006,0
212007,1
212008,1
212009,0
212010,2
212011,1
212012,2
212013,0
212014,1
212015,0
212016,2
212017,1
212018,1
212019,2
212020,1
212021,1
212022,1
212023,0
212024,1
212025,1
212026,2
212027,2
212028,2
212029,0
212030,1
212031,1
212032,1
212033,0
212034,1
212035,1
212036,2
212037,0
212038,2
212039,1
212040,1
212041,1
212042,2
212043,1
212044,2
212045,2
212046,2
212047,2
212048,2
212049,2
212050,0
212051,1
212052,2
212053,2
212054,1
212055,2
212056,2
212057,2
212058,0
212059,1
212060,2
212061,1
212062,0
212063,0
212064,1
212065,2
212066,2
212067,2
212068,1
212069,2
212070,0
212071,1
212072,0
212073,0
212074,2
212075,1
212076,0
212077,2
212078,1
212079,2
212080,2
212081,0
212082,2
212083,2
212084,2
212085,2
212086,2
212087,1
212088,2
212089,1
212090,1
212091,2
212092,1
212093,2
212094,2
212095,0
212096,2
212097,2
212098,2
212099,2
212100,2
212101,2
212102,1
212103,1
212104,1
212105,2
212106,1
212107,0
212108,2
212109,1
212110,2
212111,1
212112,1
212113,1
212114,0
212115,2
212116,2
212117,2
212118,2
212119,1
212120,2
212121,0
212122,1
212123,2
212124,1
212125,0
212126,2
212127,2
212128,2
212129,2
212130,0
212131,1
212132,2
212133,2
212134,2
212135,0
212136,2
212137,1
212138,2
212139,1
212140,0
212141,1
212142,1
212143,2
212144,1
212145,2
212146,0
212147,1
212148,0
212149,2
212150,1
212151,0
212152,2
212153,2
212154,0
212155,2
212156,1
212157,2
212158,2
212159,0
212160,2
212161,1
212162,1
212163,2
212164,1
212165,1
212166,2
212167,2
212168,2
212169,2
212170,1
212171,1
212172,1
212173,1
212174,1
212175,1
212176,2
212177,2
212178,2
212179,1
212180,2
212181,2
212182,2
212183,2
212184,0
212185,1
212186,0
212187,2
212188,1
212189,0
212190,0
212191,2
212192,1
212193,0
212194,2
212195,1
212196,0
212197,1
212198,1
212199,2
212200,1
212201,1
212202,1
212203,1
212204,2
212205,2
212206,1
212207,1
212208,1
212209,0
212210,0
212211,1
212212,2
212213,2
212214,1
212215,0
212216,2
212217,1
212218,2
212219,2
212220,1
212221,1
212222,2
212223,0
212224,1
212225,2
212226,0
212227,0
212228,1
212229,1
212230,1
212231,0
212232,2
212233,1
212234,2
212235,1
212236,0
212237,0
212238,2
212239,1
212240,0
212241,0
212242,1
212243,1
212244,1
212245,0
212246,1
212247,1
212248,2
212249,2
212250,1
212251,0
212252,2
212253,1
212254,1
212255,1
212256,0
212257,1
212258,0
212259,2
212260,2
212261,1
212262,2
212263,0
212264,2
212265,1
212266,1
212267,2
212268,2
212269,2
212270,2
212271,0
212272,2
212273,2
212274,2
212275,2
212276,1
212277,0
212278,1
212279,1
212280,1
212281,1
212282,1
212283,2
212284,1
212285,1
212286,1
212287,1
212288,2
212289,2
212290,2
212291,1
212292,0
212293,2
212294,0
212295,1
212296,2
212297,2
212298,1
212299,2
212300,0
212301,2
212302,0
212303,0
212304,2
212305,1
212306,0
212307,1
212308,0
212309,2
212310,0
212311,2
212312,1
212313,2
212314,1
212315,2
212316,2
212317,2
212318,2
212319,0
212320,1
212321,1
212322,0
212323,1
212324,0
212325,0
212326,2
212327,1
212328,2
212329,1
212330,2
212331,1
212332,2
212333,1
212334,0
212335,2
212336,0
212337,1
212338,1
212339,2
212340,1
212341,0
212342,1
212343,0
212344,2
212345,2
212346,0
212347,2
212348,0
212349,2
212350,2
212351,2
212352,1
212353,0
212354,2
212355,1
212356,2
212357,1
212358,0
212359,0
212360,1
212361,1
212362,2
212363,0
212364,2
212365,2
212366,0
212367,2
212368,2
212369,0
212370,1
212371,0
212372,2
212373,1
212374,1
212375,2
212376,2
212377,1
212378,1
212379,0
212380,0
212381,1
212382,1
212383,1
212384,0
212385,1
212386,2
212387,1
212388,1
212389,0
212390,2
212391,2
212392,1
212393,2
212394,2
212395,2
212396,1
212397,1
212398,2
212399,0
212400,2
212401,2
212402,1
212403,0
212404,1
212405,2
212406,1
212407,1
212408,2
212409,1
212410,1
212411,1
212412,2
212413,1
212414,0
212415,0
212416,1
212417,1
212418,2
212419,0
212420,0
212421,2
212422,2
212423,1
212424,1
212425,1
212426,2
212427,2
212428,1
212429,0
212430,2
212431,1
212432,2
212433,2
212434,2
212435,1
212436,2
212437,2
212438,0
212439,1
212440,2
212441,1
212442,1
212443,0
212444,1
212445,2
212446,2
212447,1
212448,2
212449,2
212450,0
212451,1
212452,1
212453,0
212454,2
212455,0
212456,0
212457,1
212458,2
212459,2
212460,0
212461,2
212462,1
212463,0
212464,1
212465,2
212466,0
212467,1
212468,1
212469,2
212470,1
212471,2
212472,0
212473,0
212474,2
212475,0
212476,2
212477,1
212478,0
212479,1
212480,2
212481,1
212482,2
212483,2
212484,2
212485,2
212486,1
212487,1
212488,1
212489,2
212490,1
212491,0
212492,2
212493,0
212494,2
212495,1
212496,2
212497,1
212498,1
212499,1
212500,2
212501,0
212502,0
212503,0
212504,2
212505,1
212506,1
212507,2
212508,1
212509,2
212510,2
212511,1
212512,1
212513,0
212514,1
212515,2
212516,1
212517,1
212518,0
212519,1
212520,1
212521,1
212522,1
212523,2
212524,0
212525,2
212526,2
212527,0
212528,1
212529,2
212530,0
212531,0
212532,2
212533,2
212534,2
212535,1
212536,1
212537,2
212538,1
212539,2
212540,2
212541,0
212542,2
212543,0
212544,2
212545,2
212546,1
212547,0
212548,1
212549,1
212550,1
212551,2
212552,2
212553,1
212554,1
212555,2
212556,0
212557,2
212558,2
212559,0
212560,1
212561,2
212562,0
212563,2
212564,2
212565,2
212566,2
212567,2
212568,2
212569,2
212570,1
212571,2
212572,0
212573,1
212574,0
212575,1
212576,2
212577,2
212578,2
212579,2
212580,1
212581,1
212582,0
212583,2
212584,2
212585,2
212586,1
212587,1
212588,0
212589,2
212590,2
212591,1
212592,2
212593,0
212594,1
212595,2
212596,0
212597,2
212598,0
212599,2
212600,2
212601,1
212602,2
212603,1
212604,2
212605,2
212606,0
212607,0
212608,2
212609,2
212610,0
212611,0
212612,1
212613,1
212614,2
212615,1
212616,2
212617,2
212618,1
212619,2
212620,0
212621,0
212622,2
212623,2
212624,2
212625,1
212626,2
212627,1
212628,1
212629,2
212630,1
212631,0
212632,1
212633,1
212634,0
212635,1
212636,2
212637,2
212638,1
212639,0
212640,1
212641,0
212642,2
212643,1
212644,1
212645,1
212646,1
212647,1
212648,2
212649,0
212650,2
212651,0
212652,1
212653,1
212654,0
212655,2
212656,1
212657,1
212658,2
212659,2
212660,1
212661,1
212662,1
212663,1
212664,1
212665,2
212666,2
212667,1
212668,0
212669,2
212670,1
212671,2
212672,0
212673,1
212674,0
212675,0
212676,1
212677,0
212678,1
212679,2
212680,2
212681,2
212682,2
212683,1
212684,2
212685,1
212686,1
212687,2
212688,0
212689,2
212690,0
212691,1
212692,1
212693,2
212694,2
212695,2
212696,0
212697,1
212698,2
212699,0
212700,1
212701,2
212702,1
212703,2
212704,1
212705,1
212706,1
212707,2
212708,1
212709,2
212710,1
212711,2
212712,2
212713,1
212714,2
212715,1
212716,1
212717,0
212718,1
212719,1
212720,0
212721,2
212722,1
212723,2
212724,2
212725,0
212726,2
212727,0
212728,1
212729,2
212730,1
212731,0
212732,2
212733,2
212734,0
212735,1
212736,0
212737,2
212738,2
212739,2
212740,2
212741,2
212742,2
212743,0
212744,0
212745,0
212746,1
212747,0
212748,2
212749,0
212750,2
212751,1
212752,2
212753,2
212754,1
212755,2
212756,1
212757,1
212758,2
212759,2
212760,1
212761,0
212762,2
212763,2
212764,1
212765,0
212766,2
212767,1
212768,0
212769,1
212770,2
212771,0
212772,1
212773,0
212774,1
212775,1
212776,2
212777,2
212778,2
212779,1
212780,2
212781,2
212782,1
212783,1
212784,1
212785,0
212786,0
212787,2
212788,1
212789,2
212790,1
212791,2
212792,2
212793,2
212794,1
212795,1
212796,1
212797,0
212798,0
212799,0
212800,2
212801,0
212802,1
212803,0
212804,1
212805,1
212806,0
212807,2
212808,2
212809,1
212810,2
212811,1
212812,1
212813,1
212814,1
212815,2
212816,2
212817,1
212818,2
212819,0
212820,1
212821,1
212822,2
212823,2
212824,0
212825,0
212826,2
212827,2
212828,2
212829,2
212830,2
212831,1
212832,0
212833,2
212834,1
212835,1
212836,2
212837,2
212838,2
212839,1
212840,0
212841,2
212842,0
212843,2
212844,1
212845,2
212846,2
212847,1
212848,1
212849,1
212850,2
212851,1
212852,1
212853,0
212854,1
212855,2
212856,1
212857,2
212858,0
212859,1
212860,1
212861,2
212862,2
212863,0
212864,2
212865,0
212866,1
212867,0
212868,0
212869,1
212870,1
212871,1
212872,2
212873,2
212874,2
212875,1
212876,0
212877,2
212878,1
212879,1
212880,2
212881,2
212882,1
212883,2
212884,1
212885,1
212886,2
212887,2
212888,1
212889,0
212890,2
212891,2
212892,0
212893,1
212894,2
212895,0
212896,2
212897,2
212898,1
212899,2
212900,1
212901,1
212902,1
212903,0
212904,0
212905,1
212906,1
212907,1
212908,2
212909,2
212910,2
212911,2
212912,2
212913,1
212914,0
212915,1
212916,0
212917,0
212918,2
212919,2
212920,1
212921,2
212922,0
212923,0
212924,2
212925,0
212926,1
212927,0
212928,1
212929,0
212930,1
212931,2
212932,2
212933,2
212934,1
212935,2
212936,0
212937,1
212938,1
212939,2
212940,1
212941,0
212942,2
212943,1
212944,2
212945,0
212946,2
212947,2
212948,1
212949,2
212950,2
212951,0
212952,1
212953,1
212954,2
212955,1
212956,2
212957,2
212958,2
212959,0
212960,2
212961,0
212962,2
212963,0
212964,2
212965,2
212966,2
212967,1
212968,1
212969,1
212970,0
212971,0
212972,0
212973,0
212974,0
212975,2
212976,0
212977,0
212978,1
212979,0
212980,1
212981,2
212982,0
212983,2
212984,2
212985,0
212986,2
212987,2
212988,2
212989,1
212990,2
212991,2
212992,0
212993,1
212994,2
212995,2
212996,0
212997,2
212998,0
212999,2
213000,2
213001,2
213002,1
213003,2
213004,2
213005,2
213006,2
213007,2
213008,0
213009,0
213010,1
213011,1
213012,0
213013,1
213014,1
213015,2
213016,1
213017,2
213018,2
213019,1
213020,1
213021,2
213022,1
213023,1
213024,2
213025,2
213026,0
213027,0
213028,1
213029,2
213030,1
213031,2
213032,0
213033,0
213034,2
213035,2
213036,1
213037,2
213038,2
213039,1
213040,1
213041,2
213042,2
213043,2
213044,1
213045,2
213046,0
213047,2
213048,1
213049,0
213050,1
213051,0
213052,1
213053,1
213054,1
213055,2
213056,1
213057,2
213058,2
213059,2
213060,0
213061,2
213062,2
213063,2
213064,1
213065,0
213066,0
213067,2
213068,1
213069,1
213070,1
213071,2
213072,2
213073,1
213074,2
213075,2
213076,0
213077,1
213078,0
213079,0
213080,1
213081,1
213082,2
213083,1
213084,1
213085,1
213086,1
213087,0
213088,2
213089,2
213090,1
213091,2
213092,1
213093,2
213094,2
213095,2
213096,1
213097,0
213098,1
213099,0
213100,0
213101,2
213102,1
213103,1
213104,1
213105,0
213106,2
213107,2
213108,2
213109,1
213110,2
213111,1
213112,0
213113,0
213114,0
213115,1
213116,2
213117,1
213118,2
213119,1
213120,0
213121,1
213122,0
213123,2
213124,0
213125,1
213126,2
213127,2
213128,1
213129,1
213130,1
213131,1
213132,2
213133,1
213134,0
213135,1
213136,0
213137,2
213138,2
213139,1
213140,0
213141,1
213142,1
213143,2
213144,2
213145,0
213146,2
213147,1
213148,2
213149,1
213150,2
213151,0
213152,1
213153,2
213154,1
213155,0
213156,1
213157,0
213158,2
213159,1
213160,1
213161,0
213162,2
213163,1
213164,1
213165,1
213166,2
213167,2
213168,1
213169,2
213170,2
213171,2
213172,1
213173,2
213174,2
213175,1
213176,2
213177,1
213178,1
213179,1
213180,1
213181,1
213182,1
213183,1
213184,1
213185,1
213186,2
213187,0
213188,1
213189,2
213190,0
213191,1
213192,0
213193,1
213194,1
213195,1
213196,2
213197,0
213198,0
213199,0
213200,1
213201,2
213202,1
213203,2
213204,0
213205,2
213206,1
213207,1
213208,2
213209,0
213210,2
213211,2
213212,2
213213,0
213214,2
213215,0
213216,2
213217,1
213218,2
213219,1
213220,2
213221,2
213222,0
213223,0
213224,1
213225,0
213226,2
213227,2
213228,2
213229,1
213230,2
213231,2
213232,1
213233,2
213234,2
213235,2
213236,1
213237,0
213238,0
213239,1
213240,0
213241,0
213242,1
213243,2
213244,0
213245,2
213246,1
213247,2
213248,0
213249,2
213250,2
213251,2
213252,1
213253,1
213254,1
213255,2
213256,0
213257,1
213258,2
213259,1
213260,2
213261,1
213262,0
213263,2
213264,2
213265,1
213266,2
213267,1
213268,1
213269,2
213270,0
213271,0
213272,2
213273,2
213274,1
213275,0
213276,2
213277,1
213278,2
213279,1
213280,1
213281,1
213282,2
213283,2
213284,1
213285,2
213286,2
213287,2
213288,1
213289,2
213290,1
213291,2
213292,1
213293,0
213294,0
213295,1
213296,2
213297,2
213298,2
213299,2
213300,0
213301,2
213302,1
213303,1
213304,2
213305,1
213306,1
213307,1
213308,2
213309,2
213310,1
213311,1
213312,2
213313,2
213314,2
213315,1
213316,1
213317,2
213318,1
213319,2
213320,2
213321,2
213322,0
213323,1
213324,1
213325,0
213326,1
213327,0
213328,1
213329,2
213330,0
213331,2
213332,2
213333,1
213334,1
213335,2
213336,1
213337,0
213338,0
213339,2
213340,2
213341,1
213342,0
213343,2
213344,0
213345,1
213346,0
213347,0
213348,1
213349,1
213350,2
213351,2
213352,1
213353,0
213354,0
213355,1
213356,1
213357,2
213358,2
213359,2
213360,2
213361,2
213362,2
213363,1
213364,2
213365,0
213366,0
213367,0
213368,2
213369,2
213370,0
213371,1
213372,1
213373,0
213374,1
213375,2
213376,1
213377,1
213378,2
213379,0
213380,1
213381,2
213382,1
213383,2
213384,1
213385,1
213386,2
213387,1
213388,1
213389,0
213390,2
213391,0
213392,2
213393,0
213394,0
213395,2
213396,2
213397,0
213398,2
213399,1
213400,0
213401,2
213402,0
213403,1
213404,2
213405,2
213406,2
213407,2
213408,2
213409,2
213410,2
213411,1
213412,2
213413,1
213414,1
213415,2
213416,1
213417,0
213418,1
213419,1
213420,0
213421,0
213422,2
213423,0
213424,0
213425,2
213426,1
213427,2
213428,1
213429,2
213430,2
213431,2
213432,1
213433,2
213434,1
213435,2
213436,1
213437,0
213438,1
213439,2
213440,0
213441,2
213442,2
213443,1
213444,1
213445,1
213446,2
213447,1
213448,0
213449,2
213450,0
213451,2
213452,1
213453,0
213454,2
213455,1
213456,1
213457,1
213458,2
213459,2
213460,0
213461,0
213462,1
213463,1
213464,1
213465,2
213466,2
213467,1
213468,0
213469,0
213470,2
213471,1
213472,2
213473,2
213474,1
213475,0
213476,2
213477,0
213478,2
213479,1
213480,0
213481,2
213482,2
213483,1
213484,2
213485,0
213486,2
213487,0
213488,2
213489,2
213490,2
213491,1
213492,0
213493,1
213494,1
213495,0
213496,0
213497,0
213498,2
213499,1
213500,0
213501,2
213502,1
213503,1
213504,1
213505,1
213506,2
213507,0
213508,0
213509,2
213510,1
213511,2
213512,2
213513,0
213514,1
213515,2
213516,2
213517,1
213518,2
213519,2
213520,1
213521,0
213522,1
213523,2
213524,0
213525,2
213526,2
213527,0
213528,2
213529,1
213530,1
213531,0
213532,2
213533,0
213534,1
213535,1
213536,1
213537,1
213538,2
213539,0
213540,2
213541,0
213542,2
213543,2
213544,2
213545,1
213546,1
213547,2
213548,1
213549,2
213550,2
213551,2
213552,1
213553,1
213554,1
213555,1
213556,2
213557,2
213558,1
213559,2
213560,1
213561,1
213562,2
213563,1
213564,1
213565,2
213566,2
213567,2
213568,1
213569,1
213570,0
213571,1
213572,1
213573,1
213574,0
213575,1
213576,1
213577,1
213578,0
213579,0
213580,0
213581,1
213582,2
213583,2
213584,1
213585,0
213586,0
213587,1
213588,1
213589,0
213590,1
213591,1
213592,0
213593,1
213594,1
213595,2
213596,1
213597,0
213598,2
213599,0
213600,1
213601,0
213602,2
213603,2
213604,1
213605,1
213606,1
213607,0
213608,1
213609,1
213610,1
213611,2
213612,1
213613,2
213614,0
213615,2
213616,2
213617,2
213618,2
213619,2
213620,0
213621,1
213622,2
213623,1
213624,0
213625,2
213626,2
213627,2
213628,2
213629,0
213630,1
213631,1
213632,1
213633,0
213634,1
213635,1
213636,0
213637,1
213638,2
213639,2
213640,2
213641,1
213642,2
213643,1
213644,0
213645,1
213646,0
213647,2
213648,1
213649,2
213650,1
213651,2
213652,1
213653,2
213654,1
213655,1
213656,2
213657,2
213658,2
213659,0
213660,0
213661,2
213662,2
213663,0
213664,0
213665,2
213666,0
213667,2
213668,1
213669,2
213670,2
213671,1
213672,0
213673,2
213674,0
213675,0
213676,2
213677,1
213678,1
213679,1
213680,1
213681,2
213682,2
213683,0
213684,2
213685,1
213686,1
213687,0
213688,2
213689,1
213690,2
213691,2
213692,1
213693,2
213694,0
213695,2
213696,1
213697,1
213698,0
213699,1
213700,1
213701,0
213702,1
213703,0
213704,2
213705,1
213706,1
213707,1
213708,1
213709,0
213710,2
213711,2
213712,0
213713,1
213714,1
213715,1
213716,1
213717,1
213718,1
213719,1
213720,1
213721,2
213722,0
213723,0
213724,2
213725,0
213726,2
213727,2
213728,2
213729,1
213730,1
213731,0
213732,1
213733,1
213734,2
213735,1
213736,2
213737,2
213738,0
213739,0
213740,0
213741,0
213742,1
213743,1
213744,2
213745,1
213746,2
213747,2
213748,2
213749,1
213750,2
213751,1
213752,1
213753,2
213754,0
213755,1
213756,2
213757,0
213758,2
213759,0
213760,0
213761,2
213762,1
213763,2
213764,0
213765,2
213766,2
213767,1
213768,2
213769,1
213770,1
213771,2
213772,1
213773,0
213774,0
213775,1
213776,0
213777,2
213778,0
213779,2
213780,1
213781,2
213782,2
213783,0
213784,0
213785,1
213786,0
213787,2
213788,1
213789,2
213790,1
213791,0
213792,2
213793,2
213794,1
213795,1
213796,2
213797,1
213798,2
213799,1
213800,0
213801,2
213802,0
213803,1
213804,0
213805,2
213806,2
213807,1
213808,1
213809,1
213810,2
213811,0
213812,1
213813,2
213814,0
213815,2
213816,2
213817,2
213818,0
213819,1
213820,2
213821,0
213822,2
213823,0
213824,1
213825,0
213826,0
213827,1
213828,0
213829,1
213830,1
213831,2
213832,0
213833,0
213834,2
213835,1
213836,2
213837,1
213838,1
213839,2
213840,1
213841,2
213842,2
213843,2
213844,1
213845,2
213846,2
213847,2
213848,0
213849,1
213850,2
213851,2
213852,0
213853,2
213854,1
213855,1
213856,1
213857,1
213858,2
213859,1
213860,1
213861,1
213862,0
213863,1
213864,0
213865,0
213866,1
213867,2
213868,2
213869,2
213870,2
213871,2
213872,0
213873,2
213874,0
213875,0
213876,1
213877,2
213878,1
213879,1
213880,0
213881,2
213882,0
213883,2
213884,1
213885,2
213886,0
213887,1
213888,2
213889,0
213890,1
213891,0
213892,1
213893,1
213894,2
213895,2
213896,1
213897,0
213898,2
213899,1
213900,1
213901,1
213902,1
213903,2
213904,0
213905,1
213906,1
213907,0
213908,1
213909,2
213910,2
213911,1
213912,1
213913,2
213914,2
213915,2
213916,2
213917,1
213918,2
213919,0
213920,2
213921,2
213922,0
213923,1
213924,1
213925,1
213926,0
213927,2
213928,1
213929,2
213930,1
213931,2
213932,2
213933,1
213934,1
213935,2
213936,2
213937,0
213938,1
213939,1
213940,2
213941,1
213942,1
213943,1
213944,1
213945,2
213946,2
213947,1
213948,2
213949,1
213950,2
213951,2
213952,1
213953,1
213954,2
213955,1
213956,2
213957,1
213958,1
213959,1
213960,1
213961,0
213962,1
213963,0
213964,1
213965,1
213966,1
213967,0
213968,0
213969,2
213970,2
213971,1
213972,0
213973,1
213974,2
213975,2
213976,0
213977,1
213978,2
213979,1
213980,1
213981,2
213982,1
213983,2
213984,2
213985,2
213986,1
213987,1
213988,1
213989,2
213990,2
213991,2
213992,0
213993,0
213994,0
213995,2
213996,1
213997,0
213998,0
213999,1
214000,2
214001,0
214002,0
214003,1
214004,2
214005,1
214006,2
214007,2
214008,2
214009,2
214010,2
214011,1
214012,2
214013,1
214014,2
214015,2
214016,1
214017,2
214018,2
214019,1
214020,0
214021,1
214022,1
214023,1
214024,2
214025,2
214026,1
214027,1
214028,1
214029,2
214030,1
214031,1
214032,1
214033,0
214034,2
214035,1
214036,1
214037,0
214038,0
214039,2
214040,0
214041,0
214042,1
214043,0
214044,1
214045,2
214046,2
214047,1
214048,1
214049,0
214050,1
214051,0
214052,1
214053,2
214054,1
214055,1
214056,1
214057,1
214058,0
214059,1
214060,0
214061,2
214062,1
214063,0
214064,0
214065,2
214066,1
214067,2
214068,2
214069,2
214070,0
214071,2
214072,2
214073,0
214074,2
214075,0
214076,2
214077,2
214078,0
214079,2
214080,2
214081,2
214082,2
214083,1
214084,1
214085,2
214086,0
214087,0
214088,2
214089,0
214090,2
214091,2
214092,2
214093,1
214094,2
214095,2
214096,1
214097,2
214098,2
214099,2
214100,1
214101,0
214102,2
214103,1
214104,0
214105,2
214106,1
214107,0
214108,0
214109,0
214110,2
214111,2
214112,2
214113,2
214114,1
214115,2
214116,2
214117,1
214118,0
214119,1
214120,1
214121,2
214122,1
214123,2
214124,0
214125,2
214126,1
214127,0
214128,2
214129,1
214130,0
214131,2
214132,2
214133,1
214134,2
214135,2
214136,0
214137,1
214138,2
214139,1
214140,1
214141,2
214142,2
214143,0
214144,1
214145,0
214146,2
214147,1
214148,2
214149,1
214150,1
214151,0
214152,2
214153,2
214154,2
214155,1
214156,2
214157,2
214158,1
214159,2
214160,0
214161,2
214162,2
214163,0
214164,2
214165,2
214166,1
214167,1
214168,2
214169,1
214170,2
214171,0
214172,1
214173,0
214174,2
214175,2
214176,2
214177,2
214178,2
214179,0
214180,1
214181,1
214182,2
214183,1
214184,0
214185,1
214186,2
214187,1
214188,1
214189,2
214190,1
214191,1
214192,1
214193,0
214194,2
214195,2
214196,0
214197,2
214198,1
214199,2
214200,2
214201,1
214202,2
214203,0
214204,0
214205,1
214206,2
214207,1
214208,0
214209,2
214210,2
214211,1
214212,2
214213,1
214214,1
214215,1
214216,1
214217,2
214218,2
214219,1
214220,1
214221,2
214222,1
214223,1
214224,0
214225,2
214226,0
214227,2
214228,2
214229,2
214230,2
214231,2
214232,2
214233,2
214234,2
214235,1
214236,1
214237,0
214238,1
214239,2
214240,0
214241,1
214242,2
214243,1
214244,0
214245,0
214246,0
214247,1
214248,0
214249,2
214250,2
214251,2
214252,1
214253,1
214254,0
214255,2
214256,2
214257,1
214258,1
214259,2
214260,2
214261,1
214262,1
214263,1
214264,0
214265,2
214266,0
214267,2
214268,1
214269,1
214270,2
214271,2
214272,2
214273,2
214274,1
214275,1
214276,2
214277,1
214278,1
214279,0
214280,2
214281,0
214282,2
214283,2
214284,0
214285,1
214286,1
214287,1
214288,1
214289,2
214290,2
214291,2
214292,2
214293,1
214294,1
214295,2
214296,2
214297,0
214298,2
214299,1
214300,1
214301,2
214302,1
214303,1
214304,1
214305,2
214306,1
214307,2
214308,0
214309,1
214310,1
214311,2
214312,2
214313,1
214314,2
214315,2
214316,1
214317,2
214318,2
214319,2
214320,2
214321,1
214322,0
214323,0
214324,1
214325,1
214326,0
214327,0
214328,1
214329,0
214330,0
214331,1
214332,1
214333,2
214334,2
214335,1
214336,2
214337,1
214338,2
214339,1
214340,2
214341,0
214342,1
214343,1
214344,2
214345,1
214346,0
214347,2
214348,2
214349,0
214350,2
214351,1
214352,2
214353,2
214354,2
214355,2
214356,0
214357,1
214358,2
214359,2
214360,0
214361,0
214362,2
214363,2
214364,0
214365,0
214366,2
214367,1
214368,1
214369,0
214370,1
214371,1
214372,1
214373,1
214374,0
214375,2
214376,2
214377,1
214378,1
214379,1
214380,0
214381,0
214382,1
214383,1
214384,1
214385,1
214386,2
214387,1
214388,2
214389,0
214390,2
214391,0
214392,1
214393,1
214394,2
214395,2
214396,2
214397,0
214398,0
214399,2
214400,2
214401,2
214402,2
214403,2
214404,0
214405,1
214406,1
214407,1
214408,2
214409,1
214410,2
214411,0
214412,1
214413,1
214414,2
214415,2
214416,2
214417,2
214418,2
214419,2
214420,1
214421,0
214422,0
214423,2
214424,2
214425,1
214426,2
214427,0
214428,2
214429,0
214430,0
214431,1
214432,1
214433,2
214434,1
214435,1
214436,2
214437,2
214438,2
214439,2
214440,1
214441,1
214442,1
214443,0
214444,1
214445,2
214446,0
214447,1
214448,1
214449,1
214450,2
214451,2
214452,2
214453,1
214454,1
214455,2
214456,2
214457,1
214458,0
214459,2
214460,1
214461,1
214462,1
214463,1
214464,0
214465,1
214466,2
214467,1
214468,2
214469,1
214470,1
214471,1
214472,0
214473,0
214474,1
214475,0
214476,1
214477,1
214478,1
214479,1
214480,1
214481,2
214482,2
214483,0
214484,2
214485,2
214486,0
214487,2
214488,1
214489,1
214490,2
214491,2
214492,0
214493,0
214494,2
214495,1
214496,2
214497,2
214498,2
214499,2
214500,0
214501,2
214502,0
214503,1
214504,0
214505,2
214506,1
214507,2
214508,2
214509,1
214510,1
214511,1
214512,1
214513,0
214514,2
214515,1
214516,1
214517,1
214518,1
214519,2
214520,2
214521,2
214522,1
214523,0
214524,1
214525,0
214526,0
214527,2
214528,2
214529,2
214530,1
214531,2
214532,1
214533,1
214534,2
214535,2
214536,1
214537,2
214538,2
214539,1
214540,2
214541,1
214542,1
214543,1
214544,1
214545,0
214546,1
214547,1
214548,2
214549,1
214550,1
214551,1
214552,1
214553,1
214554,0
214555,2
214556,0
214557,2
214558,2
214559,2
214560,1
214561,2
214562,2
214563,1
214564,2
214565,2
214566,2
214567,1
214568,1
214569,1
214570,2
214571,1
214572,2
214573,0
214574,1
214575,1
214576,1
214577,1
214578,1
214579,0
214580,0
214581,1
214582,1
214583,2
214584,2
214585,0
214586,0
214587,1
214588,1
214589,2
214590,1
214591,2
214592,2
214593,2
214594,1
214595,1
214596,0
214597,2
214598,1
214599,1
214600,1
214601,2
214602,1
214603,2
214604,2
214605,2
214606,1
214607,1
214608,1
214609,2
214610,0
214611,2
214612,2
214613,0
214614,1
214615,2
214616,1
214617,2
214618,2
214619,1
214620,2
214621,1
214622,0
214623,0
214624,2
214625,1
214626,0
214627,2
214628,2
214629,0
214630,0
214631,2
214632,1
214633,2
214634,1
214635,1
214636,1
214637,0
214638,0
214639,1
214640,1
214641,2
214642,0
214643,0
214644,2
214645,2
214646,1
214647,1
214648,0
214649,1
214650,1
214651,2
214652,1
214653,0
214654,0
214655,1
214656,0
214657,2
214658,2
214659,2
214660,1
214661,1
214662,2
214663,2
214664,1
214665,2
214666,2
214667,1
214668,1
214669,0
214670,2
214671,1
214672,0
214673,1
214674,1
214675,1
214676,2
214677,2
214678,0
214679,0
214680,1
214681,1
214682,1
214683,1
214684,2
214685,2
214686,2
214687,2
214688,1
214689,1
214690,2
214691,0
214692,0
214693,2
214694,2
214695,0
214696,1
214697,0
214698,1
214699,1
214700,1
214701,2
214702,2
214703,0
214704,1
214705,0
214706,0
214707,2
214708,1
214709,0
214710,0
214711,2
214712,0
214713,1
214714,2
214715,2
214716,0
214717,0
214718,2
214719,0
214720,2
214721,2
214722,0
214723,0
214724,0
214725,2
214726,1
214727,0
214728,1
214729,1
214730,2
214731,0
214732,1
214733,0
214734,2
214735,2
214736,0
214737,2
214738,1
214739,1
214740,2
214741,0
214742,2
214743,0
214744,0
214745,1
214746,1
214747,1
214748,1
214749,2
214750,0
214751,1
214752,1
214753,0
214754,2
214755,1
214756,2
214757,2
214758,2
214759,2
214760,1
214761,1
214762,2
214763,1
214764,1
214765,2
214766,2
214767,1
214768,2
214769,1
214770,1
214771,2
214772,2
214773,2
214774,1
214775,2
214776,2
214777,1
214778,0
214779,2
214780,1
214781,0
214782,0
214783,0
214784,1
214785,0
214786,1
214787,0
214788,1
214789,1
214790,0
214791,2
214792,1
214793,1
214794,1
214795,1
214796,0
214797,2
214798,2
214799,1
214800,2
214801,2
214802,1
214803,0
214804,1
214805,0
214806,2
214807,2
214808,1
214809,1
214810,2
214811,2
214812,1
214813,2
214814,2
214815,2
214816,2
214817,2
214818,1
214819,1
214820,2
214821,2
214822,2
214823,0
214824,2
214825,1
214826,2
214827,2
214828,2
214829,0
214830,2
214831,2
214832,2
214833,2
214834,1
214835,0
214836,0
214837,0
214838,2
214839,1
214840,0
214841,2
214842,2
214843,2
214844,1
214845,1
214846,1
214847,1
214848,1
214849,1
214850,0
214851,1
214852,2
214853,0
214854,1
214855,2
214856,1
214857,1
214858,1
214859,2
214860,1
214861,2
214862,1
214863,1
214864,2
214865,0
214866,1
214867,2
214868,2
214869,0
214870,1
214871,1
214872,2
214873,2
214874,2
214875,2
214876,2
214877,2
214878,2
214879,1
214880,1
214881,1
214882,2
214883,2
214884,0
214885,2
214886,0
214887,0
214888,2
214889,2
214890,1
214891,0
214892,2
214893,2
214894,0
214895,2
214896,2
214897,1
214898,1
214899,0
214900,2
214901,1
214902,1
214903,2
214904,1
214905,1
214906,1
214907,1
214908,0
214909,2
214910,2
214911,0
214912,2
214913,2
214914,1
214915,2
214916,0
214917,2
214918,2
214919,0
214920,2
214921,2
214922,2
214923,0
214924,2
214925,2
214926,0
214927,0
214928,1
214929,2
214930,2
214931,2
214932,0
214933,1
214934,2
214935,2
214936,1
214937,2
214938,2
214939,1
214940,2
214941,2
214942,1
214943,2
214944,2
214945,2
214946,0
214947,1
214948,2
214949,1
214950,2
214951,1
214952,2
214953,0
214954,2
214955,2
214956,1
214957,2
214958,0
214959,2
214960,0
214961,0
214962,1
214963,2
214964,2
214965,2
214966,2
214967,1
214968,2
214969,2
214970,1
214971,1
214972,2
214973,0
214974,2
214975,2
214976,2
214977,1
214978,1
214979,1
214980,0
214981,2
214982,0
214983,1
214984,1
214985,1
214986,2
214987,1
214988,2
214989,2
214990,2
214991,1
214992,0
214993,2
214994,0
214995,2
214996,1
214997,0
214998,1
214999,0
215000,0
215001,2
215002,2
215003,2
215004,2
215005,2
215006,2
215007,2
215008,1
215009,2
215010,2
215011,2
215012,2
215013,1
215014,1
215015,1
215016,1
215017,2
215018,1
215019,0
215020,1
215021,1
215022,2
215023,1
215024,2
215025,1
215026,0
215027,0
215028,1
215029,2
215030,1
215031,2
215032,1
215033,1
215034,2
215035,2
215036,1
215037,1
215038,1
215039,1
215040,1
215041,1
215042,0
215043,1
215044,0
215045,0
215046,1
215047,0
215048,0
215049,1
215050,0
215051,2
215052,2
215053,2
215054,2
215055,1
215056,2
215057,2
215058,1
215059,0
215060,1
215061,0
215062,0
215063,2
215064,0
215065,1
215066,1
215067,2
215068,1
215069,2
215070,2
215071,2
215072,1
215073,0
215074,1
215075,2
215076,1
215077,2
215078,2
215079,2
215080,1
215081,1
215082,0
215083,2
215084,1
215085,1
215086,2
215087,1
215088,2
215089,1
215090,1
215091,1
215092,0
215093,2
215094,1
215095,1
215096,1
215097,1
215098,2
215099,0
215100,0
215101,0
215102,1
215103,1
215104,1
215105,1
215106,2
215107,1
215108,0
215109,0
215110,2
215111,0
215112,2
215113,2
215114,0
215115,1
215116,1
215117,2
215118,1
215119,2
215120,2
215121,1
215122,1
215123,1
215124,2
215125,2
215126,2
215127,2
215128,2
215129,2
215130,0
215131,0
215132,2
215133,1
215134,1
215135,0
215136,1
215137,2
215138,1
215139,0
215140,0
215141,0
215142,2
215143,2
215144,0
215145,2
215146,2
215147,2
215148,2
215149,1
215150,1
215151,2
215152,1
215153,1
215154,1
215155,2
215156,2
215157,0
215158,2
215159,2
215160,0
215161,1
215162,1
215163,1
215164,1
215165,1
215166,0
215167,1
215168,1
215169,1
215170,1
215171,0
215172,2
215173,2
215174,0
215175,1
215176,1
215177,0
215178,0
215179,1
215180,1
215181,1
215182,2
215183,0
215184,2
215185,2
215186,2
215187,2
215188,2
215189,1
215190,2
215191,1
215192,2
215193,1
215194,1
215195,1
215196,1
215197,0
215198,1
215199,2
215200,1
215201,1
215202,0
215203,1
215204,1
215205,1
215206,0
215207,2
215208,2
215209,0
215210,2
215211,2
215212,1
215213,2
215214,0
215215,2
215216,2
215217,0
215218,2
215219,1
215220,2
215221,1
215222,1
215223,2
215224,2
215225,2
215226,2
215227,2
215228,0
215229,2
215230,1
215231,0
215232,2
215233,0
215234,2
215235,0
215236,1
215237,0
215238,2
215239,1
215240,1
215241,2
215242,2
215243,0
215244,2
215245,0
215246,1
215247,2
215248,0
215249,1
215250,1
215251,2
215252,1
215253,1
215254,0
215255,0
215256,0
215257,0
215258,0
215259,2
215260,1
215261,2
215262,1
215263,2
215264,0
215265,1
215266,0
215267,1
215268,0
215269,2
215270,0
215271,2
215272,1
215273,1
215274,2
215275,2
215276,2
215277,0
215278,0
215279,2
215280,1
215281,1
215282,0
215283,2
215284,2
215285,1
215286,2
215287,2
215288,1
215289,1
215290,1
215291,0
215292,0
215293,2
215294,2
215295,2
215296,2
215297,0
215298,2
215299,2
215300,2
215301,2
215302,1
215303,2
215304,1
215305,1
215306,2
215307,1
215308,2
215309,2
215310,1
215311,1
215312,2
215313,0
215314,1
215315,1
215316,1
215317,2
215318,2
215319,0
215320,1
215321,0
215322,1
215323,2
215324,1
215325,0
215326,0
215327,0
215328,2
215329,1
215330,2
215331,0
215332,1
215333,2
215334,1
215335,1
215336,0
215337,0
215338,1
215339,0
215340,1
215341,1
215342,2
215343,0
215344,1
215345,0
215346,0
215347,2
215348,2
215349,1
215350,2
215351,1
215352,1
215353,2
215354,1
215355,1
215356,0
215357,0
215358,1
215359,2
215360,2
215361,2
215362,0
215363,2
215364,1
215365,1
215366,2
215367,1
215368,1
215369,2
215370,2
215371,1
215372,2
215373,0
215374,2
215375,2
215376,0
215377,1
215378,1
215379,0
215380,2
215381,1
215382,2
215383,2
215384,1
215385,2
215386,1
215387,1
215388,2
215389,0
215390,2
215391,1
215392,2
215393,2
215394,2
215395,1
215396,1
215397,1
215398,1
215399,2
215400,2
215401,1
215402,0
215403,1
215404,1
215405,0
215406,2
215407,2
215408,2
215409,1
215410,0
215411,2
215412,1
215413,1
215414,2
215415,1
215416,0
215417,1
215418,2
215419,0
215420,1
215421,1
215422,0
215423,0
215424,0
215425,1
215426,2
215427,1
215428,1
215429,2
215430,0
215431,1
215432,2
215433,1
215434,2
215435,1
215436,0
215437,2
215438,1
215439,1
215440,1
215441,1
215442,2
215443,1
215444,2
215445,1
215446,2
215447,2
215448,0
215449,2
215450,1
215451,1
215452,1
215453,1
215454,1
215455,1
215456,2
215457,0
215458,2
215459,1
215460,1
215461,1
215462,1
215463,2
215464,0
215465,2
215466,1
215467,1
215468,1
215469,0
215470,1
215471,1
215472,1
215473,1
215474,0
215475,1
215476,1
215477,0
215478,0
215479,2
215480,2
215481,2
215482,2
215483,1
215484,1
215485,1
215486,0
215487,1
215488,2
215489,1
215490,1
215491,2
215492,2
215493,2
215494,1
215495,2
215496,2
215497,0
215498,1
215499,2
215500,0
215501,1
215502,0
215503,2
215504,1
215505,2
215506,1
215507,1
215508,2
215509,2
215510,0
215511,2
215512,2
215513,2
215514,1
215515,1
215516,0
215517,1
215518,1
215519,2
215520,0
215521,2
215522,2
215523,2
215524,2
215525,0
215526,1
215527,1
215528,2
215529,1
215530,1
215531,2
215532,0
215533,2
215534,2
215535,1
215536,0
215537,2
215538,1
215539,1
215540,2
215541,2
215542,2
215543,0
215544,2
215545,2
215546,1
215547,1
215548,2
215549,2
215550,0
215551,1
215552,2
215553,1
215554,2
215555,1
215556,1
215557,2
215558,0
215559,1
215560,1
215561,1
215562,0
215563,0
215564,2
215565,2
215566,2
215567,2
215568,2
215569,1
215570,1
215571,2
215572,1
215573,1
215574,0
215575,0
215576,1
215577,1
215578,2
215579,1
215580,2
215581,2
215582,2
215583,1
215584,2
215585,1
215586,2
215587,1
215588,1
215589,2
215590,2
215591,2
215592,2
215593,1
215594,1
215595,1
215596,0
215597,2
215598,1
215599,2
215600,2
215601,2
215602,2
215603,1
215604,2
215605,2
215606,0
215607,2
215608,0
215609,0
215610,2
215611,2
215612,0
215613,1
215614,2
215615,2
215616,2
215617,0
215618,1
215619,2
215620,1
215621,1
215622,1
215623,0
215624,1
215625,2
215626,2
215627,0
215628,1
215629,0
215630,2
215631,2
215632,1
215633,2
215634,2
215635,2
215636,0
215637,2
215638,1
215639,2
215640,2
215641,1
215642,1
215643,0
215644,1
215645,2
215646,1
215647,2
215648,1
215649,2
215650,1
215651,1
215652,0
215653,2
215654,0
215655,2
215656,0
215657,2
215658,2
215659,1
215660,2
215661,2
215662,2
215663,2
215664,2
215665,1
215666,1
215667,2
215668,2
215669,0
215670,2
215671,0
215672,2
215673,2
215674,2
215675,0
215676,0
215677,0
215678,0
215679,0
215680,1
215681,2
215682,2
215683,2
215684,0
215685,2
215686,1
215687,1
215688,2
215689,2
215690,0
215691,2
215692,1
215693,1
215694,0
215695,2
215696,2
215697,1
215698,0
215699,2
215700,1
215701,2
215702,1
215703,1
215704,1
215705,0
215706,0
215707,2
215708,2
215709,1
215710,1
215711,2
215712,1
215713,2
215714,2
215715,1
215716,1
215717,0
215718,1
215719,0
215720,2
215721,1
215722,2
215723,1
215724,1
215725,1
215726,0
215727,1
215728,1
215729,2
215730,2
215731,2
215732,0
215733,2
215734,0
215735,0
215736,0
215737,0
215738,1
215739,0
215740,1
215741,1
215742,0
215743,1
215744,2
215745,0
215746,0
215747,1
215748,1
215749,1
215750,0
215751,0
215752,1
215753,0
215754,1
215755,2
215756,2
215757,2
215758,0
215759,0
215760,0
215761,1
215762,0
215763,2
215764,1
215765,1
215766,1
215767,2
215768,0
215769,2
215770,2
215771,2
215772,2
215773,2
215774,1
215775,2
215776,2
215777,2
215778,2
215779,2
215780,1
215781,1
215782,0
215783,1
215784,1
215785,2
215786,0
215787,1
215788,0
215789,1
215790,2
215791,0
215792,0
215793,2
215794,0
215795,1
215796,2
215797,0
215798,1
215799,2
215800,0
215801,2
215802,1
215803,2
215804,1
215805,1
215806,2
215807,2
215808,0
215809,0
215810,1
215811,2
215812,1
215813,2
215814,2
215815,1
215816,1
215817,1
215818,1
215819,2
215820,0
215821,2
215822,1
215823,0
215824,1
215825,2
215826,2
215827,1
215828,2
215829,2
215830,0
215831,0
215832,2
215833,2
215834,2
215835,1
215836,0
215837,1
215838,2
215839,1
215840,2
215841,1
215842,0
215843,2
215844,0
215845,1
215846,1
215847,1
215848,1
215849,1
215850,2
215851,0
215852,0
215853,2
215854,2
215855,2
215856,2
215857,2
215858,0
215859,2
215860,2
215861,0
215862,1
215863,1
215864,1
215865,0
215866,2
215867,0
215868,2
215869,0
215870,0
215871,1
215872,2
215873,2
215874,1
215875,1
215876,2
215877,0
215878,0
215879,2
215880,2
215881,2
215882,2
215883,2
215884,2
215885,2
215886,2
215887,2
215888,2
215889,0
215890,0
215891,2
215892,2
215893,0
215894,0
215895,2
215896,2
215897,1
215898,0
215899,2
215900,0
215901,2
215902,1
215903,1
215904,0
215905,2
215906,1
215907,2
215908,2
215909,2
215910,2
215911,1
215912,2
215913,1
215914,2
215915,1
215916,2
215917,1
215918,1
215919,2
215920,1
215921,1
215922,2
215923,0
215924,1
215925,0
215926,1
215927,2
215928,0
215929,0
215930,1
215931,0
215932,1
215933,2
215934,2
215935,2
215936,0
215937,2
215938,1
215939,1
215940,2
215941,1
215942,2
215943,1
215944,1
215945,1
215946,0
215947,1
215948,0
215949,1
215950,2
215951,0
215952,2
215953,2
215954,1
215955,0
215956,2
215957,1
215958,0
215959,2
215960,1
215961,2
215962,2
215963,2
215964,0
215965,1
215966,2
215967,1
215968,2
215969,2
215970,0
215971,0
215972,2
215973,1
215974,0
215975,1
215976,1
215977,2
215978,0
215979,1
215980,1
215981,1
215982,2
215983,1
215984,1
215985,2
215986,1
215987,1
215988,2
215989,0
215990,0
215991,2
215992,0
215993,2
215994,1
215995,0
215996,2
215997,1
215998,1
215999,0
216000,2
216001,2
216002,1
216003,1
216004,2
216005,0
216006,2
216007,2
216008,0
216009,0
216010,2
216011,2
216012,2
216013,0
216014,1
216015,0
216016,0
216017,2
216018,1
216019,1
216020,1
216021,2
216022,0
216023,1
216024,2
216025,1
216026,1
216027,2
216028,1
216029,1
216030,2
216031,2
216032,2
216033,1
216034,2
216035,2
216036,1
216037,1
216038,2
216039,0
216040,1
216041,0
216042,1
216043,1
216044,2
216045,2
216046,2
216047,1
216048,0
216049,2
216050,2
216051,1
216052,2
216053,2
216054,1
216055,0
216056,2
216057,0
216058,1
216059,2
216060,1
216061,1
216062,0
216063,2
216064,0
216065,1
216066,2
216067,1
216068,1
216069,1
216070,2
216071,1
216072,1
216073,0
216074,1
216075,1
216076,2
216077,1
216078,0
216079,0
216080,0
216081,1
216082,0
216083,0
216084,2
216085,1
216086,1
216087,1
216088,1
216089,1
216090,1
216091,1
216092,1
216093,2
216094,0
216095,1
216096,1
216097,2
216098,2
216099,1
216100,0
216101,1
216102,2
216103,1
216104,2
216105,2
216106,2
216107,2
216108,0
216109,0
216110,0
216111,1
216112,1
216113,1
216114,0
216115,2
216116,0
216117,2
216118,1
216119,1
216120,2
216121,1
216122,2
216123,2
216124,2
216125,2
216126,2
216127,2
216128,2
216129,1
216130,1
216131,2
216132,1
216133,1
216134,1
216135,2
216136,2
216137,2
216138,2
216139,1
216140,2
216141,2
216142,0
216143,1
216144,0
216145,2
216146,0
216147,0
216148,2
216149,2
216150,1
216151,1
216152,2
216153,2
216154,0
216155,1
216156,1
216157,1
216158,2
216159,1
216160,0
216161,0
216162,0
216163,0
216164,0
216165,0
216166,0
216167,2
216168,0
216169,2
216170,1
216171,2
216172,1
216173,2
216174,1
216175,2
216176,1
216177,0
216178,2
216179,0
216180,2
216181,2
216182,2
216183,0
216184,0
216185,1
216186,0
216187,2
216188,0
216189,1
216190,1
216191,1
216192,2
216193,1
216194,1
216195,0
216196,1
216197,2
216198,1
216199,1
216200,1
216201,1
216202,1
216203,1
216204,1
216205,2
216206,1
216207,2
216208,2
216209,1
216210,2
216211,2
216212,1
216213,2
216214,0
216215,2
216216,2
216217,1
216218,2
216219,2
216220,2
216221,2
216222,2
216223,1
216224,2
216225,0
216226,2
216227,2
216228,0
216229,2
216230,0
216231,1
216232,2
216233,1
216234,1
216235,0
216236,0
216237,0
216238,2
216239,0
216240,0
216241,1
216242,1
216243,1
216244,2
216245,2
216246,1
216247,0
216248,2
216249,2
216250,1
216251,1
216252,2
216253,2
216254,1
216255,0
216256,2
216257,2
216258,0
216259,2
216260,2
216261,2
216262,1
216263,1
216264,2
216265,1
216266,1
216267,0
216268,1
216269,2
216270,2
216271,2
216272,1
216273,2
216274,2
216275,2
216276,2
216277,2
216278,0
216279,2
216280,1
216281,0
216282,0
216283,2
216284,2
216285,0
216286,1
216287,2
216288,2
216289,0
216290,1
216291,2
216292,1
216293,1
216294,2
216295,1
216296,1
216297,1
216298,1
216299,1
216300,0
216301,2
216302,1
216303,2
216304,0
216305,2
216306,2
216307,0
216308,0
216309,2
216310,2
216311,1
216312,2
216313,2
216314,0
216315,0
216316,2
216317,0
216318,2
216319,0
216320,2
216321,1
216322,2
216323,2
216324,1
216325,2
216326,0
216327,2
216328,2
216329,0
216330,0
216331,2
216332,0
216333,2
216334,0
216335,1
216336,2
216337,1
216338,2
216339,1
216340,2
216341,1
216342,0
216343,0
216344,2
216345,1
216346,2
216347,2
216348,1
216349,1
216350,2
216351,1
216352,1
216353,0
216354,2
216355,2
216356,1
216357,1
216358,1
216359,2
216360,1
216361,1
216362,1
216363,2
216364,1
216365,2
216366,2
216367,2
216368,2
216369,0
216370,2
216371,2
216372,0
216373,1
216374,0
216375,0
216376,0
216377,2
216378,2
216379,2
216380,0
216381,1
216382,2
216383,2
216384,1
216385,0
216386,2
216387,2
216388,1
216389,0
216390,2
216391,1
216392,2
216393,0
216394,1
216395,1
216396,2
216397,1
216398,2
216399,2
216400,0
216401,1
216402,0
216403,2
216404,2
216405,2
216406,2
216407,2
216408,0
216409,0
216410,1
216411,2
216412,1
216413,0
216414,1
216415,1
216416,1
216417,2
216418,0
216419,1
216420,2
216421,2
216422,2
216423,2
216424,0
216425,0
216426,1
216427,1
216428,0
216429,2
216430,1
216431,2
216432,1
216433,2
216434,1
216435,0
216436,2
216437,2
216438,0
216439,1
216440,0
216441,0
216442,2
216443,0
216444,0
216445,2
216446,1
216447,2
216448,0
216449,2
216450,2
216451,0
216452,2
216453,0
216454,2
216455,2
216456,1
216457,1
216458,0
216459,2
216460,2
216461,0
216462,1
216463,1
216464,2
216465,1
216466,2
216467,1
216468,1
216469,1
216470,2
216471,0
216472,1
216473,0
216474,1
216475,1
216476,0
216477,2
216478,2
216479,1
216480,1
216481,2
216482,1
216483,1
216484,0
216485,1
216486,2
216487,1
216488,1
216489,0
216490,0
216491,1
216492,1
216493,1
216494,0
216495,1
216496,1
216497,1
216498,1
216499,2
216500,2
216501,2
216502,1
216503,1
216504,1
216505,2
216506,2
216507,2
216508,2
216509,0
216510,2
216511,2
216512,1
216513,2
216514,1
216515,1
216516,1
216517,2
216518,1
216519,2
216520,2
216521,1
216522,1
216523,0
216524,1
216525,2
216526,2
216527,2
216528,0
216529,2
216530,2
216531,0
216532,2
216533,2
216534,2
216535,2
216536,1
216537,1
216538,0
216539,1
216540,2
216541,2
216542,1
216543,1
216544,2
216545,2
216546,0
216547,2
216548,1
216549,0
216550,1
216551,1
216552,1
216553,2
216554,2
216555,2
216556,1
216557,2
216558,2
216559,0
216560,0
216561,1
216562,1
216563,2
216564,1
216565,0
216566,1
216567,2
216568,0
216569,1
216570,0
216571,1
216572,2
216573,1
216574,1
216575,2
216576,1
216577,0
216578,1
216579,2
216580,0
216581,0
216582,2
216583,2
216584,0
216585,1
216586,1
216587,2
216588,1
216589,0
216590,1
216591,2
216592,2
216593,2
216594,0
216595,1
216596,2
216597,0
216598,1
216599,2
216600,2
216601,2
216602,1
216603,0
216604,1
216605,1
216606,1
216607,1
216608,1
216609,0
216610,0
216611,2
216612,1
216613,1
216614,1
216615,1
216616,1
216617,0
216618,2
216619,1
216620,0
216621,2
216622,2
216623,2
216624,1
216625,2
216626,2
216627,1
216628,1
216629,2
216630,1
216631,2
216632,0
216633,0
216634,2
216635,1
216636,2
216637,2
216638,1
216639,1
216640,2
216641,1
216642,2
216643,2
216644,2
216645,2
216646,2
216647,1
216648,1
216649,1
216650,2
216651,0
216652,2
216653,1
216654,1
216655,2
216656,1
216657,2
216658,2
216659,2
216660,0
216661,2
216662,2
216663,0
216664,0
216665,1
216666,0
216667,0
216668,2
216669,0
216670,2
216671,0
216672,2
216673,2
216674,2
216675,1
216676,0
216677,1
216678,2
216679,2
216680,0
216681,2
216682,1
216683,1
216684,1
216685,2
216686,1
216687,0
216688,2
216689,2
216690,2
216691,2
216692,2
216693,2
216694,1
216695,2
216696,2
216697,2
216698,2
216699,0
216700,2
216701,2
216702,2
216703,1
216704,1
216705,1
216706,0
216707,1
216708,2
216709,2
216710,1
216711,1
216712,0
216713,2
216714,0
216715,2
216716,2
216717,1
216718,0
216719,1
216720,1
216721,1
216722,1
216723,0
216724,2
216725,2
216726,0
216727,0
216728,2
216729,1
216730,0
216731,2
216732,1
216733,1
216734,2
216735,1
216736,0
216737,2
216738,2
216739,2
216740,0
216741,0
216742,0
216743,2
216744,2
216745,2
216746,1
216747,1
216748,0
216749,0
216750,0
216751,1
216752,2
216753,0
216754,2
216755,0
216756,2
216757,2
216758,1
216759,2
216760,0
216761,2
216762,2
216763,2
216764,0
216765,1
216766,0
216767,2
216768,0
216769,1
216770,2
216771,2
216772,1
216773,0
216774,2
216775,1
216776,0
216777,2
216778,0
216779,0
216780,2
216781,1
216782,1
216783,2
216784,1
216785,1
216786,0
216787,1
216788,0
216789,2
216790,1
216791,1
216792,2
216793,2
216794,2
216795,1
216796,2
216797,2
216798,2
216799,1
216800,2
216801,2
216802,0
216803,2
216804,0
216805,1
216806,2
216807,1
216808,2
216809,2
216810,0
216811,2
216812,2
216813,2
216814,0
216815,2
216816,0
216817,2
216818,2
216819,2
216820,0
216821,0
216822,0
216823,1
216824,0
216825,2
216826,1
216827,2
216828,2
216829,0
216830,1
216831,2
216832,2
216833,2
216834,1
216835,2
216836,1
216837,0
216838,1
216839,1
216840,2
216841,1
216842,2
216843,1
216844,0
216845,2
216846,1
216847,1
216848,2
216849,2
216850,2
216851,2
216852,1
216853,1
216854,2
216855,1
216856,0
216857,0
216858,2
216859,0
216860,2
216861,1
216862,1
216863,2
216864,0
216865,1
216866,2
216867,1
216868,2
216869,1
216870,2
216871,2
216872,2
216873,2
216874,1
216875,0
216876,0
216877,2
216878,2
216879,2
216880,2
216881,2
216882,1
216883,2
216884,1
216885,1
216886,1
216887,0
216888,0
216889,2
216890,1
216891,0
216892,1
216893,1
216894,0
216895,2
216896,2
216897,2
216898,1
216899,2
216900,0
216901,2
216902,2
216903,1
216904,2
216905,1
216906,0
216907,0
216908,2
216909,1
216910,0
216911,1
216912,2
216913,2
216914,0
216915,0
216916,2
216917,2
216918,2
216919,1
216920,0
216921,2
216922,2
216923,2
216924,1
216925,1
216926,1
216927,2
216928,1
216929,2
216930,2
216931,2
216932,1
216933,1
216934,2
216935,2
216936,2
216937,1
216938,0
216939,2
216940,0
216941,1
216942,2
216943,1
216944,0
216945,0
216946,2
216947,1
216948,1
216949,1
216950,1
216951,1
216952,2
216953,1
216954,1
216955,2
216956,2
216957,0
216958,2
216959,1
216960,2
216961,1
216962,0
216963,2
216964,1
216965,1
216966,2
216967,1
216968,2
216969,1
216970,2
216971,1
216972,2
216973,2
216974,2
216975,2
216976,1
216977,2
216978,1
216979,0
216980,2
216981,1
216982,1
216983,2
216984,0
216985,1
216986,2
216987,2
216988,2
216989,0
216990,1
216991,1
216992,0
216993,2
216994,2
216995,1
216996,0
216997,1
216998,2
216999,1
217000,1
217001,2
217002,2
217003,2
217004,2
217005,1
217006,2
217007,1
217008,2
217009,1
217010,2
217011,2
217012,1
217013,0
217014,2
217015,2
217016,1
217017,0
217018,2
217019,0
217020,2
217021,2
217022,2
217023,2
217024,2
217025,2
217026,0
217027,2
217028,0
217029,0
217030,2
217031,2
217032,2
217033,2
217034,2
217035,2
217036,1
217037,2
217038,2
217039,1
217040,2
217041,2
217042,0
217043,2
217044,1
217045,0
217046,0
217047,0
217048,1
217049,2
217050,1
217051,0
217052,0
217053,2
217054,2
217055,0
217056,2
217057,2
217058,2
217059,2
217060,2
217061,2
217062,0
217063,2
217064,0
217065,0
217066,0
217067,2
217068,1
217069,0
217070,1
217071,2
217072,2
217073,2
217074,2
217075,0
217076,2
217077,0
217078,2
217079,2
217080,1
217081,2
217082,1
217083,1
217084,1
217085,1
217086,2
217087,2
217088,1
217089,1
217090,2
217091,2
217092,2
217093,2
217094,0
217095,2
217096,0
217097,0
217098,2
217099,2
217100,2
217101,2
217102,2
217103,1
217104,2
217105,2
217106,2
217107,2
217108,2
217109,2
217110,0
217111,0
217112,1
217113,2
217114,2
217115,0
217116,1
217117,2
217118,1
217119,2
217120,2
217121,1
217122,2
217123,2
217124,2
217125,0
217126,1
217127,2
217128,0
217129,2
217130,2
217131,0
217132,0
217133,1
217134,0
217135,1
217136,2
217137,1
217138,1
217139,2
217140,2
217141,1
217142,1
217143,1
217144,2
217145,1
217146,1
217147,2
217148,2
217149,1
217150,1
217151,1
217152,1
217153,2
217154,2
217155,0
217156,2
217157,1
217158,2
217159,1
217160,1
217161,1
217162,0
217163,2
217164,1
217165,2
217166,2
217167,1
217168,1
217169,1
217170,2
217171,1
217172,2
217173,0
217174,1
217175,0
217176,2
217177,0
217178,2
217179,2
217180,1
217181,2
217182,2
217183,1
217184,0
217185,1
217186,0
217187,2
217188,0
217189,0
217190,0
217191,1
217192,0
217193,0
217194,2
217195,2
217196,1
217197,1
217198,2
217199,0
217200,1
217201,2
217202,0
217203,2
217204,0
217205,2
217206,1
217207,2
217208,0
217209,1
217210,0
217211,1
217212,1
217213,1
217214,2
217215,1
217216,2
217217,0
217218,1
217219,1
217220,2
217221,2
217222,1
217223,2
217224,2
217225,2
217226,0
217227,1
217228,0
217229,0
217230,1
217231,2
217232,1
217233,1
217234,1
217235,1
217236,1
217237,0
217238,0
217239,1
217240,2
217241,2
217242,2
217243,0
217244,2
217245,2
217246,2
217247,1
217248,2
217249,2
217250,0
217251,1
217252,1
217253,1
217254,2
217255,2
217256,2
217257,1
217258,1
217259,1
217260,0
217261,1
217262,2
217263,0
217264,2
217265,0
217266,1
217267,1
217268,2
217269,2
217270,2
217271,1
217272,1
217273,0
217274,1
217275,0
217276,0
217277,1
217278,1
217279,2
217280,2
217281,0
217282,1
217283,1
217284,1
217285,1
217286,1
217287,2
217288,2
217289,1
217290,2
217291,1
217292,0
217293,2
217294,1
217295,1
217296,1
217297,1
217298,2
217299,2
217300,2
217301,2
217302,2
217303,2
217304,2
217305,1
217306,1
217307,0
217308,1
217309,2
217310,2
217311,2
217312,2
217313,1
217314,2
217315,1
217316,0
217317,0
217318,2
217319,1
217320,1
217321,1
217322,2
217323,1
217324,2
217325,1
217326,1
217327,2
217328,1
217329,2
217330,2
217331,1
217332,2
217333,0
217334,1
217335,1
217336,0
217337,2
217338,1
217339,0
217340,1
217341,2
217342,1
217343,2
217344,2
217345,1
217346,0
217347,1
217348,1
217349,2
217350,0
217351,1
217352,1
217353,2
217354,0
217355,2
217356,0
217357,1
217358,1
217359,2
217360,2
217361,1
217362,2
217363,1
217364,0
217365,2
217366,1
217367,0
217368,0
217369,1
217370,1
217371,0
217372,1
217373,0
217374,0
217375,1
217376,0
217377,2
217378,0
217379,0
217380,2
217381,2
217382,0
217383,2
217384,1
217385,2
217386,1
217387,2
217388,1
217389,2
217390,2
217391,1
217392,2
217393,2
217394,0
217395,0
217396,1
217397,1
217398,0
217399,1
217400,1
217401,2
217402,2
217403,0
217404,1
217405,2
217406,0
217407,0
217408,2
217409,0
217410,0
217411,1
217412,1
217413,1
217414,1
217415,2
217416,1
217417,0
217418,0
217419,1
217420,1
217421,0
217422,2
217423,2
217424,2
217425,0
217426,2
217427,2
217428,2
217429,0
217430,1
217431,2
217432,2
217433,0
217434,0
217435,0
217436,2
217437,2
217438,0
217439,2
217440,1
217441,1
217442,2
217443,1
217444,1
217445,0
217446,2
217447,2
217448,2
217449,1
217450,2
217451,0
217452,2
217453,2
217454,1
217455,2
217456,0
217457,1
217458,0
217459,2
217460,1
217461,0
217462,1
217463,0
217464,1
217465,0
217466,2
217467,2
217468,2
217469,0
217470,1
217471,1
217472,2
217473,2
217474,2
217475,0
217476,2
217477,1
217478,2
217479,2
217480,2
217481,2
217482,2
217483,2
217484,2
217485,0
217486,2
217487,2
217488,2
217489,1
217490,2
217491,1
217492,0
217493,2
217494,2
217495,2
217496,0
217497,2
217498,2
217499,2
217500,2
217501,1
217502,1
217503,2
217504,0
217505,2
217506,1
217507,1
217508,1
217509,1
217510,0
217511,0
217512,0
217513,1
217514,2
217515,1
217516,2
217517,1
217518,2
217519,1
217520,0
217521,1
217522,0
217523,1
217524,0
217525,1
217526,0
217527,0
217528,2
217529,0
217530,2
217531,2
217532,1
217533,2
217534,1
217535,0
217536,2
217537,2
217538,2
217539,2
217540,0
217541,2
217542,1
217543,2
217544,2
217545,1
217546,1
217547,1
217548,1
217549,2
217550,2
217551,2
217552,2
217553,2
217554,2
217555,0
217556,1
217557,1
217558,0
217559,1
217560,2
217561,1
217562,2
217563,1
217564,1
217565,2
217566,0
217567,2
217568,1
217569,2
217570,1
217571,1
217572,0
217573,2
217574,0
217575,1
217576,0
217577,0
217578,2
217579,1
217580,2
217581,2
217582,2
217583,1
217584,1
217585,2
217586,2
217587,2
217588,2
217589,1
217590,1
217591,2
217592,0
217593,1
217594,1
217595,1
217596,1
217597,2
217598,0
217599,0
217600,2
217601,1
217602,1
217603,2
217604,1
217605,1
217606,2
217607,2
217608,1
217609,2
217610,2
217611,1
217612,1
217613,2
217614,1
217615,1
217616,2
217617,2
217618,2
217619,2
217620,1
217621,1
217622,1
217623,1
217624,1
217625,1
217626,1
217627,0
217628,0
217629,0
217630,0
217631,0
217632,2
217633,0
217634,1
217635,2
217636,2
217637,2
217638,2
217639,0
217640,0
217641,0
217642,2
217643,2
217644,2
217645,2
217646,2
217647,1
217648,2
217649,1
217650,1
217651,0
217652,1
217653,2
217654,2
217655,2
217656,1
217657,2
217658,1
217659,0
217660,2
217661,2
217662,2
217663,0
217664,0
217665,2
217666,0
217667,0
217668,2
217669,1
217670,2
217671,2
217672,1
217673,0
217674,2
217675,1
217676,2
217677,0
217678,2
217679,0
217680,2
217681,2
217682,0
217683,1
217684,2
217685,0
217686,1
217687,1
217688,2
217689,2
217690,2
217691,2
217692,1
217693,1
217694,2
217695,1
217696,2
217697,2
217698,1
217699,2
217700,0
217701,2
217702,1
217703,2
217704,1
217705,2
217706,1
217707,1
217708,2
217709,1
217710,1
217711,1
217712,0
217713,1
217714,0
217715,1
217716,1
217717,1
217718,2
217719,0
217720,1
217721,1
217722,2
217723,0
217724,1
217725,2
217726,0
217727,2
217728,2
217729,1
217730,0
217731,0
217732,1
217733,0
217734,0
217735,2
217736,1
217737,2
217738,1
217739,1
217740,1
217741,1
217742,1
217743,1
217744,2
217745,2
217746,2
217747,1
217748,0
217749,1
217750,0
217751,0
217752,1
217753,2
217754,2
217755,0
217756,2
217757,2
217758,1
217759,0
217760,1
217761,1
217762,1
217763,0
217764,2
217765,2
217766,1
217767,0
217768,2
217769,1
217770,2
217771,2
217772,2
217773,2
217774,0
217775,2
217776,0
217777,0
217778,2
217779,2
217780,2
217781,2
217782,2
217783,2
217784,2
217785,1
217786,1
217787,2
217788,1
217789,2
217790,1
217791,2
217792,2
217793,2
217794,0
217795,2
217796,1
217797,2
217798,2
217799,1
217800,0
217801,2
217802,0
217803,0
217804,1
217805,0
217806,2
217807,0
217808,1
217809,1
217810,1
217811,2
217812,1
217813,0
217814,0
217815,1
217816,0
217817,2
217818,1
217819,1
217820,1
217821,2
217822,2
217823,1
217824,1
217825,0
217826,1
217827,2
217828,0
217829,1
217830,2
217831,0
217832,2
217833,1
217834,2
217835,1
217836,2
217837,1
217838,2
217839,0
217840,0
217841,0
217842,2
217843,2
217844,1
217845,2
217846,1
217847,1
217848,0
217849,0
217850,0
217851,1
217852,0
217853,1
217854,2
217855,1
217856,1
217857,1
217858,0
217859,2
217860,1
217861,1
217862,2
217863,2
217864,0
217865,2
217866,1
217867,2
217868,2
217869,2
217870,1
217871,1
217872,2
217873,2
217874,2
217875,1
217876,2
217877,0
217878,2
217879,1
217880,1
217881,0
217882,1
217883,1
217884,1
217885,2
217886,0
217887,0
217888,2
217889,1
217890,1
217891,0
217892,1
217893,0
217894,1
217895,1
217896,1
217897,1
217898,2
217899,2
217900,2
217901,2
217902,2
217903,1
217904,2
217905,1
217906,2
217907,1
217908,2
217909,1
217910,1
217911,0
217912,1
217913,2
217914,2
217915,1
217916,2
217917,2
217918,2
217919,0
217920,0
217921,2
217922,1
217923,2
217924,1
217925,1
217926,0
217927,0
217928,2
217929,1
217930,0
217931,1
217932,0
217933,2
217934,2
217935,0
217936,2
217937,2
217938,1
217939,2
217940,2
217941,1
217942,2
217943,2
217944,2
217945,2
217946,1
217947,0
217948,2
217949,1
217950,1
217951,2
217952,0
217953,0
217954,1
217955,2
217956,0
217957,1
217958,2
217959,2
217960,2
217961,2
217962,1
217963,1
217964,2
217965,0
217966,0
217967,2
217968,0
217969,1
217970,2
217971,1
217972,1
217973,2
217974,0
217975,1
217976,2
217977,2
217978,1
217979,0
217980,2
217981,1
217982,2
217983,1
217984,2
217985,0
217986,1
217987,2
217988,0
217989,0
217990,1
217991,0
217992,1
217993,2
217994,2
217995,1
217996,2
217997,2
217998,2
217999,1
218000,1
218001,2
218002,1
218003,2
218004,1
218005,2
218006,1
218007,2
218008,1
218009,0
218010,2
218011,1
218012,0
218013,2
218014,0
218015,2
218016,2
218017,1
218018,2
218019,1
218020,2
218021,2
218022,0
218023,2
218024,1
218025,0
218026,2
218027,1
218028,2
218029,2
218030,0
218031,2
218032,1
218033,2
218034,1
218035,0
218036,0
218037,2
218038,2
218039,2
218040,1
218041,2
218042,1
218043,2
218044,2
218045,1
218046,0
218047,2
218048,2
218049,2
218050,2
218051,1
218052,0
218053,0
218054,2
218055,0
218056,2
218057,2
218058,2
218059,1
218060,2
218061,2
218062,2
218063,0
218064,1
218065,0
218066,2
218067,1
218068,1
218069,0
218070,2
218071,1
218072,0
218073,2
218074,0
218075,2
218076,1
218077,1
218078,0
218079,2
218080,0
218081,1
218082,0
218083,2
218084,2
218085,0
218086,0
218087,2
218088,2
218089,2
218090,1
218091,1
218092,2
218093,0
218094,0
218095,1
218096,1
218097,2
218098,2
218099,1
218100,0
218101,0
218102,1
218103,0
218104,0
218105,2
218106,2
218107,2
218108,1
218109,2
218110,0
218111,0
218112,1
218113,0
218114,2
218115,1
218116,0
218117,1
218118,1
218119,2
218120,2
218121,1
218122,0
218123,2
218124,0
218125,2
218126,1
218127,1
218128,2
218129,1
218130,0
218131,0
218132,2
218133,2
218134,2
218135,1
218136,1
218137,2
218138,1
218139,1
218140,2
218141,0
218142,1
218143,2
218144,1
218145,2
218146,2
218147,2
218148,1
218149,1
218150,1
218151,1
218152,2
218153,2
218154,0
218155,2
218156,2
218157,1
218158,0
218159,2
218160,0
218161,2
218162,1
218163,1
218164,2
218165,2
218166,0
218167,0
218168,0
218169,1
218170,0
218171,1
218172,2
218173,1
218174,1
218175,1
218176,0
218177,1
218178,1
218179,0
218180,2
218181,2
218182,2
218183,1
218184,0
218185,2
218186,1
218187,2
218188,1
218189,2
218190,2
218191,1
218192,1
218193,1
218194,1
218195,0
218196,0
218197,1
218198,0
218199,0
218200,2
218201,1
218202,0
218203,0
218204,2
218205,2
218206,1
218207,2
218208,1
218209,2
218210,2
218211,2
218212,0
218213,2
218214,1
218215,1
218216,1
218217,0
218218,2
218219,1
218220,0
218221,2
218222,2
218223,1
218224,1
218225,1
218226,1
218227,1
218228,2
218229,1
218230,2
218231,2
218232,2
218233,2
218234,0
218235,2
218236,1
218237,2
218238,2
218239,2
218240,1
218241,2
218242,1
218243,2
218244,2
218245,1
218246,0
218247,2
218248,1
218249,1
218250,0
218251,2
218252,1
218253,1
218254,2
218255,1
218256,2
218257,2
218258,1
218259,2
218260,2
218261,1
218262,1
218263,2
218264,2
218265,2
218266,2
218267,2
218268,2
218269,2
218270,2
218271,1
218272,1
218273,2
218274,1
218275,1
218276,1
218277,2
218278,0
218279,2
218280,2
218281,2
218282,0
218283,2
218284,1
218285,1
218286,1
218287,0
218288,1
218289,2
218290,2
218291,0
218292,0
218293,2
218294,0
218295,2
218296,1
218297,2
218298,2
218299,1
218300,2
218301,0
218302,1
218303,0
218304,2
218305,2
218306,0
218307,2
218308,0
218309,2
218310,1
218311,0
218312,2
218313,2
218314,2
218315,2
218316,2
218317,2
218318,2
218319,2
218320,2
218321,1
218322,0
218323,1
218324,1
218325,1
218326,2
218327,1
218328,1
218329,2
218330,1
218331,2
218332,1
218333,0
218334,2
218335,2
218336,1
218337,1
218338,1
218339,1
218340,0
218341,2
218342,2
218343,0
218344,1
218345,0
218346,1
218347,0
218348,1
218349,1
218350,2
218351,2
218352,0
218353,1
218354,2
218355,2
218356,1
218357,1
218358,2
218359,0
218360,1
218361,2
218362,2
218363,2
218364,0
218365,0
218366,1
218367,2
218368,2
218369,0
218370,1
218371,2
218372,1
218373,2
218374,2
218375,1
218376,0
218377,2
218378,1
218379,2
218380,0
218381,1
218382,2
218383,2
218384,0
218385,2
218386,0
218387,2
218388,0
218389,1
218390,2
218391,0
218392,0
218393,2
218394,2
218395,1
218396,0
218397,0
218398,1
218399,2
218400,1
218401,0
218402,1
218403,1
218404,2
218405,2
218406,2
218407,1
218408,1
218409,1
218410,2
218411,2
218412,0
218413,2
218414,0
218415,2
218416,1
218417,1
218418,1
218419,1
218420,0
218421,1
218422,0
218423,1
218424,2
218425,2
218426,2
218427,2
218428,2
218429,1
218430,1
218431,2
218432,2
218433,0
218434,2
218435,1
218436,0
218437,2
218438,1
218439,2
218440,2
218441,2
218442,2
218443,2
218444,2
218445,0
218446,2
218447,1
218448,2
218449,1
218450,2
218451,0
218452,0
218453,1
218454,2
218455,1
218456,1
218457,2
218458,2
218459,1
218460,2
218461,1
218462,2
218463,2
218464,2
218465,0
218466,2
218467,1
218468,1
218469,2
218470,1
218471,2
218472,2
218473,2
218474,1
218475,1
218476,2
218477,2
218478,0
218479,1
218480,2
218481,2
218482,0
218483,2
218484,0
218485,1
218486,2
218487,1
218488,1
218489,2
218490,1
218491,2
218492,2
218493,1
218494,1
218495,1
218496,2
218497,0
218498,2
218499,1
218500,2
218501,1
218502,1
218503,2
218504,2
218505,1
218506,0
218507,2
218508,2
218509,1
218510,0
218511,2
218512,2
218513,1
218514,1
218515,1
218516,2
218517,1
218518,2
218519,1
218520,2
218521,2
218522,1
218523,0
218524,0
218525,0
218526,2
218527,1
218528,2
218529,1
218530,1
218531,1
218532,1
218533,1
218534,0
218535,1
218536,2
218537,2
218538,0
218539,2
218540,1
218541,1
218542,2
218543,0
218544,1
218545,2
218546,0
218547,0
218548,2
218549,0
218550,1
218551,0
218552,0
218553,1
218554,1
218555,1
218556,2
218557,2
218558,1
218559,2
218560,1
218561,1
218562,0
218563,0
218564,1
218565,2
218566,2
218567,0
218568,1
218569,0
218570,2
218571,2
218572,1
218573,0
218574,1
218575,1
218576,1
218577,1
218578,1
218579,2
218580,1
218581,1
218582,1
218583,2
218584,2
218585,0
218586,2
218587,1
218588,1
218589,0
218590,1
218591,1
218592,0
218593,0
218594,0
218595,1
218596,1
218597,0
218598,1
218599,0
218600,0
218601,2
218602,2
218603,0
218604,2
218605,0
218606,1
218607,1
218608,1
218609,2
218610,1
218611,2
218612,0
218613,1
218614,1
218615,1
218616,0
218617,2
218618,2
218619,2
218620,2
218621,0
218622,2
218623,2
218624,1
218625,2
218626,0
218627,2
218628,0
218629,1
218630,1
218631,2
218632,0
218633,2
218634,2
218635,1
218636,2
218637,2
218638,1
218639,0
218640,2
218641,1
218642,2
218643,0
218644,1
218645,0
218646,1
218647,1
218648,0
218649,1
218650,2
218651,1
218652,2
218653,1
218654,2
218655,0
218656,2
218657,2
218658,1
218659,1
218660,2
218661,1
218662,0
218663,1
218664,1
218665,0
218666,1
218667,0
218668,1
218669,1
218670,2
218671,0
218672,1
218673,2
218674,2
218675,1
218676,2
218677,1
218678,2
218679,0
218680,1
218681,1
218682,2
218683,0
218684,0
218685,0
218686,2
218687,2
218688,2
218689,1
218690,2
218691,1
218692,1
218693,1
218694,2
218695,2
218696,2
218697,2
218698,2
218699,2
218700,2
218701,0
218702,1
218703,0
218704,2
218705,1
218706,0
218707,2
218708,0
218709,1
218710,2
218711,2
218712,1
218713,0
218714,0
218715,2
218716,0
218717,1
218718,2
218719,2
218720,2
218721,1
218722,2
218723,2
218724,2
218725,0
218726,1
218727,2
218728,1
218729,1
218730,0
218731,1
218732,1
218733,1
218734,1
218735,1
218736,1
218737,1
218738,1
218739,2
218740,1
218741,1
218742,1
218743,1
218744,2
218745,1
218746,2
218747,1
218748,0
218749,0
218750,1
218751,0
218752,0
218753,1
218754,0
218755,1
218756,2
218757,2
218758,2
218759,2
218760,1
218761,1
218762,2
218763,1
218764,2
218765,2
218766,2
218767,1
218768,2
218769,0
218770,2
218771,2
218772,1
218773,2
218774,1
218775,0
218776,1
218777,1
218778,2
218779,2
218780,2
218781,2
218782,2
218783,0
218784,2
218785,1
218786,1
218787,1
218788,0
218789,2
218790,2
218791,0
218792,1
218793,1
218794,0
218795,1
218796,1
218797,0
218798,2
218799,0
218800,1
218801,2
218802,0
218803,2
218804,0
218805,1
218806,1
218807,1
218808,1
218809,2
218810,2
218811,2
218812,0
218813,1
218814,1
218815,1
218816,1
218817,0
218818,2
218819,1
218820,2
218821,1
218822,0
218823,2
218824,0
218825,0
218826,1
218827,1
218828,2
218829,0
218830,2
218831,1
218832,2
218833,2
218834,1
218835,1
218836,2
218837,1
218838,1
218839,0
218840,0
218841,1
218842,0
218843,1
218844,2
218845,2
218846,2
218847,2
218848,1
218849,1
218850,2
218851,2
218852,1
218853,1
218854,1
218855,2
218856,1
218857,1
218858,2
218859,0
218860,0
218861,0
218862,2
218863,1
218864,1
218865,1
218866,1
218867,0
218868,0
218869,1
218870,2
218871,2
218872,2
218873,0
218874,1
218875,1
218876,2
218877,2
218878,1
218879,2
218880,2
218881,1
218882,2
218883,0
218884,1
218885,2
218886,1
218887,2
218888,2
218889,2
218890,1
218891,1
218892,1
218893,2
218894,1
218895,0
218896,1
218897,1
218898,0
218899,2
218900,2
218901,0
218902,2
218903,2
218904,1
218905,1
218906,0
218907,0
218908,0
218909,0
218910,1
218911,2
218912,2
218913,2
218914,2
218915,2
218916,2
218917,1
218918,2
218919,0
218920,1
218921,2
218922,2
218923,0
218924,2
218925,0
218926,2
218927,2
218928,1
218929,0
218930,2
218931,0
218932,1
218933,0
218934,2
218935,2
218936,0
218937,1
218938,2
218939,1
218940,1
218941,0
218942,0
218943,2
218944,1
218945,2
218946,0
218947,1
218948,2
218949,2
218950,1
218951,1
218952,1
218953,1
218954,1
218955,2
218956,0
218957,2
218958,1
218959,2
218960,0
218961,0
218962,2
218963,2
218964,0
218965,2
218966,1
218967,1
218968,1
218969,2
218970,2
218971,2
218972,1
218973,0
218974,2
218975,2
218976,2
218977,1
218978,2
218979,1
218980,1
218981,2
218982,0
218983,0
218984,1
218985,2
218986,0
218987,1
218988,0
218989,2
218990,1
218991,0
218992,2
218993,2
218994,2
218995,2
218996,0
218997,2
218998,0
218999,2
219000,0
219001,1
219002,2
219003,2
219004,1
219005,1
219006,2
219007,2
219008,2
219009,1
219010,1
219011,2
219012,0
219013,0
219014,1
219015,2
219016,1
219017,2
219018,2
219019,1
219020,2
219021,2
219022,2
219023,0
219024,0
219025,2
219026,1
219027,1
219028,0
219029,2
219030,1
219031,1
219032,0
219033,1
219034,0
219035,0
219036,1
219037,0
219038,2
219039,1
219040,2
219041,2
219042,2
219043,2
219044,0
219045,2
219046,1
219047,1
219048,1
219049,1
219050,1
219051,0
219052,1
219053,2
219054,1
219055,0
219056,1
219057,0
219058,1
219059,0
219060,0
219061,0
219062,0
219063,1
219064,1
219065,2
219066,1
219067,1
219068,1
219069,1
219070,1
219071,2
219072,2
219073,2
219074,2
219075,0
219076,2
219077,0
219078,1
219079,0
219080,2
219081,1
219082,2
219083,1
219084,0
219085,2
219086,1
219087,2
219088,0
219089,2
219090,0
219091,2
219092,2
219093,2
219094,1
219095,2
219096,1
219097,2
219098,2
219099,2
219100,2
219101,1
219102,2
219103,2
219104,0
219105,1
219106,1
219107,0
219108,2
219109,2
219110,2
219111,2
219112,1
219113,0
219114,0
219115,2
219116,1
219117,1
219118,2
219119,2
219120,2
219121,1
219122,2
219123,0
219124,2
219125,1
219126,2
219127,2
219128,2
219129,1
219130,1
219131,0
219132,1
219133,1
219134,2
219135,1
219136,1
219137,2
219138,1
219139,1
219140,1
219141,1
219142,2
219143,2
219144,1
219145,2
219146,1
219147,1
219148,0
219149,1
219150,2
219151,2
219152,0
219153,0
219154,2
219155,1
219156,2
219157,0
219158,2
219159,2
219160,2
219161,1
219162,2
219163,2
219164,2
219165,0
219166,1
219167,0
219168,1
219169,2
219170,1
219171,2
219172,2
219173,2
219174,2
219175,0
219176,1
219177,0
219178,1
219179,1
219180,0
219181,0
219182,2
219183,2
219184,2
219185,1
219186,1
219187,0
219188,1
219189,2
219190,2
219191,2
219192,2
219193,1
219194,0
219195,2
219196,1
219197,0
219198,0
219199,0
219200,2
219201,1
219202,0
219203,1
219204,2
219205,2
219206,1
219207,2
219208,1
219209,1
219210,1
219211,0
219212,1
219213,0
219214,2
219215,1
219216,2
219217,0
219218,0
219219,0
219220,1
219221,2
219222,1
219223,2
219224,0
219225,1
219226,0
219227,2
219228,1
219229,0
219230,1
219231,2
219232,1
219233,1
219234,1
219235,1
219236,1
219237,0
219238,0
219239,0
219240,1
219241,2
219242,0
219243,1
219244,0
219245,2
219246,2
219247,2
219248,2
219249,1
219250,1
219251,1
219252,1
219253,1
219254,0
219255,0
219256,2
219257,2
219258,2
219259,2
219260,1
219261,2
219262,0
219263,0
219264,1
219265,1
219266,1
219267,2
219268,1
219269,0
219270,1
219271,0
219272,2
219273,0
219274,0
219275,0
219276,2
219277,0
219278,0
219279,0
219280,1
219281,2
219282,0
219283,1
219284,2
219285,2
219286,0
219287,1
219288,1
219289,1
219290,2
219291,2
219292,0
219293,2
219294,0
219295,0
219296,1
219297,2
219298,2
219299,2
219300,1
219301,0
219302,1
219303,2
219304,0
219305,2
219306,2
219307,2
219308,2
219309,2
219310,2
219311,0
219312,2
219313,2
219314,2
219315,2
219316,2
219317,2
219318,2
219319,1
219320,2
219321,1
219322,0
219323,2
219324,1
219325,2
219326,0
219327,1
219328,2
219329,2
219330,2
219331,0
219332,1
219333,0
219334,2
219335,2
219336,2
219337,1
219338,1
219339,1
219340,2
219341,2
219342,2
219343,2
219344,2
219345,0
219346,2
219347,1
219348,2
219349,1
219350,1
219351,2
219352,2
219353,0
219354,2
219355,2
219356,1
219357,2
219358,2
219359,0
219360,2
219361,1
219362,2
219363,0
219364,0
219365,1
219366,1
219367,0
219368,1
219369,2
219370,2
219371,2
219372,0
219373,1
219374,1
219375,1
219376,1
219377,1
219378,2
219379,1
219380,1
219381,2
219382,1
219383,2
219384,1
219385,2
219386,1
219387,2
219388,2
219389,1
219390,1
219391,2
219392,2
219393,1
219394,1
219395,2
219396,1
219397,2
219398,1
219399,1
219400,1
219401,1
219402,2
219403,0
219404,1
219405,2
219406,2
219407,1
219408,2
219409,0
219410,1
219411,0
219412,0
219413,2
219414,2
219415,1
219416,2
219417,2
219418,2
219419,1
219420,1
219421,1
219422,2
219423,2
219424,1
219425,1
219426,2
219427,2
219428,1
219429,2
219430,2
219431,2
219432,2
219433,1
219434,1
219435,2
219436,2
219437,0
219438,2
219439,1
219440,2
219441,1
219442,0
219443,1
219444,0
219445,1
219446,1
219447,1
219448,0
219449,2
219450,1
219451,2
219452,2
219453,2
219454,1
219455,0
219456,0
219457,2
219458,2
219459,0
219460,0
219461,2
219462,2
219463,1
219464,0
219465,2
219466,1
219467,1
219468,0
219469,1
219470,1
219471,2
219472,1
219473,2
219474,0
219475,2
219476,2
219477,1
219478,1
219479,1
219480,2
219481,2
219482,2
219483,1
219484,2
219485,2
219486,2
219487,1
219488,1
219489,0
219490,2
219491,1
219492,0
219493,1
219494,2
219495,1
219496,2
219497,2
219498,2
219499,2
219500,0
219501,2
219502,1
219503,1
219504,2
219505,1
219506,2
219507,2
219508,2
219509,0
219510,1
219511,2
219512,2
219513,1
219514,0
219515,1
219516,2
219517,0
219518,2
219519,0
219520,0
219521,0
219522,1
219523,2
219524,2
219525,0
219526,2
219527,1
219528,1
219529,2
219530,2
219531,1
219532,1
219533,0
219534,2
219535,1
219536,1
219537,0
219538,2
219539,0
219540,1
219541,1
219542,2
219543,2
219544,1
219545,2
219546,0
219547,2
219548,0
219549,1
219550,2
219551,2
219552,1
219553,1
219554,1
219555,1
219556,2
219557,0
219558,2
219559,1
219560,1
219561,2
219562,2
219563,1
219564,2
219565,2
219566,2
219567,1
219568,0
219569,1
219570,2
219571,1
219572,1
219573,2
219574,0
219575,1
219576,1
219577,2
219578,0
219579,2
219580,1
219581,0
219582,1
219583,2
219584,2
219585,1
219586,2
219587,0
219588,0
219589,2
219590,2
219591,1
219592,2
219593,2
219594,2
219595,1
219596,2
219597,2
219598,2
219599,2
219600,2
219601,1
219602,2
219603,2
219604,2
219605,0
219606,0
219607,1
219608,1
219609,2
219610,2
219611,2
219612,2
219613,1
219614,2
219615,1
219616,2
219617,2
219618,2
219619,2
219620,0
219621,1
219622,2
219623,2
219624,1
219625,1
219626,2
219627,1
219628,2
219629,1
219630,2
219631,2
219632,1
219633,1
219634,2
219635,0
219636,2
219637,2
219638,1
219639,2
219640,1
219641,1
219642,1
219643,2
219644,1
219645,2
219646,0
219647,2
219648,0
219649,2
219650,1
219651,1
219652,2
219653,1
219654,2
219655,0
219656,1
219657,1
219658,2
219659,1
219660,1
219661,1
219662,2
219663,1
219664,1
219665,0
219666,0
219667,1
219668,1
219669,1
219670,1
219671,1
219672,1
219673,0
219674,2
219675,2
219676,2
219677,2
219678,2
219679,1
219680,2
219681,2
219682,1
219683,1
219684,2
219685,2
219686,0
219687,1
219688,1
219689,1
219690,0
219691,1
219692,1
219693,0
219694,1
219695,2
219696,1
219697,1
219698,0
219699,0
219700,1
219701,0
219702,2
219703,0
219704,1
219705,0
219706,1
219707,2
219708,2
219709,2
219710,2
219711,1
219712,2
219713,2
219714,1
219715,2
219716,0
219717,1
219718,2
219719,2
219720,2
219721,0
219722,2
219723,1
219724,2
219725,1
219726,0
219727,0
219728,2
219729,2
219730,1
219731,1
219732,1
219733,1
219734,2
219735,2
219736,1
219737,2
219738,2
219739,2
219740,0
219741,1
219742,2
219743,2
219744,2
219745,1
219746,0
219747,2
219748,0
219749,1
219750,2
219751,1
219752,2
219753,1
219754,2
219755,1
219756,1
219757,2
219758,1
219759,0
219760,2
219761,2
219762,2
219763,2
219764,2
219765,2
219766,0
219767,2
219768,2
219769,2
219770,1
219771,2
219772,0
219773,2
219774,0
219775,1
219776,1
219777,2
219778,1
219779,2
219780,2
219781,0
219782,2
219783,0
219784,1
219785,1
219786,0
219787,2
219788,1
219789,2
219790,1
219791,0
219792,2
219793,2
219794,1
219795,2
219796,1
219797,1
219798,0
219799,1
219800,2
219801,2
219802,2
219803,2
219804,2
219805,0
219806,1
219807,1
219808,1
219809,2
219810,0
219811,1
219812,1
219813,1
219814,2
219815,2
219816,0
219817,2
219818,2
219819,2
219820,0
219821,2
219822,2
219823,1
219824,2
219825,2
219826,0
219827,2
219828,0
219829,2
219830,2
219831,2
219832,2
219833,2
219834,2
219835,0
219836,2
219837,2
219838,2
219839,2
219840,2
219841,2
219842,2
219843,2
219844,1
219845,0
219846,1
219847,2
219848,0
219849,2
219850,1
219851,2
219852,0
219853,2
219854,1
219855,2
219856,0
219857,0
219858,1
219859,2
219860,2
219861,0
219862,2
219863,0
219864,1
219865,1
219866,2
219867,0
219868,2
219869,2
219870,0
219871,2
219872,0
219873,0
219874,0
219875,1
219876,2
219877,2
219878,1
219879,2
219880,0
219881,2
219882,2
219883,1
219884,1
219885,1
219886,1
219887,0
219888,0
219889,1
219890,2
219891,1
219892,0
219893,1
219894,2
219895,0
219896,2
219897,1
219898,2
219899,1
219900,2
219901,2
219902,0
219903,2
219904,2
219905,2
219906,1
219907,2
219908,2
219909,2
219910,0
219911,1
219912,0
219913,2
219914,0
219915,2
219916,1
219917,1
219918,2
219919,0
219920,2
219921,0
219922,0
219923,1
219924,1
219925,0
219926,2
219927,0
219928,2
219929,2
219930,2
219931,1
219932,2
219933,1
219934,2
219935,1
219936,0
219937,2
219938,0
219939,0
219940,2
219941,2
219942,1
219943,2
219944,0
219945,2
219946,2
219947,0
219948,1
219949,2
219950,0
219951,2
219952,1
219953,0
219954,2
219955,0
219956,1
219957,1
219958,2
219959,2
219960,2
219961,1
219962,2
219963,2
219964,1
219965,1
219966,1
219967,2
219968,0
219969,2
219970,2
219971,1
219972,2
219973,2
219974,2
219975,1
219976,0
219977,2
219978,1
219979,2
219980,0
219981,2
219982,2
219983,0
219984,0
219985,2
219986,2
219987,1
219988,1
219989,2
219990,2
219991,0
219992,1
219993,2
219994,1
219995,1
219996,1
219997,2
219998,0
219999,0
220000,2
220001,0
220002,1
220003,0
220004,1
220005,2
220006,0
220007,1
220008,2
220009,2
220010,1
220011,0
220012,1
220013,2
220014,0
220015,1
220016,2
220017,1
220018,2
220019,1
220020,1
220021,0
220022,1
220023,2
220024,0
220025,2
220026,2
220027,2
220028,0
220029,2
220030,1
220031,2
220032,1
220033,1
220034,2
220035,1
220036,0
220037,0
220038,2
220039,1
220040,2
220041,1
220042,1
220043,2
220044,1
220045,1
220046,2
220047,2
220048,1
220049,0
220050,2
220051,2
220052,1
220053,1
220054,0
220055,2
220056,1
220057,0
220058,1
220059,0
220060,1
220061,1
220062,1
220063,2
220064,2
220065,2
220066,1
220067,2
220068,1
220069,0
220070,1
220071,0
220072,1
220073,1
220074,2
220075,2
220076,2
220077,1
220078,2
220079,0
220080,1
220081,1
220082,0
220083,0
220084,2
220085,2
220086,2
220087,1
220088,1
220089,1
220090,2
220091,0
220092,1
220093,0
220094,0
220095,0
220096,1
220097,2
220098,2
220099,1
220100,2
220101,2
220102,1
220103,0
220104,2
220105,1
220106,2
220107,2
220108,2
220109,2
220110,1
220111,2
220112,1
220113,2
220114,0
220115,2
220116,2
220117,1
220118,0
220119,2
220120,1
220121,2
220122,1
220123,0
220124,2
220125,1
220126,0
220127,2
220128,2
220129,2
220130,1
220131,0
220132,1
220133,1
220134,2
220135,2
220136,0
220137,2
220138,0
220139,0
220140,1
220141,0
220142,2
220143,1
220144,2
220145,1
220146,2
220147,0
220148,2
220149,2
220150,0
220151,0
220152,2
220153,2
220154,1
220155,0
220156,1
220157,2
220158,2
220159,0
220160,2
220161,0
220162,1
220163,2
220164,1
220165,0
220166,1
220167,0
220168,1
220169,1
220170,1
220171,0
220172,2
220173,0
220174,2
220175,1
220176,1
220177,2
220178,2
220179,0
220180,0
220181,2
220182,0
220183,0
220184,0
220185,1
220186,1
220187,0
220188,0
220189,0
220190,1
220191,2
220192,0
220193,0
220194,2
220195,2
220196,1
220197,1
220198,1
220199,2
220200,1
220201,2
220202,1
220203,1
220204,1
220205,2
220206,1
220207,1
220208,0
220209,2
220210,2
220211,2
220212,2
220213,2
220214,1
220215,0
220216,2
220217,2
220218,0
220219,1
220220,1
220221,1
220222,2
220223,0
220224,2
220225,1
220226,2
220227,2
220228,2
220229,0
220230,2
220231,1
220232,2
220233,0
220234,1
220235,1
220236,0
220237,1
220238,1
220239,2
220240,2
220241,1
220242,2
220243,2
220244,1
220245,2
220246,1
220247,0
220248,1
220249,0
220250,1
220251,2
220252,1
220253,1
220254,1
220255,2
220256,0
220257,1
220258,1
220259,0
220260,0
220261,0
220262,0
220263,1
220264,2
220265,0
220266,0
220267,2
220268,1
220269,2
220270,2
220271,2
220272,1
220273,0
220274,2
220275,1
220276,2
220277,2
220278,1
220279,1
220280,2
220281,0
220282,2
220283,1
220284,2
220285,2
220286,2
220287,1
220288,1
220289,2
220290,2
220291,1
220292,2
220293,1
220294,2
220295,1
220296,0
220297,0
220298,2
220299,2
220300,0
220301,1
220302,0
220303,2
220304,2
220305,1
220306,2
220307,0
220308,2
220309,2
220310,0
220311,2
220312,2
220313,1
220314,1
220315,2
220316,2
220317,1
220318,0
220319,0
220320,2
220321,1
220322,1
220323,2
220324,2
220325,2
220326,2
220327,2
220328,2
220329,1
220330,1
220331,1
220332,1
220333,2
220334,2
220335,1
220336,0
220337,0
220338,2
220339,1
220340,2
220341,1
220342,2
220343,2
220344,2
220345,1
220346,1
220347,0
220348,1
220349,1
220350,0
220351,0
220352,1
220353,0
220354,0
220355,0
220356,1
220357,1
220358,0
220359,2
220360,0
220361,1
220362,1
220363,1
220364,2
220365,2
220366,1
220367,0
220368,1
220369,1
220370,1
220371,1
220372,1
220373,2
220374,2
220375,2
220376,1
220377,1
220378,0
220379,0
220380,2
220381,1
220382,1
220383,0
220384,2
220385,2
220386,0
220387,2
220388,1
220389,2
220390,2
220391,2
220392,1
220393,1
220394,1
220395,0
220396,1
220397,2
220398,2
220399,2
220400,2
220401,0
220402,1
220403,2
220404,2
220405,1
220406,0
220407,1
220408,2
220409,0
220410,2
220411,1
220412,2
220413,0
220414,0
220415,2
220416,0
220417,2
220418,1
220419,0
220420,2
220421,0
220422,1
220423,2
220424,2
220425,2
220426,1
220427,1
220428,2
220429,2
220430,2
220431,0
220432,0
220433,2
220434,1
220435,2
220436,2
220437,2
220438,1
220439,2
220440,2
220441,2
220442,2
220443,0
220444,1
220445,2
220446,2
220447,2
220448,1
220449,0
220450,0
220451,2
220452,2
220453,1
220454,0
220455,1
220456,0
220457,2
220458,2
220459,1
220460,2
220461,1
220462,2
220463,2
220464,1
220465,0
220466,1
220467,2
220468,2
220469,1
220470,2
220471,2
220472,1
220473,1
220474,1
220475,1
220476,0
220477,2
220478,0
220479,1
220480,2
220481,2
220482,2
220483,0
220484,2
220485,1
220486,1
220487,2
220488,1
220489,1
220490,2
220491,1
220492,1
220493,1
220494,1
220495,2
220496,2
220497,2
220498,0
220499,1
220500,1
220501,2
220502,2
220503,0
220504,0
220505,0
220506,2
220507,2
220508,2
220509,2
220510,0
220511,2
220512,2
220513,0
220514,2
220515,1
220516,1
220517,2
220518,2
220519,2
220520,0
220521,2
220522,2
220523,2
220524,0
220525,1
220526,1
220527,0
220528,1
220529,1
220530,1
220531,1
220532,2
220533,2
220534,2
220535,0
220536,2
220537,2
220538,0
220539,1
220540,2
220541,2
220542,2
220543,0
220544,1
220545,1
220546,0
220547,2
220548,2
220549,2
220550,2
220551,0
220552,1
220553,2
220554,1
220555,2
220556,2
220557,1
220558,1
220559,0
220560,2
220561,1
220562,2
220563,2
220564,0
220565,2
220566,2
220567,2
220568,1
220569,0
220570,0
220571,2
220572,2
220573,1
220574,2
220575,2
220576,2
220577,2
220578,2
220579,2
220580,2
220581,2
220582,2
220583,0
220584,1
220585,2
220586,0
220587,2
220588,1
220589,1
220590,1
220591,0
220592,1
220593,0
220594,2
220595,1
220596,1
220597,1
220598,1
220599,1
220600,0
220601,0
220602,0
220603,2
220604,1
220605,1
220606,1
220607,2
220608,1
220609,1
220610,1
220611,1
220612,2
220613,1
220614,1
220615,2
220616,0
220617,1
220618,1
220619,1
220620,0
220621,2
220622,0
220623,1
220624,0
220625,0
220626,1
220627,2
220628,2
220629,2
220630,2
220631,1
220632,1
220633,2
220634,1
220635,0
220636,0
220637,2
220638,0
220639,1
220640,1
220641,2
220642,0
220643,1
220644,2
220645,0
220646,2
220647,2
220648,1
220649,1
220650,0
220651,0
220652,0
220653,2
220654,2
220655,1
220656,0
220657,0
220658,2
220659,2
220660,1
220661,0
220662,2
220663,1
220664,2
220665,1
220666,1
220667,1
220668,2
220669,0
220670,2
220671,0
220672,2
220673,0
220674,1
220675,1
220676,0
220677,0
220678,2
220679,2
220680,2
220681,2
220682,0
220683,2
220684,1
220685,1
220686,0
220687,1
220688,2
220689,2
220690,2
220691,2
220692,1
220693,2
220694,2
220695,1
220696,1
220697,2
220698,2
220699,1
220700,2
220701,2
220702,0
220703,0
220704,2
220705,1
220706,2
220707,1
220708,2
220709,1
220710,0
220711,1
220712,2
220713,1
220714,1
220715,2
220716,2
220717,2
220718,2
220719,1
220720,0
220721,2
220722,1
220723,2
220724,2
220725,0
220726,1
220727,0
220728,2
220729,2
220730,0
220731,1
220732,1
220733,1
220734,0
220735,1
220736,2
220737,2
220738,1
220739,1
220740,2
220741,2
220742,2
220743,0
220744,1
220745,2
220746,1
220747,0
220748,1
220749,2
220750,1
220751,1
220752,2
220753,2
220754,2
220755,0
220756,0
220757,1
220758,2
220759,2
220760,1
220761,2
220762,1
220763,1
220764,1
220765,1
220766,2
220767,2
220768,2
220769,0
220770,1
220771,1
220772,2
220773,1
220774,2
220775,2
220776,1
220777,1
220778,1
220779,1
220780,2
220781,2
220782,1
220783,2
220784,2
220785,0
220786,1
220787,1
220788,1
220789,1
220790,0
220791,2
220792,1
220793,1
220794,2
220795,0
220796,2
220797,1
220798,2
220799,0
220800,2
220801,2
220802,1
220803,2
220804,1
220805,0
220806,2
220807,2
220808,1
220809,2
220810,2
220811,1
220812,2
220813,2
220814,1
220815,1
220816,1
220817,2
220818,2
220819,0
220820,0
220821,1
220822,2
220823,2
220824,2
220825,1
220826,2
220827,1
220828,2
220829,2
220830,2
220831,0
220832,2
220833,1
220834,2
220835,2
220836,1
220837,1
220838,0
220839,0
220840,1
220841,2
220842,2
220843,0
220844,1
220845,2
220846,1
220847,0
220848,2
220849,2
220850,2
220851,1
220852,2
220853,2
220854,2
220855,0
220856,1
220857,1
220858,2
220859,1
220860,1
220861,2
220862,0
220863,2
220864,1
220865,1
220866,1
220867,2
220868,2
220869,2
220870,1
220871,1
220872,1
220873,0
220874,2
220875,1
220876,0
220877,2
220878,0
220879,2
220880,2
220881,1
220882,2
220883,0
220884,1
220885,2
220886,1
220887,2
220888,2
220889,1
220890,2
220891,1
220892,2
220893,0
220894,1
220895,1
220896,2
220897,2
220898,1
220899,0
220900,2
220901,2
220902,1
220903,1
220904,2
220905,0
220906,2
220907,2
220908,2
220909,0
220910,2
220911,2
220912,0
220913,0
220914,2
220915,1
220916,2
220917,1
220918,0
220919,0
220920,1
220921,1
220922,1
220923,2
220924,0
220925,2
220926,0
220927,1
220928,0
220929,1
220930,0
220931,2
220932,0
220933,2
220934,1
220935,1
220936,0
220937,1
220938,2
220939,1
220940,2
220941,2
220942,0
220943,2
220944,1
220945,1
220946,1
220947,2
220948,2
220949,0
220950,2
220951,1
220952,1
220953,1
220954,1
220955,1
220956,2
220957,2
220958,1
220959,1
220960,2
220961,2
220962,1
220963,1
220964,2
220965,0
220966,1
220967,0
220968,2
220969,2
220970,1
220971,2
220972,2
220973,0
220974,1
220975,0
220976,1
220977,2
220978,2
220979,0
220980,2
220981,1
220982,2
220983,1
220984,2
220985,1
220986,2
220987,0
220988,1
220989,1
220990,2
220991,2
220992,0
220993,2
220994,2
220995,1
220996,2
220997,1
220998,2
220999,1
221000,2
221001,1
221002,1
221003,1
221004,2
221005,2
221006,0
221007,0
221008,1
221009,1
221010,2
221011,1
221012,0
221013,2
221014,0
221015,2
221016,0
221017,2
221018,0
221019,1
221020,2
221021,2
221022,1
221023,1
221024,1
221025,1
221026,1
221027,0
221028,1
221029,2
221030,2
221031,2
221032,2
221033,1
221034,1
221035,0
221036,0
221037,1
221038,2
221039,2
221040,1
221041,1
221042,0
221043,1
221044,2
221045,1
221046,2
221047,2
221048,0
221049,1
221050,1
221051,1
221052,0
221053,0
221054,0
221055,0
221056,1
221057,2
221058,2
221059,1
221060,1
221061,2
221062,1
221063,2
221064,2
221065,1
221066,2
221067,2
221068,2
221069,2
221070,1
221071,2
221072,2
221073,0
221074,2
221075,2
221076,2
221077,2
221078,0
221079,1
221080,1
221081,0
221082,1
221083,2
221084,2
221085,2
221086,0
221087,2
221088,0
221089,1
221090,0
221091,1
221092,0
221093,1
221094,2
221095,1
221096,0
221097,2
221098,2
221099,0
221100,2
221101,0
221102,0
221103,1
221104,2
221105,1
221106,2
221107,1
221108,2
221109,0
221110,2
221111,2
221112,0
221113,1
221114,0
221115,2
221116,1
221117,1
221118,2
221119,2
221120,0
221121,0
221122,0
221123,2
221124,0
221125,2
221126,1
221127,1
221128,1
221129,1
221130,2
221131,2
221132,1
221133,2
221134,1
221135,1
221136,0
221137,0
221138,2
221139,1
221140,2
221141,2
221142,1
221143,1
221144,2
221145,1
221146,2
221147,0
221148,2
221149,0
221150,2
221151,2
221152,0
221153,1
221154,1
221155,1
221156,2
221157,1
221158,0
221159,1
221160,0
221161,2
221162,0
221163,1
221164,2
221165,0
221166,2
221167,2
221168,1
221169,1
221170,0
221171,2
221172,1
221173,2
221174,2
221175,1
221176,2
221177,1
221178,2
221179,1
221180,2
221181,1
221182,2
221183,1
221184,2
221185,1
221186,0
221187,2
221188,0
221189,1
221190,1
221191,0
221192,0
221193,1
221194,2
221195,2
221196,0
221197,2
221198,1
221199,2
221200,1
221201,0
221202,1
221203,1
221204,2
221205,2
221206,1
221207,1
221208,2
221209,1
221210,2
221211,0
221212,2
221213,2
221214,0
221215,1
221216,1
221217,1
221218,2
221219,0
221220,2
221221,2
221222,2
221223,2
221224,1
221225,0
221226,2
221227,0
221228,0
221229,1
221230,2
221231,2
221232,1
221233,1
221234,0
221235,0
221236,0
221237,2
221238,0
221239,0
221240,2
221241,2
221242,1
221243,2
221244,1
221245,0
221246,2
221247,1
221248,0
221249,1
221250,2
221251,1
221252,1
221253,2
221254,0
221255,0
221256,1
221257,1
221258,2
221259,1
221260,2
221261,0
221262,2
221263,0
221264,1
221265,2
221266,1
221267,0
221268,0
221269,0
221270,1
221271,2
221272,1
221273,1
221274,1
221275,0
221276,1
221277,0
221278,2
221279,2
221280,0
221281,0
221282,2
221283,2
221284,1
221285,2
221286,1
221287,1
221288,2
221289,1
221290,1
221291,2
221292,2
221293,2
221294,0
221295,2
221296,1
221297,1
221298,1
221299,2
221300,2
221301,1
221302,1
221303,1
221304,1
221305,0
221306,2
221307,1
221308,2
221309,2
221310,2
221311,0
221312,2
221313,2
221314,0
221315,1
221316,2
221317,0
221318,2
221319,2
221320,2
221321,1
221322,1
221323,1
221324,2
221325,2
221326,1
221327,2
221328,1
221329,2
221330,2
221331,0
221332,0
221333,2
221334,1
221335,0
221336,1
221337,1
221338,1
221339,1
221340,2
221341,1
221342,0
221343,1
221344,1
221345,2
221346,0
221347,2
221348,1
221349,0
221350,0
221351,2
221352,1
221353,0
221354,1
221355,2
221356,0
221357,0
221358,2
221359,1
221360,2
221361,2
221362,2
221363,2
221364,2
221365,2
221366,1
221367,2
221368,0
221369,2
221370,2
221371,2
221372,2
221373,2
221374,0
221375,1
221376,2
221377,2
221378,1
221379,0
221380,1
221381,2
221382,0
221383,0
221384,2
221385,2
221386,1
221387,0
221388,0
221389,1
221390,2
221391,1
221392,2
221393,0
221394,1
221395,2
221396,2
221397,1
221398,1
221399,2
221400,2
221401,0
221402,1
221403,0
221404,2
221405,1
221406,2
221407,2
221408,1
221409,0
221410,2
221411,0
221412,2
221413,2
221414,1
221415,2
221416,2
221417,2
221418,0
221419,2
221420,1
221421,2
221422,1
221423,0
221424,2
221425,2
221426,1
221427,1
221428,0
221429,0
221430,2
221431,0
221432,1
221433,0
221434,0
221435,0
221436,2
221437,1
221438,1
221439,2
221440,0
221441,2
221442,1
221443,2
221444,2
221445,1
221446,2
221447,2
221448,1
221449,1
221450,2
221451,1
221452,0
221453,2
221454,0
221455,1
221456,0
221457,0
221458,2
221459,2
221460,1
221461,1
221462,2
221463,2
221464,1
221465,0
221466,1
221467,2
221468,1
221469,2
221470,0
221471,1
221472,1
221473,2
221474,2
221475,1
221476,0
221477,1
221478,2
221479,2
221480,2
221481,2
221482,2
221483,1
221484,2
221485,2
221486,2
221487,1
221488,2
221489,0
221490,0
221491,1
221492,1
221493,1
221494,2
221495,2
221496,2
221497,1
221498,0
221499,1
221500,2
221501,1
221502,2
221503,1
221504,1
221505,1
221506,2
221507,1
221508,1
221509,2
221510,1
221511,2
221512,2
221513,1
221514,2
221515,0
221516,1
221517,0
221518,1
221519,1
221520,2
221521,2
221522,2
221523,2
221524,0
221525,2
221526,1
221527,2
221528,0
221529,2
221530,2
221531,1
221532,1
221533,2
221534,0
221535,2
221536,0
221537,0
221538,2
221539,0
221540,2
221541,1
221542,2
221543,2
221544,1
221545,1
221546,1
221547,0
221548,1
221549,2
221550,2
221551,0
221552,1
221553,1
221554,0
221555,1
221556,1
221557,1
221558,2
221559,2
221560,0
221561,2
221562,1
221563,1
221564,2
221565,0
221566,1
221567,2
221568,1
221569,2
221570,1
221571,2
221572,0
221573,2
221574,2
221575,1
221576,2
221577,2
221578,1
221579,2
221580,1
221581,1
221582,0
221583,2
221584,1
221585,1
221586,1
221587,2
221588,1
221589,0
221590,2
221591,2
221592,1
221593,2
221594,1
221595,1
221596,2
221597,2
221598,1
221599,0
221600,1
221601,0
221602,1
221603,2
221604,0
221605,2
221606,0
221607,1
221608,0
221609,0
221610,1
221611,2
221612,2
221613,1
221614,2
221615,1
221616,2
221617,0
221618,1
221619,1
221620,2
221621,2
221622,2
221623,1
221624,2
221625,2
221626,2
221627,1
221628,0
221629,0
221630,2
221631,1
221632,1
221633,1
221634,1
221635,1
221636,2
221637,1
221638,2
221639,1
221640,1
221641,2
221642,1
221643,2
221644,0
221645,1
221646,2
221647,2
221648,1
221649,2
221650,2
221651,2
221652,0
221653,2
221654,2
221655,2
221656,1
221657,2
221658,0
221659,0
221660,1
221661,2
221662,2
221663,1
221664,1
221665,0
221666,1
221667,2
221668,1
221669,2
221670,2
221671,2
221672,2
221673,2
221674,2
221675,1
221676,2
221677,0
221678,1
221679,2
221680,2
221681,1
221682,0
221683,2
221684,1
221685,0
221686,2
221687,0
221688,0
221689,1
221690,0
221691,2
221692,1
221693,0
221694,2
221695,2
221696,1
221697,1
221698,0
221699,1
221700,2
221701,0
221702,2
221703,1
221704,0
221705,1
221706,2
221707,2
221708,0
221709,0
221710,2
221711,1
221712,1
221713,2
221714,2
221715,2
221716,1
221717,1
221718,1
221719,0
221720,1
221721,0
221722,1
221723,2
221724,0
221725,2
221726,0
221727,1
221728,1
221729,1
221730,2
221731,2
221732,1
221733,0
221734,2
221735,0
221736,2
221737,1
221738,2
221739,0
221740,2
221741,2
221742,1
221743,1
221744,1
221745,1
221746,2
221747,0
221748,2
221749,1
221750,1
221751,2
221752,1
221753,2
221754,2
221755,1
221756,2
221757,2
221758,2
221759,1
221760,1
221761,0
221762,0
221763,2
221764,1
221765,1
221766,2
221767,1
221768,1
221769,0
221770,2
221771,1
221772,2
221773,2
221774,0
221775,1
221776,0
221777,0
221778,0
221779,0
221780,1
221781,2
221782,1
221783,0
221784,1
221785,1
221786,0
221787,2
221788,1
221789,2
221790,2
221791,1
221792,0
221793,1
221794,1
221795,1
221796,1
221797,1
221798,2
221799,0
221800,1
221801,2
221802,0
221803,0
221804,2
221805,0
221806,2
221807,0
221808,0
221809,1
221810,1
221811,2
221812,0
221813,2
221814,1
221815,1
221816,1
221817,2
221818,0
221819,0
221820,1
221821,2
221822,1
221823,0
221824,2
221825,0
221826,2
221827,0
221828,1
221829,1
221830,2
221831,1
221832,2
221833,1
221834,2
221835,2
221836,2
221837,1
221838,2
221839,1
221840,2
221841,1
221842,0
221843,0
221844,2
221845,2
221846,2
221847,1
221848,2
221849,1
221850,2
221851,0
221852,0
221853,1
221854,2
221855,1
221856,1
221857,2
221858,2
221859,0
221860,1
221861,1
221862,1
221863,2
221864,2
221865,0
221866,2
221867,0
221868,1
221869,1
221870,0
221871,2
221872,0
221873,2
221874,2
221875,2
221876,2
221877,1
221878,0
221879,2
221880,2
221881,2
221882,0
221883,0
221884,1
221885,1
221886,0
221887,2
221888,0
221889,1
221890,1
221891,2
221892,1
221893,1
221894,1
221895,0
221896,1
221897,2
221898,0
221899,2
221900,1
221901,1
221902,1
221903,1
221904,1
221905,1
221906,1
221907,2
221908,0
221909,0
221910,1
221911,1
221912,1
221913,2
221914,1
221915,2
221916,0
221917,1
221918,1
221919,2
221920,1
221921,1
221922,1
221923,1
221924,1
221925,1
221926,1
221927,2
221928,1
221929,2
221930,1
221931,2
221932,2
221933,0
221934,0
221935,2
221936,2
221937,1
221938,2
221939,2
221940,0
221941,1
221942,1
221943,1
221944,0
221945,2
221946,0
221947,0
221948,0
221949,2
221950,2
221951,0
221952,1
221953,2
221954,2
221955,0
221956,2
221957,0
221958,2
221959,1
221960,1
221961,1
221962,2
221963,1
221964,1
221965,2
221966,1
221967,1
221968,2
221969,2
221970,2
221971,2
221972,2
221973,2
221974,2
221975,2
221976,1
221977,0
221978,0
221979,2
221980,1
221981,2
221982,1
221983,1
221984,2
221985,0
221986,2
221987,1
221988,1
221989,1
221990,2
221991,0
221992,0
221993,1
221994,2
221995,1
221996,2
221997,2
221998,0
221999,1
222000,2
222001,2
222002,1
222003,0
222004,2
222005,1
222006,1
222007,1
222008,1
222009,1
222010,1
222011,1
222012,2
222013,0
222014,1
222015,0
222016,1
222017,0
222018,1
222019,0
222020,1
222021,0
222022,2
222023,1
222024,1
222025,2
222026,0
222027,0
222028,0
222029,1
222030,2
222031,1
222032,0
222033,2
222034,1
222035,0
222036,2
222037,0
222038,2
222039,1
222040,1
222041,1
222042,2
222043,0
222044,2
222045,2
222046,0
222047,1
222048,0
222049,2
222050,0
222051,2
222052,2
222053,2
222054,2
222055,0
222056,1
222057,1
222058,1
222059,1
222060,1
222061,1
222062,0
222063,0
222064,1
222065,1
222066,1
222067,2
222068,2
222069,2
222070,2
222071,2
222072,2
222073,1
222074,2
222075,0
222076,1
222077,1
222078,2
222079,1
222080,0
222081,1
222082,2
222083,0
222084,1
222085,2
222086,2
222087,0
222088,1
222089,2
222090,1
222091,2
222092,1
222093,2
222094,1
222095,2
222096,2
222097,1
222098,0
222099,1
222100,1
222101,2
222102,2
222103,2
222104,1
222105,0
222106,2
222107,0
222108,1
222109,2
222110,1
222111,0
222112,1
222113,1
222114,2
222115,2
222116,2
222117,1
222118,2
222119,2
222120,2
222121,0
222122,2
222123,1
222124,2
222125,1
222126,0
222127,1
222128,1
222129,2
222130,1
222131,2
222132,2
222133,0
222134,1
222135,0
222136,1
222137,1
222138,2
222139,0
222140,1
222141,1
222142,2
222143,1
222144,1
222145,2
222146,2
222147,1
222148,2
222149,1
222150,0
222151,0
222152,0
222153,1
222154,1
222155,1
222156,0
222157,1
222158,2
222159,2
222160,2
222161,1
222162,2
222163,1
222164,1
222165,1
222166,2
222167,1
222168,0
222169,1
222170,0
222171,2
222172,1
222173,1
222174,1
222175,2
222176,0
222177,0
222178,2
222179,0
222180,1
222181,2
222182,2
222183,2
222184,1
222185,1
222186,1
222187,0
222188,2
222189,2
222190,2
222191,1
222192,2
222193,2
222194,2
222195,1
222196,1
222197,2
222198,1
222199,2
222200,2
222201,0
222202,2
222203,2
222204,0
222205,0
222206,1
222207,1
222208,1
222209,2
222210,0
222211,2
222212,2
222213,2
222214,1
222215,2
222216,1
222217,1
222218,2
222219,1
222220,0
222221,2
222222,2
222223,2
222224,0
222225,0
222226,0
222227,2
222228,1
222229,2
222230,1
222231,1
222232,0
222233,0
222234,2
222235,2
222236,2
222237,0
222238,1
222239,1
222240,1
222241,0
222242,0
222243,1
222244,2
222245,2
222246,1
222247,0
222248,1
222249,2
222250,1
222251,1
222252,1
222253,0
222254,2
222255,2
222256,2
222257,2
222258,1
222259,0
222260,2
222261,2
222262,1
222263,2
222264,2
222265,0
222266,1
222267,2
222268,1
222269,0
222270,2
222271,0
222272,2
222273,1
222274,0
222275,1
222276,0
222277,2
222278,0
222279,1
222280,0
222281,0
222282,2
222283,1
222284,0
222285,1
222286,0
222287,2
222288,2
222289,2
222290,0
222291,1
222292,2
222293,0
222294,2
222295,2
222296,2
222297,1
222298,0
222299,2
222300,2
222301,2
222302,2
222303,2
222304,0
222305,1
222306,1
222307,0
222308,2
222309,2
222310,0
222311,1
222312,1
222313,2
222314,2
222315,1
222316,1
222317,2
222318,2
222319,2
222320,0
222321,1
222322,0
222323,0
222324,1
222325,1
222326,2
222327,1
222328,1
222329,2
222330,1
222331,1
222332,1
222333,2
222334,0
222335,2
222336,1
222337,1
222338,0
222339,0
222340,1
222341,2
222342,2
222343,2
222344,2
222345,1
222346,2
222347,2
222348,1
222349,2
222350,0
222351,1
222352,0
222353,0
222354,1
222355,1
222356,2
222357,1
222358,2
222359,1
222360,2
222361,0
222362,0
222363,2
222364,1
222365,0
222366,1
222367,2
222368,2
222369,2
222370,2
222371,0
222372,0
222373,2
222374,2
222375,2
222376,2
222377,2
222378,2
222379,2
222380,1
222381,2
222382,2
222383,2
222384,0
222385,2
222386,1
222387,0
222388,0
222389,1
222390,0
222391,1
222392,2
222393,1
222394,2
222395,2
222396,2
222397,1
222398,1
222399,1
222400,1
222401,1
222402,2
222403,2
222404,2
222405,2
222406,2
222407,2
222408,1
222409,1
222410,1
222411,2
222412,2
222413,0
222414,1
222415,2
222416,2
222417,1
222418,2
222419,2
222420,1
222421,1
222422,2
222423,2
222424,0
222425,0
222426,2
222427,2
222428,2
222429,2
222430,1
222431,2
222432,2
222433,2
222434,1
222435,1
222436,1
222437,1
222438,2
222439,1
222440,0
222441,2
222442,2
222443,1
222444,2
222445,2
222446,2
222447,2
222448,2
222449,2
222450,1
222451,2
222452,1
222453,1
222454,2
222455,1
222456,1
222457,2
222458,0
222459,0
222460,2
222461,1
222462,2
222463,2
222464,0
222465,2
222466,1
222467,1
222468,2
222469,2
222470,1
222471,1
222472,2
222473,0
222474,1
222475,2
222476,1
222477,1
222478,1
222479,2
222480,2
222481,2
222482,1
222483,2
222484,2
222485,2
222486,0
222487,0
222488,1
222489,1
222490,2
222491,1
222492,2
222493,2
222494,1
222495,2
222496,2
222497,2
222498,2
222499,1
222500,2
222501,2
222502,1
222503,2
222504,2
222505,2
222506,1
222507,1
222508,2
222509,0
222510,2
222511,1
222512,1
222513,2
222514,2
222515,2
222516,0
222517,1
222518,1
222519,1
222520,2
222521,0
222522,1
222523,2
222524,2
222525,2
222526,2
222527,1
222528,1
222529,1
222530,2
222531,2
222532,0
222533,1
222534,2
222535,1
222536,0
222537,1
222538,2
222539,2
222540,2
222541,2
222542,0
222543,0
222544,2
222545,0
222546,2
222547,2
222548,0
222549,2
222550,0
222551,1
222552,1
222553,2
222554,2
222555,2
222556,2
222557,0
222558,2
222559,0
222560,1
222561,2
222562,1
222563,0
222564,1
222565,0
222566,2
222567,1
222568,2
222569,2
222570,2
222571,1
222572,0
222573,2
222574,2
222575,2
222576,0
222577,0
222578,1
222579,2
222580,1
222581,1
222582,0
222583,2
222584,2
222585,1
222586,0
222587,2
222588,1
222589,1
222590,0
222591,1
222592,0
222593,2
222594,0
222595,2
222596,2
222597,2
222598,1
222599,0
222600,1
222601,0
222602,1
222603,2
222604,2
222605,2
222606,2
222607,2
222608,1
222609,1
222610,2
222611,1
222612,2
222613,2
222614,1
222615,2
222616,0
222617,1
222618,1
222619,2
222620,1
222621,2
222622,1
222623,2
222624,0
222625,2
222626,2
222627,0
222628,2
222629,1
222630,0
222631,1
222632,2
222633,0
222634,0
222635,0
222636,2
222637,0
222638,1
222639,2
222640,2
222641,1
222642,0
222643,0
222644,2
222645,2
222646,0
222647,1
222648,2
222649,2
222650,2
222651,2
222652,0
222653,2
222654,1
222655,1
222656,1
222657,1
222658,1
222659,0
222660,1
222661,1
222662,2
222663,2
222664,2
222665,2
222666,1
222667,2
222668,2
222669,0
222670,0
222671,1
222672,0
222673,2
222674,1
222675,1
222676,0
222677,1
222678,1
222679,0
222680,0
222681,1
222682,2
222683,2
222684,0
222685,2
222686,2
222687,1
222688,1
222689,2
222690,2
222691,2
222692,1
222693,1
222694,1
222695,1
222696,0
222697,2
222698,2
222699,1
222700,2
222701,0
222702,2
222703,2
222704,0
222705,0
222706,0
222707,2
222708,0
222709,2
222710,1
222711,1
222712,1
222713,0
222714,1
222715,1
222716,0
222717,2
222718,0
222719,0
222720,2
222721,2
222722,1
222723,2
222724,0
222725,2
222726,1
222727,2
222728,1
222729,2
222730,0
222731,1
222732,2
222733,0
222734,2
222735,0
222736,2
222737,2
222738,2
222739,0
222740,2
222741,0
222742,0
222743,2
222744,0
222745,1
222746,1
222747,1
222748,0
222749,0
222750,0
222751,0
222752,2
222753,2
222754,2
222755,1
222756,1
222757,0
222758,2
222759,1
222760,1
222761,0
222762,2
222763,1
222764,0
222765,2
222766,2
222767,2
222768,1
222769,1
222770,0
222771,2
222772,1
222773,2
222774,2
222775,0
222776,2
222777,1
222778,2
222779,0
222780,1
222781,1
222782,1
222783,1
222784,1
222785,1
222786,1
222787,1
222788,2
222789,1
222790,1
222791,2
222792,1
222793,1
222794,1
222795,2
222796,2
222797,1
222798,1
222799,1
222800,1
222801,1
222802,1
222803,2
222804,2
222805,2
222806,1
222807,1
222808,1
222809,1
222810,2
222811,0
222812,1
222813,0
222814,2
222815,2
222816,0
222817,0
222818,2
222819,1
222820,1
222821,2
222822,1
222823,0
222824,1
222825,2
222826,0
222827,1
222828,2
222829,2
222830,1
222831,1
222832,1
222833,1
222834,0
222835,2
222836,0
222837,0
222838,2
222839,0
222840,2
222841,0
222842,2
222843,2
222844,1
222845,2
222846,2
222847,0
222848,1
222849,2
222850,2
222851,1
222852,0
222853,2
222854,0
222855,2
222856,2
222857,2
222858,1
222859,2
222860,1
222861,1
222862,0
222863,1
222864,1
222865,2
222866,1
222867,2
222868,0
222869,1
222870,1
222871,1
222872,2
222873,2
222874,1
222875,2
222876,2
222877,2
222878,0
222879,2
222880,2
222881,0
222882,1
222883,1
222884,2
222885,2
222886,0
222887,0
222888,2
222889,0
222890,0
222891,0
222892,2
222893,2
222894,2
222895,2
222896,2
222897,2
222898,0
222899,2
222900,1
222901,1
222902,2
222903,2
222904,2
222905,0
222906,2
222907,2
222908,2
222909,1
222910,1
222911,0
222912,2
222913,1
222914,2
222915,2
222916,2
222917,2
222918,1
222919,1
222920,0
222921,1
222922,1
222923,2
222924,0
222925,1
222926,2
222927,0
222928,2
222929,2
222930,1
222931,1
222932,2
222933,2
222934,0
222935,0
222936,2
222937,2
222938,0
222939,1
222940,2
222941,0
222942,0
222943,2
222944,2
222945,0
222946,1
222947,0
222948,1
222949,0
222950,1
222951,2
222952,2
222953,2
222954,0
222955,1
222956,2
222957,2
222958,1
222959,2
222960,2
222961,2
222962,0
222963,2
222964,0
222965,2
222966,1
222967,2
222968,1
222969,2
222970,0
222971,2
222972,2
222973,1
222974,2
222975,1
222976,2
222977,2
222978,1
222979,2
222980,2
222981,0
222982,2
222983,0
222984,2
222985,1
222986,1
222987,1
222988,0
222989,2
222990,0
222991,1
222992,1
222993,2
222994,2
222995,2
222996,2
222997,2
222998,0
222999,2
223000,1
223001,2
223002,1
223003,1
223004,2
223005,1
223006,2
223007,1
223008,2
223009,2
223010,2
223011,0
223012,0
223013,0
223014,0
223015,0
223016,2
223017,2
223018,2
223019,0
223020,2
223021,2
223022,0
223023,1
223024,2
223025,2
223026,1
223027,1
223028,0
223029,1
223030,2
223031,2
223032,0
223033,0
223034,1
223035,1
223036,1
223037,2
223038,2
223039,0
223040,2
223041,2
223042,2
223043,0
223044,0
223045,2
223046,2
223047,1
223048,0
223049,1
223050,1
223051,1
223052,1
223053,1
223054,1
223055,2
223056,2
223057,2
223058,0
223059,1
223060,1
223061,0
223062,0
223063,2
223064,0
223065,1
223066,1
223067,1
223068,2
223069,1
223070,2
223071,0
223072,2
223073,0
223074,1
223075,2
223076,1
223077,0
223078,1
223079,2
223080,0
223081,0
223082,2
223083,2
223084,0
223085,1
223086,0
223087,1
223088,1
223089,1
223090,1
223091,1
223092,2
223093,1
223094,0
223095,2
223096,2
223097,0
223098,2
223099,1
223100,1
223101,0
223102,1
223103,1
223104,2
223105,1
223106,2
223107,0
223108,1
223109,2
223110,1
223111,2
223112,2
223113,0
223114,0
223115,1
223116,2
223117,2
223118,2
223119,1
223120,0
223121,2
223122,2
223123,1
223124,2
223125,2
223126,1
223127,2
223128,1
223129,1
223130,2
223131,1
223132,1
223133,1
223134,1
223135,2
223136,1
223137,1
223138,2
223139,0
223140,1
223141,1
223142,2
223143,1
223144,1
223145,1
223146,1
223147,2
223148,2
223149,1
223150,1
223151,0
223152,1
223153,0
223154,0
223155,2
223156,2
223157,0
223158,0
223159,1
223160,0
223161,2
223162,0
223163,0
223164,2
223165,1
223166,1
223167,1
223168,1
223169,1
223170,2
223171,2
223172,2
223173,1
223174,2
223175,2
223176,0
223177,1
223178,1
223179,1
223180,1
223181,2
223182,2
223183,0
223184,2
223185,0
223186,1
223187,1
223188,2
223189,0
223190,2
223191,0
223192,1
223193,1
223194,1
223195,1
223196,0
223197,1
223198,1
223199,2
223200,0
223201,2
223202,2
223203,2
223204,0
223205,1
223206,2
223207,1
223208,1
223209,1
223210,0
223211,2
223212,1
223213,2
223214,1
223215,1
223216,1
223217,0
223218,2
223219,2
223220,2
223221,1
223222,0
223223,1
223224,2
223225,2
223226,2
223227,1
223228,1
223229,2
223230,0
223231,0
223232,2
223233,2
223234,1
223235,2
223236,2
223237,2
223238,0
223239,0
223240,2
223241,2
223242,2
223243,2
223244,1
223245,0
223246,2
223247,2
223248,2
223249,2
223250,2
223251,0
223252,1
223253,0
223254,0
223255,2
223256,2
223257,2
223258,1
223259,0
223260,2
223261,1
223262,2
223263,0
223264,0
223265,0
223266,1
223267,1
223268,2
223269,2
223270,1
223271,2
223272,2
223273,2
223274,1
223275,2
223276,2
223277,2
223278,2
223279,2
223280,1
223281,1
223282,1
223283,2
223284,0
223285,1
223286,1
223287,0
223288,1
223289,0
223290,2
223291,0
223292,0
223293,2
223294,0
223295,2
223296,2
223297,2
223298,1
223299,1
223300,2
223301,1
223302,0
223303,0
223304,1
223305,1
223306,2
223307,1
223308,1
223309,0
223310,2
223311,0
223312,1
223313,0
223314,2
223315,0
223316,0
223317,1
223318,1
223319,2
223320,2
223321,2
223322,0
223323,2
223324,2
223325,2
223326,1
223327,1
223328,1
223329,0
223330,0
223331,2
223332,2
223333,2
223334,1
223335,1
223336,2
223337,2
223338,2
223339,2
223340,1
223341,0
223342,1
223343,2
223344,1
223345,2
223346,0
223347,1
223348,1
223349,2
223350,0
223351,2
223352,2
223353,2
223354,1
223355,1
223356,2
223357,1
223358,2
223359,1
223360,0
223361,1
223362,2
223363,2
223364,0
223365,0
223366,1
223367,2
223368,2
223369,1
223370,1
223371,1
223372,1
223373,0
223374,2
223375,2
223376,0
223377,1
223378,2
223379,2
223380,2
223381,1
223382,0
223383,2
223384,1
223385,2
223386,1
223387,0
223388,2
223389,2
223390,0
223391,1
223392,1
223393,1
223394,1
223395,2
223396,1
223397,2
223398,0
223399,2
223400,0
223401,1
223402,1
223403,0
223404,0
223405,0
223406,1
223407,1
223408,0
223409,2
223410,2
223411,1
223412,1
223413,2
223414,1
223415,1
223416,2
223417,2
223418,2
223419,0
223420,0
223421,1
223422,1
223423,1
223424,0
223425,2
223426,2
223427,0
223428,2
223429,0
223430,2
223431,1
223432,1
223433,2
223434,0
223435,2
223436,0
223437,1
223438,2
223439,1
223440,2
223441,1
223442,1
223443,2
223444,2
223445,1
223446,1
223447,1
223448,2
223449,1
223450,1
223451,2
223452,1
223453,1
223454,2
223455,2
223456,2
223457,1
223458,2
223459,2
223460,0
223461,2
223462,2
223463,0
223464,1
223465,0
223466,0
223467,2
223468,2
223469,2
223470,0
223471,1
223472,2
223473,0
223474,0
223475,2
223476,1
223477,2
223478,2
223479,0
223480,1
223481,0
223482,2
223483,0
223484,1
223485,1
223486,2
223487,2
223488,2
223489,0
223490,1
223491,0
223492,2
223493,0
223494,0
223495,1
223496,1
223497,1
223498,1
223499,1
223500,2
223501,0
223502,0
223503,1
223504,0
223505,2
223506,1
223507,1
223508,2
223509,1
223510,2
223511,2
223512,0
223513,1
223514,0
223515,1
223516,1
223517,1
223518,1
223519,1
223520,0
223521,2
223522,2
223523,2
223524,1
223525,2
223526,1
223527,2
223528,1
223529,2
223530,1
223531,0
223532,2
223533,2
223534,0
223535,1
223536,1
223537,2
223538,2
223539,2
223540,2
223541,1
223542,0
223543,1
223544,2
223545,1
223546,2
223547,1
223548,0
223549,2
223550,1
223551,0
223552,2
223553,2
223554,2
223555,2
223556,1
223557,2
223558,2
223559,2
223560,1
223561,2
223562,1
223563,2
223564,0
223565,2
223566,1
223567,2
223568,2
223569,2
223570,2
223571,2
223572,2
223573,2
223574,1
223575,1
223576,2
223577,2
223578,1
223579,1
223580,2
223581,1
223582,2
223583,1
223584,1
223585,1
223586,1
223587,2
223588,2
223589,1
223590,2
223591,1
223592,2
223593,2
223594,1
223595,1
223596,2
223597,1
223598,1
223599,2
223600,1
223601,2
223602,2
223603,2
223604,1
223605,1
223606,2
223607,2
223608,0
223609,1
223610,0
223611,0
223612,1
223613,2
223614,0
223615,1
223616,2
223617,0
223618,0
223619,0
223620,1
223621,2
223622,2
223623,2
223624,1
223625,1
223626,1
223627,1
223628,2
223629,0
223630,1
223631,1
223632,1
223633,1
223634,1
223635,2
223636,2
223637,1
223638,1
223639,1
223640,1
223641,0
223642,1
223643,0
223644,1
223645,1
223646,1
223647,1
223648,1
223649,1
223650,1
223651,1
223652,2
223653,1
223654,1
223655,1
223656,0
223657,2
223658,1
223659,1
223660,1
223661,2
223662,1
223663,0
223664,2
223665,1
223666,1
223667,2
223668,0
223669,1
223670,2
223671,2
223672,1
223673,2
223674,1
223675,2
223676,1
223677,2
223678,2
223679,1
223680,2
223681,1
223682,2
223683,2
223684,1
223685,1
223686,1
223687,2
223688,1
223689,2
223690,2
223691,2
223692,2
223693,2
223694,2
223695,2
223696,2
223697,1
223698,0
223699,0
223700,1
223701,1
223702,0
223703,1
223704,2
223705,2
223706,2
223707,1
223708,2
223709,1
223710,2
223711,2
223712,2
223713,2
223714,2
223715,1
223716,0
223717,0
223718,1
223719,1
223720,1
223721,1
223722,0
223723,1
223724,1
223725,2
223726,2
223727,0
223728,0
223729,1
223730,2
223731,0
223732,1
223733,1
223734,2
223735,0
223736,1
223737,2
223738,1
223739,2
223740,1
223741,2
223742,0
223743,1
223744,2
223745,1
223746,1
223747,1
223748,1
223749,2
223750,0
223751,2
223752,1
223753,2
223754,2
223755,2
223756,2
223757,0
223758,0
223759,2
223760,1
223761,0
223762,0
223763,1
223764,0
223765,1
223766,0
223767,1
223768,1
223769,1
223770,1
223771,2
223772,2
223773,2
223774,1
223775,1
223776,1
223777,2
223778,2
223779,0
223780,1
223781,1
223782,2
223783,1
223784,0
223785,2
223786,1
223787,2
223788,0
223789,1
223790,1
223791,1
223792,2
223793,2
223794,0
223795,0
223796,2
223797,1
223798,0
223799,1
223800,2
223801,0
223802,1
223803,1
223804,2
223805,2
223806,0
223807,1
223808,2
223809,2
223810,0
223811,2
223812,1
223813,2
223814,2
223815,0
223816,1
223817,2
223818,0
223819,1
223820,1
223821,1
223822,2
223823,0
223824,1
223825,0
223826,2
223827,2
223828,1
223829,2
223830,2
223831,0
223832,1
223833,1
223834,1
223835,2
223836,1
223837,1
223838,0
223839,2
223840,1
223841,2
223842,2
223843,1
223844,0
223845,1
223846,2
223847,2
223848,2
223849,0
223850,2
223851,2
223852,0
223853,2
223854,0
223855,2
223856,1
223857,2
223858,1
223859,0
223860,1
223861,0
223862,0
223863,2
223864,0
223865,0
223866,1
223867,1
223868,2
223869,1
223870,1
223871,1
223872,2
223873,2
223874,0
223875,2
223876,1
223877,1
223878,0
223879,2
223880,1
223881,0
223882,2
223883,0
223884,1
223885,2
223886,1
223887,1
223888,1
223889,2
223890,0
223891,0
223892,0
223893,2
223894,1
223895,2
223896,0
223897,1
223898,2
223899,1
223900,0
223901,0
223902,0
223903,2
223904,1
223905,0
223906,1
223907,2
223908,2
223909,0
223910,0
223911,1
223912,1
223913,2
223914,0
223915,1
223916,1
223917,2
223918,2
223919,2
223920,0
223921,2
223922,2
223923,1
223924,2
223925,0
223926,0
223927,1
223928,2
223929,2
223930,2
223931,1
223932,0
223933,2
223934,0
223935,1
223936,1
223937,2
223938,2
223939,2
223940,2
223941,2
223942,1
223943,0
223944,1
223945,0
223946,2
223947,0
223948,1
223949,2
223950,0
223951,2
223952,2
223953,1
223954,0
223955,1
223956,2
223957,2
223958,1
223959,0
223960,0
223961,0
223962,2
223963,2
223964,1
223965,1
223966,2
223967,2
223968,2
223969,1
223970,1
223971,0
223972,1
223973,1
223974,1
223975,2
223976,2
223977,1
223978,2
223979,0
223980,0
223981,2
223982,0
223983,2
223984,0
223985,2
223986,0
223987,1
223988,2
223989,2
223990,0
223991,0
223992,1
223993,2
223994,0
223995,2
223996,2
223997,1
223998,2
223999,1
224000,1
224001,2
224002,1
224003,1
224004,1
224005,0
224006,0
224007,1
224008,0
224009,2
224010,2
224011,2
224012,1
224013,2
224014,1
224015,0
224016,1
224017,1
224018,0
224019,2
224020,2
224021,2
224022,2
224023,1
224024,0
224025,2
224026,1
224027,0
224028,1
224029,1
224030,1
224031,1
224032,2
224033,1
224034,1
224035,0
224036,2
224037,2
224038,2
224039,2
224040,2
224041,2
224042,0
224043,0
224044,2
224045,1
224046,0
224047,2
224048,2
224049,0
224050,2
224051,2
224052,1
224053,1
224054,2
224055,2
224056,2
224057,0
224058,0
224059,2
224060,2
224061,1
224062,0
224063,0
224064,2
224065,0
224066,2
224067,1
224068,2
224069,0
224070,2
224071,2
224072,1
224073,2
224074,2
224075,1
224076,2
224077,2
224078,1
224079,2
224080,2
224081,0
224082,0
224083,0
224084,2
224085,2
224086,2
224087,1
224088,1
224089,2
224090,0
224091,0
224092,1
224093,2
224094,1
224095,1
224096,2
224097,1
224098,0
224099,1
224100,0
224101,1
224102,1
224103,2
224104,2
224105,2
224106,1
224107,1
224108,2
224109,1
224110,0
224111,2
224112,0
224113,2
224114,2
224115,2
224116,0
224117,1
224118,1
224119,1
224120,1
224121,1
224122,2
224123,1
224124,2
224125,2
224126,2
224127,0
224128,2
224129,2
224130,1
224131,2
224132,0
224133,1
224134,2
224135,0
224136,1
224137,1
224138,2
224139,0
224140,2
224141,2
224142,1
224143,2
224144,2
224145,2
224146,1
224147,0
224148,0
224149,2
224150,2
224151,0
224152,1
224153,2
224154,0
224155,1
224156,0
224157,0
224158,1
224159,2
224160,2
224161,1
224162,2
224163,1
224164,0
224165,0
224166,2
224167,2
224168,2
224169,0
224170,2
224171,0
224172,2
224173,2
224174,1
224175,0
224176,1
224177,1
224178,1
224179,0
224180,1
224181,1
224182,2
224183,0
224184,2
224185,0
224186,1
224187,2
224188,1
224189,2
224190,2
224191,1
224192,1
224193,1
224194,0
224195,2
224196,2
224197,1
224198,0
224199,1
224200,1
224201,1
224202,2
224203,2
224204,0
224205,1
224206,2
224207,2
224208,2
224209,2
224210,1
224211,0
224212,1
224213,2
224214,2
224215,2
224216,2
224217,1
224218,0
224219,2
224220,2
224221,2
224222,0
224223,2
224224,2
224225,0
224226,1
224227,1
224228,2
224229,2
224230,2
224231,1
224232,0
224233,2
224234,0
224235,0
224236,2
224237,1
224238,2
224239,2
224240,0
224241,1
224242,0
224243,0
224244,1
224245,2
224246,1
224247,0
224248,2
224249,2
224250,0
224251,1
224252,2
224253,1
224254,1
224255,2
224256,2
224257,2
224258,2
224259,0
224260,1
224261,2
224262,0
224263,1
224264,2
224265,0
224266,1
224267,1
224268,2
224269,2
224270,1
224271,1
224272,2
224273,0
224274,2
224275,2
224276,0
224277,2
224278,2
224279,0
224280,2
224281,0
224282,2
224283,0
224284,1
224285,1
224286,0
224287,0
224288,1
224289,2
224290,0
224291,2
224292,0
224293,1
224294,0
224295,1
224296,1
224297,2
224298,2
224299,1
224300,2
224301,1
224302,1
224303,0
224304,1
224305,2
224306,1
224307,2
224308,0
224309,0
224310,0
224311,0
224312,1
224313,1
224314,0
224315,2
224316,2
224317,1
224318,2
224319,1
224320,0
224321,2
224322,1
224323,0
224324,1
224325,2
224326,0
224327,0
224328,1
224329,0
224330,1
224331,2
224332,2
224333,2
224334,2
224335,1
224336,0
224337,1
224338,1
224339,0
224340,2
224341,1
224342,2
224343,1
224344,1
224345,2
224346,0
224347,0
224348,2
224349,2
224350,2
224351,2
224352,0
224353,2
224354,1
224355,2
224356,2
224357,2
224358,1
224359,2
224360,0
224361,0
224362,1
224363,1
224364,2
224365,2
224366,1
224367,2
224368,2
224369,1
224370,2
224371,2
224372,1
224373,2
224374,1
224375,1
224376,2
224377,0
224378,1
224379,1
224380,0
224381,1
224382,1
224383,2
224384,0
224385,1
224386,1
224387,0
224388,1
224389,2
224390,1
224391,1
224392,0
224393,2
224394,0
224395,0
224396,2
224397,2
224398,1
224399,2
224400,0
224401,1
224402,1
224403,0
224404,1
224405,2
224406,1
224407,0
224408,2
224409,0
224410,2
224411,0
224412,0
224413,2
224414,1
224415,1
224416,0
224417,0
224418,1
224419,0
224420,1
224421,2
224422,2
224423,1
224424,2
224425,1
224426,0
224427,1
224428,2
224429,0
224430,1
224431,2
224432,1
224433,1
224434,0
224435,2
224436,0
224437,1
224438,2
224439,0
224440,2
224441,2
224442,0
224443,2
224444,1
224445,0
224446,1
224447,1
224448,2
224449,0
224450,2
224451,2
224452,0
224453,0
224454,2
224455,1
224456,2
224457,2
224458,0
224459,1
224460,2
224461,2
224462,1
224463,2
224464,0
224465,0
224466,1
224467,2
224468,1
224469,2
224470,2
224471,2
224472,2
224473,2
224474,2
224475,1
224476,2
224477,1
224478,1
224479,0
224480,2
224481,1
224482,0
224483,2
224484,2
224485,2
224486,0
224487,0
224488,2
224489,2
224490,1
224491,1
224492,2
224493,2
224494,1
224495,0
224496,1
224497,1
224498,1
224499,1
224500,1
224501,2
224502,2
224503,0
224504,2
224505,0
224506,0
224507,0
224508,1
224509,0
224510,2
224511,1
224512,2
224513,1
224514,1
224515,1
224516,2
224517,1
224518,1
224519,1
224520,1
224521,2
224522,2
224523,1
224524,2
224525,2
224526,2
224527,2
224528,2
224529,0
224530,2
224531,2
224532,0
224533,1
224534,1
224535,2
224536,1
224537,2
224538,1
224539,1
224540,0
224541,2
224542,1
224543,1
224544,0
224545,0
224546,0
224547,0
224548,0
224549,2
224550,0
224551,2
224552,1
224553,1
224554,1
224555,2
224556,1
224557,1
224558,2
224559,2
224560,2
224561,1
224562,2
224563,0
224564,0
224565,0
224566,2
224567,2
224568,2
224569,2
224570,0
224571,2
224572,0
224573,1
224574,2
224575,1
224576,2
224577,1
224578,2
224579,1
224580,1
224581,2
224582,2
224583,1
224584,2
224585,2
224586,1
224587,2
224588,1
224589,1
224590,1
224591,1
224592,1
224593,0
224594,2
224595,0
224596,2
224597,1
224598,2
224599,2
224600,1
224601,2
224602,0
224603,0
224604,0
224605,2
224606,0
224607,2
224608,2
224609,2
224610,0
224611,0
224612,2
224613,1
224614,0
224615,2
224616,1
224617,0
224618,2
224619,2
224620,0
224621,1
224622,0
224623,0
224624,1
224625,2
224626,0
224627,1
224628,2
224629,1
224630,1
224631,1
224632,2
224633,2
224634,0
224635,0
224636,2
224637,0
224638,1
224639,2
224640,0
224641,0
224642,2
224643,0
224644,2
224645,2
224646,1
224647,2
224648,1
224649,1
224650,2
224651,1
224652,2
224653,2
224654,2
224655,2
224656,1
224657,1
224658,0
224659,0
224660,0
224661,0
224662,0
224663,0
224664,1
224665,0
224666,2
224667,0
224668,1
224669,1
224670,1
224671,0
224672,0
224673,1
224674,1
224675,2
224676,2
224677,2
224678,1
224679,2
224680,2
224681,0
224682,2
224683,1
224684,1
224685,1
224686,0
224687,2
224688,0
224689,2
224690,2
224691,2
224692,1
224693,2
224694,1
224695,2
224696,1
224697,1
224698,0
224699,2
224700,2
224701,2
224702,1
224703,2
224704,2
224705,1
224706,2
224707,2
224708,2
224709,2
224710,2
224711,1
224712,2
224713,0
224714,1
224715,0
224716,0
224717,1
224718,1
224719,0
224720,0
224721,2
224722,1
224723,0
224724,2
224725,2
224726,2
224727,2
224728,1
224729,0
224730,2
224731,1
224732,0
224733,2
224734,1
224735,0
224736,2
224737,2
224738,0
224739,2
224740,2
224741,2
224742,0
224743,1
224744,1
224745,1
224746,2
224747,0
224748,2
224749,1
224750,1
224751,2
224752,2
224753,2
224754,1
224755,2
224756,0
224757,0
224758,1
224759,1
224760,2
224761,0
224762,2
224763,2
224764,2
224765,2
224766,1
224767,2
224768,2
224769,1
224770,1
224771,2
224772,1
224773,2
224774,0
224775,2
224776,2
224777,2
224778,2
224779,2
224780,2
224781,0
224782,1
224783,1
224784,1
224785,2
224786,1
224787,2
224788,2
224789,0
224790,1
224791,1
224792,1
224793,0
224794,2
224795,2
224796,1
224797,2
224798,1
224799,2
224800,2
224801,0
224802,0
224803,1
224804,0
224805,2
224806,2
224807,1
224808,2
224809,2
224810,1
224811,1
224812,0
224813,0
224814,0
224815,1
224816,1
224817,2
224818,1
224819,2
224820,2
224821,2
224822,0
224823,2
224824,2
224825,1
224826,2
224827,1
224828,0
224829,2
224830,2
224831,0
224832,1
224833,1
224834,0
224835,0
224836,2
224837,1
224838,0
224839,0
224840,1
224841,0
224842,1
224843,2
224844,2
224845,0
224846,0
224847,2
224848,2
224849,0
224850,1
224851,2
224852,1
224853,1
224854,2
224855,1
224856,1
224857,1
224858,2
224859,1
224860,2
224861,1
224862,0
224863,2
224864,0
224865,2
224866,1
224867,1
224868,2
224869,2
224870,2
224871,2
224872,2
224873,2
224874,1
224875,2
224876,2
224877,0
224878,2
224879,1
224880,2
224881,0
224882,2
224883,2
224884,1
224885,2
224886,1
224887,2
224888,2
224889,0
224890,1
224891,0
224892,1
224893,1
224894,2
224895,1
224896,2
224897,0
224898,1
224899,2
224900,0
224901,2
224902,1
224903,0
224904,0
224905,1
224906,0
224907,0
224908,1
224909,2
224910,0
224911,2
224912,1
224913,1
224914,0
224915,1
224916,1
224917,1
224918,2
224919,0
224920,0
224921,1
224922,0
224923,1
224924,2
224925,2
224926,1
224927,2
224928,1
224929,1
224930,1
224931,0
224932,2
224933,0
224934,2
224935,2
224936,2
224937,2
224938,1
224939,1
224940,2
224941,1
224942,2
224943,2
224944,2
224945,0
224946,1
224947,2
224948,2
224949,1
224950,0
224951,0
224952,2
224953,1
224954,0
224955,2
224956,0
224957,2
224958,2
224959,2
224960,2
224961,2
224962,2
224963,2
224964,2
224965,1
224966,1
224967,2
224968,0
224969,1
224970,1
224971,2
224972,0
224973,1
224974,2
224975,1
224976,2
224977,1
224978,2
224979,1
224980,1
224981,2
224982,1
224983,2
224984,1
224985,1
224986,2
224987,0
224988,0
224989,0
224990,1
224991,2
224992,1
224993,0
224994,2
224995,1
224996,2
224997,1
224998,1
224999,1
225000,2
225001,0
225002,0
225003,2
225004,2
225005,0
225006,1
225007,2
225008,0
225009,2
225010,2
225011,1
225012,2
225013,1
225014,1
225015,2
225016,0
225017,2
225018,1
225019,1
225020,2
225021,1
225022,2
225023,2
225024,0
225025,2
225026,0
225027,2
225028,0
225029,0
225030,2
225031,2
225032,1
225033,1
225034,1
225035,2
225036,0
225037,1
225038,1
225039,1
225040,0
225041,0
225042,2
225043,2
225044,1
225045,1
225046,1
225047,2
225048,2
225049,2
225050,1
225051,2
225052,0
225053,1
225054,0
225055,1
225056,2
225057,1
225058,1
225059,2
225060,0
225061,2
225062,1
225063,0
225064,2
225065,2
225066,1
225067,2
225068,1
225069,0
225070,2
225071,1
225072,0
225073,2
225074,1
225075,1
225076,2
225077,0
225078,1
225079,2
225080,2
225081,2
225082,1
225083,0
225084,2
225085,1
225086,2
225087,2
225088,1
225089,1
225090,1
225091,1
225092,0
225093,0
225094,2
225095,2
225096,2
225097,1
225098,2
225099,1
225100,1
225101,0
225102,2
225103,1
225104,1
225105,2
225106,0
225107,2
225108,1
225109,0
225110,0
225111,1
225112,1
225113,1
225114,0
225115,0
225116,0
225117,1
225118,2
225119,0
225120,2
225121,2
225122,2
225123,2
225124,2
225125,1
225126,1
225127,2
225128,2
225129,2
225130,1
225131,0
225132,0
225133,1
225134,1
225135,0
225136,1
225137,1
225138,1
225139,0
225140,1
225141,2
225142,0
225143,0
225144,2
225145,1
225146,2
225147,2
225148,2
225149,2
225150,1
225151,2
225152,2
225153,2
225154,1
225155,2
225156,0
225157,1
225158,2
225159,2
225160,2
225161,1
225162,0
225163,1
225164,1
225165,1
225166,2
225167,2
225168,1
225169,2
225170,2
225171,2
225172,0
225173,1
225174,2
225175,0
225176,0
225177,1
225178,2
225179,2
225180,2
225181,2
225182,0
225183,2
225184,0
225185,2
225186,2
225187,2
225188,0
225189,2
225190,2
225191,1
225192,0
225193,1
225194,2
225195,2
225196,1
225197,1
225198,0
225199,0
225200,0
225201,1
225202,1
225203,2
225204,1
225205,1
225206,0
225207,0
225208,1
225209,2
225210,1
225211,2
225212,1
225213,2
225214,0
225215,2
225216,0
225217,2
225218,0
225219,2
225220,2
225221,1
225222,0
225223,1
225224,2
225225,1
225226,2
225227,0
225228,1
225229,0
225230,1
225231,2
225232,1
225233,2
225234,1
225235,1
225236,2
225237,1
225238,2
225239,2
225240,1
225241,1
225242,2
225243,1
225244,1
225245,2
225246,2
225247,0
225248,1
225249,2
225250,2
225251,1
225252,1
225253,2
225254,1
225255,1
225256,2
225257,0
225258,2
225259,0
225260,2
225261,2
225262,1
225263,0
225264,1
225265,1
225266,0
225267,0
225268,1
225269,2
225270,0
225271,2
225272,2
225273,2
225274,0
225275,1
225276,2
225277,0
225278,1
225279,1
225280,1
225281,0
225282,1
225283,1
225284,0
225285,2
225286,0
225287,2
225288,0
225289,2
225290,1
225291,2
225292,1
225293,2
225294,1
225295,0
225296,1
225297,2
225298,1
225299,1
225300,0
225301,1
225302,1
225303,2
225304,2
225305,2
225306,2
225307,0
225308,1
225309,2
225310,1
225311,1
225312,1
225313,1
225314,0
225315,2
225316,2
225317,2
225318,0
225319,0
225320,1
225321,1
225322,0
225323,2
225324,1
225325,1
225326,2
225327,2
225328,1
225329,1
225330,0
225331,0
225332,1
225333,2
225334,2
225335,2
225336,1
225337,2
225338,1
225339,2
225340,2
225341,0
225342,1
225343,1
225344,1
225345,0
225346,2
225347,0
225348,0
225349,2
225350,2
225351,1
225352,1
225353,0
225354,2
225355,2
225356,2
225357,1
225358,1
225359,1
225360,0
225361,0
225362,1
225363,0
225364,2
225365,1
225366,2
225367,0
225368,2
225369,2
225370,0
225371,2
225372,0
225373,1
225374,1
225375,1
225376,1
225377,1
225378,2
225379,0
225380,0
225381,0
225382,0
225383,2
225384,1
225385,2
225386,1
225387,2
225388,1
225389,0
225390,0
225391,0
225392,1
225393,2
225394,2
225395,2
225396,2
225397,2
225398,2
225399,0
225400,2
225401,2
225402,1
225403,1
225404,1
225405,1
225406,2
225407,0
225408,0
225409,2
225410,1
225411,1
225412,2
225413,1
225414,1
225415,0
225416,1
225417,0
225418,2
225419,1
225420,1
225421,0
225422,2
225423,2
225424,2
225425,2
225426,2
225427,1
225428,0
225429,2
225430,2
225431,2
225432,1
225433,1
225434,1
225435,2
225436,2
225437,2
225438,1
225439,0
225440,2
225441,1
225442,0
225443,2
225444,2
225445,2
225446,2
225447,2
225448,1
225449,0
225450,2
225451,2
225452,2
225453,1
225454,2
225455,0
225456,1
225457,1
225458,2
225459,1
225460,1
225461,2
225462,1
225463,2
225464,2
225465,2
225466,1
225467,1
225468,2
225469,0
225470,2
225471,1
225472,1
225473,1
225474,1
225475,2
225476,0
225477,1
225478,1
225479,1
225480,2
225481,0
225482,2
225483,2
225484,2
225485,0
225486,2
225487,1
225488,2
225489,1
225490,1
225491,0
225492,0
225493,2
225494,1
225495,2
225496,2
225497,1
225498,2
225499,2
225500,1
225501,2
225502,2
225503,2
225504,2
225505,0
225506,0
225507,2
225508,1
225509,2
225510,0
225511,2
225512,1
225513,1
225514,2
225515,1
225516,0
225517,1
225518,1
225519,2
225520,1
225521,1
225522,2
225523,1
225524,1
225525,1
225526,2
225527,0
225528,0
225529,1
225530,2
225531,1
225532,2
225533,1
225534,0
225535,2
225536,2
225537,2
225538,0
225539,0
225540,0
225541,2
225542,2
225543,0
225544,2
225545,1
225546,1
225547,1
225548,1
225549,2
225550,2
225551,1
225552,2
225553,1
225554,2
225555,2
225556,0
225557,2
225558,2
225559,2
225560,2
225561,1
225562,1
225563,0
225564,1
225565,0
225566,0
225567,2
225568,2
225569,1
225570,2
225571,0
225572,1
225573,1
225574,2
225575,0
225576,1
225577,1
225578,0
225579,1
225580,1
225581,2
225582,2
225583,2
225584,1
225585,2
225586,1
225587,2
225588,2
225589,0
225590,2
225591,2
225592,0
225593,2
225594,1
225595,1
225596,2
225597,0
225598,1
225599,1
225600,2
225601,1
225602,2
225603,1
225604,1
225605,0
225606,0
225607,2
225608,0
225609,2
225610,1
225611,2
225612,2
225613,2
225614,1
225615,2
225616,1
225617,0
225618,2
225619,2
225620,1
225621,1
225622,2
225623,0
225624,2
225625,2
225626,2
225627,0
225628,2
225629,0
225630,2
225631,2
225632,1
225633,2
225634,1
225635,0
225636,2
225637,0
225638,0
225639,1
225640,0
225641,1
225642,1
225643,1
225644,0
225645,0
225646,0
225647,2
225648,1
225649,1
225650,1
225651,1
225652,2
225653,2
225654,1
225655,2
225656,2
225657,2
225658,1
225659,0
225660,2
225661,2
225662,2
225663,1
225664,2
225665,0
225666,0
225667,2
225668,2
225669,1
225670,2
225671,2
225672,1
225673,1
225674,1
225675,1
225676,1
225677,2
225678,2
225679,0
225680,0
225681,1
225682,0
225683,0
225684,0
225685,0
225686,2
225687,1
225688,1
225689,2
225690,0
225691,0
225692,2
225693,2
225694,1
225695,0
225696,0
225697,0
225698,1
225699,2
225700,0
225701,0
225702,2
225703,2
225704,2
225705,2
225706,2
225707,1
225708,1
225709,1
225710,2
225711,1
225712,2
225713,1
225714,2
225715,2
225716,1
225717,2
225718,2
225719,2
225720,2
225721,2
225722,1
225723,0
225724,1
225725,1
225726,1
225727,2
225728,1
225729,2
225730,2
225731,1
225732,1
225733,0
225734,0
225735,2
225736,0
225737,2
225738,2
225739,2
225740,2
225741,0
225742,0
225743,1
225744,2
225745,2
225746,2
225747,2
225748,2
225749,2
225750,1
225751,2
225752,2
225753,2
225754,2
225755,1
225756,2
225757,0
225758,0
225759,2
225760,2
225761,1
225762,0
225763,1
225764,2
225765,2
225766,2
225767,2
225768,2
225769,0
225770,2
225771,1
225772,1
225773,2
225774,0
225775,2
225776,2
225777,2
225778,0
225779,1
225780,1
225781,0
225782,0
225783,2
225784,2
225785,1
225786,1
225787,0
225788,2
225789,2
225790,1
225791,1
225792,1
225793,2
225794,1
225795,0
225796,0
225797,0
225798,1
225799,2
225800,2
225801,1
225802,1
225803,1
225804,2
225805,2
225806,1
225807,0
225808,0
225809,2
225810,0
225811,1
225812,0
225813,2
225814,2
225815,0
225816,2
225817,0
225818,2
225819,0
225820,2
225821,2
225822,0
225823,0
225824,2
225825,1
225826,2
225827,1
225828,2
225829,1
225830,2
225831,2
225832,2
225833,1
225834,2
225835,1
225836,2
225837,1
225838,1
225839,0
225840,2
225841,2
225842,2
225843,0
225844,1
225845,2
225846,2
225847,1
225848,0
225849,2
225850,2
225851,1
225852,1
225853,2
225854,2
225855,2
225856,0
225857,1
225858,1
225859,1
225860,1
225861,2
225862,0
225863,2
225864,2
225865,0
225866,2
225867,0
225868,1
225869,2
225870,1
225871,0
225872,0
225873,1
225874,0
225875,2
225876,1
225877,1
225878,2
225879,2
225880,0
225881,1
225882,1
225883,2
225884,0
225885,1
225886,0
225887,1
225888,0
225889,1
225890,1
225891,2
225892,1
225893,2
225894,2
225895,2
225896,2
225897,2
225898,1
225899,1
225900,0
225901,0
225902,2
225903,2
225904,1
225905,2
225906,0
225907,1
225908,1
225909,2
225910,1
225911,2
225912,2
225913,2
225914,2
225915,1
225916,2
225917,0
225918,2
225919,1
225920,0
225921,1
225922,1
225923,0
225924,2
225925,1
225926,0
225927,2
225928,2
225929,2
225930,1
225931,1
225932,1
225933,2
225934,1
225935,0
225936,2
225937,0
225938,0
225939,2
225940,0
225941,1
225942,2
225943,2
225944,2
225945,1
225946,1
225947,1
225948,2
225949,2
225950,1
225951,2
225952,1
225953,2
225954,2
225955,1
225956,2
225957,0
225958,0
225959,0
225960,0
225961,1
225962,1
225963,1
225964,1
225965,1
225966,2
225967,2
225968,2
225969,1
225970,0
225971,1
225972,1
225973,0
225974,2
225975,2
225976,1
225977,0
225978,2
225979,2
225980,2
225981,0
225982,2
225983,2
225984,1
225985,2
225986,0
225987,0
225988,2
225989,2
225990,0
225991,1
225992,0
225993,1
225994,1
225995,2
225996,2
225997,2
225998,2
225999,1
226000,1
226001,2
226002,1
226003,1
226004,0
226005,2
226006,2
226007,1
226008,0
226009,1
226010,2
226011,2
226012,0
226013,1
226014,2
226015,2
226016,1
226017,0
226018,1
226019,0
226020,0
226021,2
226022,2
226023,0
226024,2
226025,2
226026,0
226027,2
226028,2
226029,1
226030,0
226031,2
226032,1
226033,1
226034,2
226035,0
226036,2
226037,2
226038,1
226039,2
226040,1
226041,2
226042,1
226043,0
226044,1
226045,0
226046,1
226047,2
226048,1
226049,2
226050,1
226051,0
226052,2
226053,2
226054,1
226055,1
226056,0
226057,2
226058,2
226059,2
226060,2
226061,0
226062,1
226063,0
226064,1
226065,2
226066,1
226067,2
226068,2
226069,2
226070,2
226071,2
226072,1
226073,0
226074,1
226075,1
226076,1
226077,0
226078,2
226079,1
226080,1
226081,2
226082,1
226083,0
226084,0
226085,1
226086,1
226087,1
226088,1
226089,2
226090,2
226091,1
226092,0
226093,2
226094,2
226095,2
226096,0
226097,2
226098,1
226099,2
226100,1
226101,2
226102,0
226103,2
226104,2
226105,2
226106,1
226107,0
226108,1
226109,1
226110,2
226111,1
226112,1
226113,1
226114,2
226115,1
226116,2
226117,1
226118,0
226119,0
226120,2
226121,2
226122,0
226123,0
226124,1
226125,1
226126,0
226127,1
226128,2
226129,1
226130,0
226131,1
226132,2
226133,0
226134,2
226135,2
226136,2
226137,2
226138,2
226139,0
226140,1
226141,0
226142,0
226143,1
226144,2
226145,0
226146,2
226147,1
226148,2
226149,0
226150,2
226151,2
226152,1
226153,0
226154,2
226155,2
226156,2
226157,2
226158,2
226159,1
226160,1
226161,1
226162,0
226163,2
226164,0
226165,2
226166,1
226167,1
226168,1
226169,0
226170,2
226171,2
226172,1
226173,1
226174,1
226175,1
226176,1
226177,0
226178,2
226179,2
226180,1
226181,2
226182,0
226183,2
226184,1
226185,2
226186,0
226187,2
226188,2
226189,1
226190,2
226191,2
226192,2
226193,2
226194,2
226195,0
226196,0
226197,2
226198,1
226199,2
226200,2
226201,1
226202,2
226203,0
226204,0
226205,2
226206,2
226207,0
226208,2
226209,2
226210,2
226211,1
226212,1
226213,1
226214,2
226215,2
226216,2
226217,1
226218,2
226219,1
226220,1
226221,2
226222,1
226223,1
226224,2
226225,1
226226,2
226227,2
226228,0
226229,1
226230,1
226231,2
226232,0
226233,1
226234,2
226235,1
226236,0
226237,2
226238,0
226239,1
226240,2
226241,2
226242,1
226243,0
226244,1
226245,2
226246,0
226247,1
226248,0
226249,1
226250,1
226251,0
226252,2
226253,0
226254,0
226255,1
226256,0
226257,2
226258,2
226259,2
226260,1
226261,2
226262,2
226263,1
226264,1
226265,0
226266,1
226267,1
226268,1
226269,2
226270,2
226271,0
226272,1
226273,1
226274,2
226275,2
226276,2
226277,1
226278,1
226279,2
226280,2
226281,0
226282,2
226283,0
226284,2
226285,2
226286,0
226287,2
226288,1
226289,1
226290,1
226291,2
226292,2
226293,1
226294,2
226295,0
226296,1
226297,0
226298,2
226299,2
226300,1
226301,1
226302,0
226303,2
226304,1
226305,0
226306,1
226307,0
226308,2
226309,2
226310,0
226311,1
226312,2
226313,2
226314,2
226315,2
226316,1
226317,1
226318,2
226319,1
226320,1
226321,1
226322,2
226323,1
226324,0
226325,1
226326,1
226327,1
226328,2
226329,1
226330,1
226331,2
226332,0
226333,2
226334,2
226335,1
226336,2
226337,2
226338,1
226339,2
226340,2
226341,2
226342,2
226343,2
226344,2
226345,2
226346,1
226347,1
226348,1
226349,0
226350,2
226351,2
226352,0
226353,0
226354,2
226355,1
226356,1
226357,1
226358,2
226359,1
226360,2
226361,1
226362,0
226363,0
226364,2
226365,0
226366,1
226367,2
226368,2
226369,1
226370,2
226371,2
226372,1
226373,0
226374,0
226375,1
226376,0
226377,1
226378,2
226379,1
226380,1
226381,2
226382,2
226383,0
226384,2
226385,0
226386,2
226387,2
226388,1
226389,1
226390,2
226391,0
226392,2
226393,0
226394,1
226395,0
226396,1
226397,0
226398,0
226399,2
226400,2
226401,1
226402,0
226403,1
226404,2
226405,2
226406,1
226407,1
226408,0
226409,1
226410,1
226411,2
226412,2
226413,1
226414,2
226415,2
226416,2
226417,1
226418,2
226419,1
226420,2
226421,1
226422,2
226423,1
226424,2
226425,2
226426,2
226427,1
226428,0
226429,1
226430,2
226431,2
226432,1
226433,2
226434,0
226435,1
226436,1
226437,2
226438,2
226439,1
226440,2
226441,0
226442,1
226443,2
226444,1
226445,0
226446,2
226447,1
226448,1
226449,0
226450,0
226451,2
226452,2
226453,0
226454,1
226455,0
226456,2
226457,0
226458,1
226459,0
226460,1
226461,2
226462,2
226463,1
226464,1
226465,1
226466,1
226467,0
226468,1
226469,0
226470,2
226471,1
226472,1
226473,2
226474,2
226475,0
226476,2
226477,2
226478,1
226479,1
226480,0
226481,0
226482,2
226483,1
226484,2
226485,0
226486,0
226487,1
226488,2
226489,1
226490,2
226491,1
226492,1
226493,2
226494,1
226495,0
226496,1
226497,2
226498,2
226499,1
226500,2
226501,1
226502,1
226503,1
226504,0
226505,2
226506,2
226507,2
226508,2
226509,1
226510,0
226511,2
226512,2
226513,0
226514,2
226515,0
226516,2
226517,0
226518,2
226519,2
226520,1
226521,0
226522,0
226523,1
226524,0
226525,0
226526,1
226527,0
226528,2
226529,2
226530,1
226531,2
226532,0
226533,2
226534,1
226535,2
226536,0
226537,1
226538,2
226539,0
226540,1
226541,1
226542,1
226543,1
226544,2
226545,0
226546,0
226547,2
226548,1
226549,2
226550,1
226551,2
226552,2
226553,0
226554,2
226555,1
226556,2
226557,2
226558,1
226559,2
226560,1
226561,1
226562,0
226563,1
226564,2
226565,1
226566,2
226567,1
226568,2
226569,1
226570,2
226571,0
226572,1
226573,2
226574,0
226575,1
226576,0
226577,0
226578,2
226579,2
226580,0
226581,1
226582,2
226583,2
226584,1
226585,2
226586,2
226587,1
226588,1
226589,0
226590,2
226591,1
226592,0
226593,0
226594,2
226595,1
226596,0
226597,1
226598,1
226599,0
226600,0
226601,0
226602,0
226603,1
226604,2
226605,2
226606,2
226607,2
226608,2
226609,1
226610,2
226611,1
226612,2
226613,2
226614,0
226615,0
226616,1
226617,2
226618,2
226619,0
226620,1
226621,2
226622,2
226623,1
226624,1
226625,2
226626,1
226627,1
226628,2
226629,2
226630,2
226631,1
226632,1
226633,2
226634,1
226635,2
226636,1
226637,1
226638,2
226639,1
226640,2
226641,0
226642,2
226643,0
226644,2
226645,2
226646,2
226647,2
226648,1
226649,1
226650,1
226651,2
226652,0
226653,2
226654,2
226655,2
226656,2
226657,2
226658,2
226659,2
226660,2
226661,0
226662,2
226663,1
226664,2
226665,1
226666,1
226667,2
226668,0
226669,0
226670,1
226671,2
226672,2
226673,1
226674,2
226675,0
226676,1
226677,1
226678,2
226679,1
226680,1
226681,2
226682,2
226683,1
226684,1
226685,0
226686,2
226687,1
226688,1
226689,0
226690,0
226691,0
226692,2
226693,0
226694,1
226695,2
226696,1
226697,2
226698,1
226699,0
226700,2
226701,2
226702,1
226703,1
226704,2
226705,1
226706,1
226707,2
226708,2
226709,1
226710,0
226711,1
226712,0
226713,1
226714,0
226715,1
226716,2
226717,1
226718,0
226719,2
226720,0
226721,1
226722,1
226723,2
226724,2
226725,0
226726,1
226727,1
226728,2
226729,2
226730,1
226731,2
226732,2
226733,2
226734,1
226735,2
226736,2
226737,2
226738,0
226739,2
226740,1
226741,1
226742,1
226743,1
226744,2
226745,2
226746,1
226747,1
226748,2
226749,2
226750,2
226751,2
226752,1
226753,1
226754,2
226755,1
226756,2
226757,2
226758,2
226759,0
226760,2
226761,2
226762,0
226763,1
226764,1
226765,1
226766,1
226767,2
226768,2
226769,2
226770,1
226771,2
226772,1
226773,2
226774,1
226775,0
226776,2
226777,0
226778,1
226779,2
226780,2
226781,1
226782,0
226783,1
226784,2
226785,2
226786,1
226787,0
226788,1
226789,2
226790,2
226791,2
226792,2
226793,2
226794,1
226795,2
226796,1
226797,2
226798,2
226799,2
226800,1
226801,2
226802,1
226803,1
226804,1
226805,0
226806,2
226807,1
226808,2
226809,1
226810,2
226811,1
226812,1
226813,0
226814,0
226815,2
226816,0
226817,2
226818,1
226819,1
226820,0
226821,0
226822,0
226823,2
226824,2
226825,2
226826,2
226827,2
226828,2
226829,2
226830,2
226831,2
226832,2
226833,2
226834,1
226835,0
226836,1
226837,1
226838,0
226839,1
226840,2
226841,2
226842,2
226843,2
226844,2
226845,2
226846,2
226847,0
226848,1
226849,0
226850,2
226851,1
226852,1
226853,2
226854,1
226855,2
226856,1
226857,0
226858,1
226859,2
226860,0
226861,2
226862,1
226863,1
226864,2
226865,2
226866,2
226867,0
226868,2
226869,2
226870,1
226871,1
226872,0
226873,2
226874,2
226875,1
226876,2
226877,2
226878,0
226879,2
226880,1
226881,0
226882,2
226883,1
226884,2
226885,2
226886,2
226887,0
226888,0
226889,1
226890,1
226891,0
226892,2
226893,2
226894,0
226895,0
226896,2
226897,0
226898,2
226899,1
226900,1
226901,1
226902,0
226903,1
226904,1
226905,1
226906,1
226907,2
226908,2
226909,1
226910,2
226911,0
226912,2
226913,0
226914,2
226915,0
226916,0
226917,1
226918,2
226919,0
226920,2
226921,1
226922,0
226923,1
226924,2
226925,2
226926,1
226927,1
226928,2
226929,0
226930,2
226931,1
226932,1
226933,1
226934,0
226935,1
226936,2
226937,2
226938,1
226939,1
226940,0
226941,2
226942,1
226943,0
226944,1
226945,1
226946,2
226947,0
226948,2
226949,1
226950,2
226951,2
226952,2
226953,0
226954,2
226955,1
226956,2
226957,2
226958,2
226959,1
226960,0
226961,1
226962,2
226963,2
226964,2
226965,0
226966,0
226967,1
226968,1
226969,2
226970,2
226971,2
226972,1
226973,1
226974,1
226975,1
226976,1
226977,2
226978,1
226979,2
226980,2
226981,2
226982,0
226983,2
226984,1
226985,1
226986,1
226987,2
226988,2
226989,1
226990,2
226991,1
226992,2
226993,0
226994,2
226995,0
226996,1
226997,2
226998,0
226999,1
227000,2
227001,0
227002,0
227003,0
227004,2
227005,2
227006,1
227007,1
227008,0
227009,2
227010,1
227011,2
227012,1
227013,1
227014,1
227015,2
227016,1
227017,2
227018,1
227019,1
227020,2
227021,2
227022,2
227023,1
227024,2
227025,2
227026,2
227027,1
227028,1
227029,2
227030,2
227031,2
227032,0
227033,2
227034,2
227035,2
227036,2
227037,1
227038,2
227039,2
227040,1
227041,1
227042,2
227043,1
227044,2
227045,2
227046,2
227047,2
227048,0
227049,2
227050,2
227051,0
227052,1
227053,2
227054,1
227055,1
227056,1
227057,2
227058,0
227059,2
227060,2
227061,0
227062,2
227063,2
227064,2
227065,0
227066,2
227067,0
227068,0
227069,2
227070,1
227071,0
227072,1
227073,2
227074,2
227075,1
227076,1
227077,2
227078,2
227079,2
227080,1
227081,0
227082,0
227083,1
227084,2
227085,1
227086,2
227087,2
227088,2
227089,2
227090,2
227091,2
227092,2
227093,2
227094,2
227095,2
227096,2
227097,2
227098,2
227099,1
227100,1
227101,1
227102,2
227103,2
227104,0
227105,2
227106,2
227107,1
227108,1
227109,1
227110,1
227111,1
227112,1
227113,1
227114,0
227115,1
227116,2
227117,2
227118,2
227119,0
227120,0
227121,2
227122,0
227123,0
227124,1
227125,1
227126,2
227127,0
227128,1
227129,2
227130,0
227131,2
227132,0
227133,0
227134,1
227135,1
227136,1
227137,2
227138,0
227139,1
227140,2
227141,2
227142,2
227143,0
227144,2
227145,1
227146,1
227147,1
227148,0
227149,2
227150,1
227151,2
227152,0
227153,1
227154,1
227155,2
227156,2
227157,1
227158,0
227159,2
227160,1
227161,0
227162,1
227163,0
227164,1
227165,0
227166,2
227167,2
227168,0
227169,2
227170,1
227171,1
227172,2
227173,2
227174,2
227175,1
227176,0
227177,2
227178,1
227179,0
227180,2
227181,0
227182,0
227183,0
227184,0
227185,0
227186,0
227187,2
227188,1
227189,1
227190,2
227191,0
227192,0
227193,0
227194,2
227195,1
227196,0
227197,2
227198,2
227199,2
227200,1
227201,2
227202,2
227203,0
227204,2
227205,2
227206,1
227207,2
227208,2
227209,2
227210,0
227211,2
227212,2
227213,1
227214,0
227215,2
227216,1
227217,1
227218,0
227219,0
227220,0
227221,0
227222,2
227223,2
227224,1
227225,1
227226,2
227227,2
227228,1
227229,2
227230,2
227231,1
227232,2
227233,2
227234,0
227235,1
227236,1
227237,1
227238,0
227239,2
227240,1
227241,1
227242,0
227243,1
227244,0
227245,0
227246,2
227247,2
227248,1
227249,1
227250,2
227251,1
227252,0
227253,1
227254,2
227255,2
227256,1
227257,2
227258,2
227259,0
227260,1
227261,2
227262,1
227263,0
227264,0
227265,2
227266,2
227267,0
227268,1
227269,1
227270,2
227271,1
227272,0
227273,0
227274,2
227275,2
227276,2
227277,0
227278,2
227279,2
227280,2
227281,0
227282,2
227283,0
227284,0
227285,1
227286,1
227287,0
227288,2
227289,1
227290,1
227291,2
227292,0
227293,2
227294,2
227295,2
227296,2
227297,2
227298,2
227299,1
227300,1
227301,1
227302,0
227303,2
227304,2
227305,2
227306,1
227307,2
227308,1
227309,1
227310,2
227311,0
227312,2
227313,2
227314,1
227315,2
227316,1
227317,1
227318,2
227319,2
227320,2
227321,2
227322,2
227323,2
227324,2
227325,1
227326,1
227327,2
227328,2
227329,0
227330,1
227331,0
227332,2
227333,1
227334,0
227335,1
227336,1
227337,0
227338,2
227339,1
227340,0
227341,2
227342,2
227343,0
227344,2
227345,2
227346,2
227347,1
227348,2
227349,0
227350,1
227351,2
227352,2
227353,1
227354,2
227355,0
227356,0
227357,2
227358,0
227359,0
227360,2
227361,0
227362,1
227363,1
227364,2
227365,2
227366,1
227367,1
227368,1
227369,1
227370,1
227371,2
227372,1
227373,1
227374,1
227375,0
227376,2
227377,2
227378,0
227379,2
227380,1
227381,1
227382,1
227383,2
227384,1
227385,0
227386,0
227387,1
227388,2
227389,2
227390,0
227391,2
227392,2
227393,1
227394,2
227395,0
227396,2
227397,1
227398,1
227399,1
227400,1
227401,1
227402,1
227403,0
227404,2
227405,2
227406,1
227407,2
227408,2
227409,2
227410,2
227411,1
227412,0
227413,0
227414,1
227415,0
227416,1
227417,1
227418,0
227419,1
227420,1
227421,2
227422,0
227423,2
227424,0
227425,0
227426,2
227427,2
227428,2
227429,2
227430,0
227431,2
227432,0
227433,2
227434,1
227435,1
227436,1
227437,1
227438,2
227439,2
227440,2
227441,1
227442,0
227443,2
227444,0
227445,0
227446,2
227447,2
227448,0
227449,0
227450,0
227451,2
227452,2
227453,2
227454,1
227455,0
227456,2
227457,2
227458,2
227459,2
227460,1
227461,1
227462,2
227463,0
227464,1
227465,1
227466,2
227467,2
227468,1
227469,0
227470,2
227471,2
227472,0
227473,1
227474,1
227475,2
227476,2
227477,2
227478,2
227479,2
227480,1
227481,1
227482,1
227483,1
227484,2
227485,2
227486,1
227487,1
227488,2
227489,2
227490,2
227491,0
227492,1
227493,1
227494,2
227495,1
227496,2
227497,1
227498,1
227499,2
227500,1
227501,1
227502,2
227503,1
227504,0
227505,2
227506,1
227507,2
227508,2
227509,1
227510,0
227511,1
227512,1
227513,1
227514,1
227515,2
227516,1
227517,2
227518,0
227519,1
227520,1
227521,2
227522,0
227523,2
227524,0
227525,0
227526,1
227527,0
227528,2
227529,0
227530,1
227531,2
227532,2
227533,1
227534,1
227535,1
227536,2
227537,2
227538,1
227539,1
227540,2
227541,2
227542,2
227543,0
227544,2
227545,2
227546,2
227547,2
227548,1
227549,1
227550,2
227551,1
227552,2
227553,0
227554,2
227555,2
227556,2
227557,2
227558,2
227559,2
227560,1
227561,2
227562,1
227563,1
227564,2
227565,2
227566,1
227567,0
227568,2
227569,2
227570,2
227571,2
227572,1
227573,2
227574,2
227575,1
227576,0
227577,2
227578,1
227579,1
227580,1
227581,2
227582,0
227583,1
227584,2
227585,1
227586,2
227587,2
227588,2
227589,0
227590,2
227591,1
227592,1
227593,2
227594,1
227595,1
227596,1
227597,2
227598,1
227599,0
227600,2
227601,1
227602,0
227603,2
227604,2
227605,2
227606,2
227607,1
227608,1
227609,1
227610,1
227611,1
227612,1
227613,2
227614,1
227615,2
227616,2
227617,2
227618,2
227619,2
227620,1
227621,1
227622,1
227623,0
227624,1
227625,2
227626,2
227627,0
227628,1
227629,2
227630,1
227631,1
227632,0
227633,2
227634,0
227635,2
227636,1
227637,0
227638,2
227639,0
227640,0
227641,2
227642,2
227643,2
227644,1
227645,2
227646,0
227647,2
227648,1
227649,2
227650,2
227651,1
227652,2
227653,0
227654,1
227655,0
227656,1
227657,0
227658,1
227659,2
227660,2
227661,0
227662,1
227663,1
227664,2
227665,2
227666,2
227667,2
227668,1
227669,2
227670,1
227671,0
227672,2
227673,2
227674,0
227675,1
227676,1
227677,2
227678,2
227679,2
227680,0
227681,0
227682,0
227683,2
227684,1
227685,0
227686,0
227687,2
227688,1
227689,1
227690,2
227691,0
227692,0
227693,2
227694,2
227695,2
227696,1
227697,2
227698,1
227699,1
227700,1
227701,1
227702,2
227703,1
227704,1
227705,1
227706,1
227707,2
227708,1
227709,2
227710,0
227711,1
227712,2
227713,2
227714,0
227715,0
227716,1
227717,0
227718,2
227719,2
227720,1
227721,0
227722,2
227723,2
227724,0
227725,2
227726,1
227727,0
227728,1
227729,2
227730,0
227731,2
227732,2
227733,2
227734,0
227735,2
227736,1
227737,0
227738,2
227739,1
227740,2
227741,2
227742,2
227743,0
227744,0
227745,1
227746,1
227747,2
227748,0
227749,2
227750,1
227751,1
227752,2
227753,1
227754,2
227755,1
227756,2
227757,0
227758,2
227759,2
227760,2
227761,2
227762,2
227763,2
227764,2
227765,2
227766,1
227767,0
227768,0
227769,0
227770,2
227771,2
227772,2
227773,2
227774,0
227775,1
227776,0
227777,1
227778,2
227779,0
227780,2
227781,0
227782,2
227783,1
227784,0
227785,1
227786,1
227787,1
227788,0
227789,2
227790,0
227791,0
227792,1
227793,1
227794,1
227795,1
227796,0
227797,1
227798,0
227799,1
227800,0
227801,2
227802,2
227803,2
227804,2
227805,2
227806,2
227807,0
227808,0
227809,2
227810,2
227811,2
227812,1
227813,2
227814,2
227815,2
227816,1
227817,1
227818,1
227819,1
227820,0
227821,1
227822,2
227823,1
227824,0
227825,1
227826,2
227827,1
227828,1
227829,1
227830,1
227831,2
227832,1
227833,2
227834,0
227835,0
227836,2
227837,0
227838,2
227839,0
227840,0
227841,1
227842,2
227843,0
227844,1
227845,1
227846,2
227847,1
227848,0
227849,2
227850,2
227851,1
227852,2
227853,0
227854,2
227855,1
227856,2
227857,2
227858,1
227859,1
227860,1
227861,0
227862,2
227863,1
227864,1
227865,2
227866,0
227867,1
227868,2
227869,2
227870,1
227871,1
227872,1
227873,0
227874,2
227875,1
227876,2
227877,2
227878,1
227879,1
227880,2
227881,2
227882,2
227883,2
227884,0
227885,2
227886,1
227887,1
227888,1
227889,2
227890,2
227891,2
227892,2
227893,1
227894,0
227895,2
227896,1
227897,1
227898,0
227899,2
227900,0
227901,1
227902,1
227903,1
227904,1
227905,0
227906,1
227907,0
227908,2
227909,1
227910,0
227911,2
227912,1
227913,1
227914,1
227915,1
227916,0
227917,2
227918,0
227919,1
227920,2
227921,2
227922,2
227923,2
227924,1
227925,2
227926,1
227927,1
227928,0
227929,1
227930,0
227931,2
227932,2
227933,2
227934,1
227935,2
227936,1
227937,0
227938,2
227939,2
227940,2
227941,2
227942,2
227943,1
227944,1
227945,2
227946,2
227947,2
227948,1
227949,2
227950,0
227951,0
227952,2
227953,2
227954,1
227955,1
227956,0
227957,0
227958,0
227959,2
227960,0
227961,1
227962,0
227963,1
227964,1
227965,1
227966,0
227967,0
227968,0
227969,1
227970,1
227971,2
227972,0
227973,2
227974,1
227975,1
227976,0
227977,1
227978,2
227979,0
227980,2
227981,2
227982,1
227983,2
227984,2
227985,1
227986,1
227987,2
227988,1
227989,2
227990,1
227991,0
227992,0
227993,1
227994,2
227995,2
227996,0
227997,0
227998,2
227999,1
228000,0
228001,2
228002,2
228003,1
228004,1
228005,2
228006,1
228007,2
228008,2
228009,2
228010,2
228011,2
228012,2
228013,1
228014,2
228015,1
228016,1
228017,0
228018,2
228019,1
228020,2
228021,2
228022,0
228023,2
228024,0
228025,2
228026,2
228027,1
228028,2
228029,1
228030,1
228031,1
228032,2
228033,1
228034,2
228035,1
228036,1
228037,0
228038,0
228039,0
228040,0
228041,1
228042,0
228043,1
228044,2
228045,2
228046,2
228047,0
228048,0
228049,1
228050,1
228051,2
228052,1
228053,2
228054,2
228055,1
228056,2
228057,1
228058,2
228059,2
228060,2
228061,1
228062,2
228063,1
228064,2
228065,2
228066,1
228067,1
228068,0
228069,2
228070,2
228071,2
228072,0
228073,0
228074,2
228075,1
228076,0
228077,1
228078,2
228079,1
228080,2
228081,0
228082,1
228083,1
228084,2
228085,2
228086,0
228087,0
228088,0
228089,2
228090,0
228091,0
228092,0
228093,0
228094,2
228095,2
228096,0
228097,1
228098,0
228099,2
228100,2
228101,0
228102,1
228103,1
228104,0
228105,1
228106,2
228107,2
228108,2
228109,1
228110,2
228111,1
228112,2
228113,1
228114,2
228115,2
228116,1
228117,0
228118,1
228119,2
228120,1
228121,2
228122,1
228123,1
228124,1
228125,2
228126,1
228127,1
228128,2
228129,1
228130,1
228131,0
228132,0
228133,2
228134,0
228135,0
228136,2
228137,0
228138,2
228139,2
228140,1
228141,2
228142,2
228143,2
228144,1
228145,0
228146,0
228147,0
228148,1
228149,2
228150,0
228151,0
228152,2
228153,1
228154,1
228155,2
228156,0
228157,0
228158,0
228159,2
228160,1
228161,1
228162,1
228163,2
228164,2
228165,2
228166,2
228167,0
228168,2
228169,0
228170,2
228171,0
228172,2
228173,0
228174,2
228175,2
228176,2
228177,1
228178,2
228179,1
228180,0
228181,0
228182,1
228183,2
228184,0
228185,1
228186,1
228187,1
228188,0
228189,2
228190,2
228191,0
228192,0
228193,2
228194,0
228195,1
228196,0
228197,2
228198,1
228199,0
228200,2
228201,0
228202,2
228203,1
228204,1
228205,2
228206,1
228207,0
228208,2
228209,0
228210,1
228211,0
228212,1
228213,2
228214,0
228215,2
228216,0
228217,2
228218,2
228219,2
228220,2
228221,1
228222,0
228223,1
228224,1
228225,1
228226,2
228227,2
228228,1
228229,1
228230,2
228231,2
228232,2
228233,2
228234,1
228235,1
228236,1
228237,1
228238,1
228239,2
228240,0
228241,0
228242,2
228243,2
228244,1
228245,2
228246,1
228247,0
228248,1
228249,0
228250,2
228251,0
228252,1
228253,0
228254,1
228255,0
228256,0
228257,2
228258,2
228259,1
228260,1
228261,2
228262,1
228263,1
228264,0
228265,2
228266,1
228267,2
228268,1
228269,0
228270,2
228271,2
228272,1
228273,2
228274,0
228275,0
228276,1
228277,1
228278,1
228279,1
228280,1
228281,1
228282,2
228283,0
228284,2
228285,2
228286,2
228287,1
228288,1
228289,1
228290,2
228291,2
228292,2
228293,1
228294,1
228295,2
228296,0
228297,1
228298,1
228299,1
228300,0
228301,2
228302,0
228303,2
228304,2
228305,0
228306,0
228307,1
228308,0
228309,2
228310,1
228311,1
228312,1
228313,1
228314,2
228315,1
228316,0
228317,1
228318,2
228319,2
228320,1
228321,2
228322,1
228323,2
228324,2
228325,0
228326,2
228327,0
228328,0
228329,1
228330,0
228331,2
228332,2
228333,1
228334,1
228335,2
228336,1
228337,1
228338,1
228339,2
228340,2
228341,2
228342,1
228343,0
228344,1
228345,2
228346,2
228347,1
228348,1
228349,2
228350,2
228351,1
228352,1
228353,2
228354,2
228355,2
228356,0
228357,2
228358,1
228359,0
228360,2
228361,2
228362,1
228363,0
228364,1
228365,1
228366,1
228367,2
228368,2
228369,2
228370,2
228371,2
228372,0
228373,2
228374,2
228375,1
228376,0
228377,2
228378,2
228379,2
228380,0
228381,2
228382,2
228383,0
228384,0
228385,0
228386,2
228387,2
228388,1
228389,0
228390,2
228391,2
228392,1
228393,2
228394,2
228395,1
228396,0
228397,2
228398,2
228399,2
228400,2
228401,2
228402,1
228403,2
228404,1
228405,2
228406,2
228407,1
228408,1
228409,2
228410,2
228411,2
228412,2
228413,2
228414,2
228415,0
228416,2
228417,1
228418,2
228419,2
228420,1
228421,1
228422,2
228423,2
228424,2
228425,0
228426,2
228427,2
228428,0
228429,1
228430,2
228431,1
228432,0
228433,0
228434,1
228435,1
228436,2
228437,2
228438,2
228439,1
228440,2
228441,2
228442,2
228443,1
228444,2
228445,1
228446,2
228447,2
228448,1
228449,2
228450,1
228451,1
228452,2
228453,2
228454,1
228455,2
228456,2
228457,1
228458,2
228459,0
228460,2
228461,0
228462,2
228463,1
228464,2
228465,2
228466,2
228467,2
228468,1
228469,2
228470,1
228471,0
228472,1
228473,0
228474,0
228475,1
228476,2
228477,2
228478,1
228479,0
228480,2
228481,1
228482,0
228483,2
228484,2
228485,1
228486,0
228487,1
228488,2
228489,2
228490,1
228491,2
228492,1
228493,2
228494,1
228495,2
228496,2
228497,1
228498,2
228499,2
228500,0
228501,1
228502,0
228503,1
228504,1
228505,2
228506,1
228507,2
228508,0
228509,2
228510,2
228511,0
228512,0
228513,2
228514,0
228515,1
228516,1
228517,1
228518,2
228519,0
228520,1
228521,1
228522,0
228523,0
228524,1
228525,2
228526,0
228527,1
228528,2
228529,0
228530,1
228531,2
228532,0
228533,1
228534,2
228535,2
228536,2
228537,0
228538,1
228539,2
228540,1
228541,2
228542,2
228543,1
228544,2
228545,2
228546,0
228547,2
228548,1
228549,2
228550,1
228551,1
228552,2
228553,2
228554,0
228555,1
228556,1
228557,2
228558,1
228559,1
228560,2
228561,0
228562,1
228563,1
228564,1
228565,0
228566,1
228567,2
228568,2
228569,0
228570,2
228571,2
228572,2
228573,2
228574,1
228575,2
228576,2
228577,1
228578,1
228579,0
228580,0
228581,0
228582,1
228583,2
228584,1
228585,0
228586,0
228587,2
228588,1
228589,1
228590,0
228591,0
228592,2
228593,1
228594,2
228595,0
228596,2
228597,0
228598,0
228599,1
228600,2
228601,2
228602,0
228603,1
228604,1
228605,1
228606,2
228607,1
228608,2
228609,1
228610,1
228611,1
228612,2
228613,0
228614,2
228615,0
228616,2
228617,0
228618,2
228619,2
228620,1
228621,1
228622,1
228623,0
228624,1
228625,1
228626,0
228627,2
228628,2
228629,2
228630,2
228631,0
228632,2
228633,1
228634,2
228635,1
228636,2
228637,2
228638,0
228639,1
228640,2
228641,1
228642,2
228643,1
228644,2
228645,1
228646,0
228647,0
228648,1
228649,0
228650,2
228651,2
228652,1
228653,2
228654,1
228655,2
228656,0
228657,1
228658,1
228659,2
228660,0
228661,2
228662,1
228663,1
228664,2
228665,0
228666,2
228667,1
228668,1
228669,0
228670,2
228671,2
228672,2
228673,1
228674,1
228675,1
228676,1
228677,2
228678,1
228679,1
228680,1
228681,1
228682,0
228683,1
228684,2
228685,0
228686,2
228687,1
228688,0
228689,2
228690,1
228691,2
228692,0
228693,2
228694,0
228695,2
228696,1
228697,2
228698,2
228699,1
228700,0
228701,1
228702,2
228703,2
228704,2
228705,1
228706,1
228707,2
228708,1
228709,0
228710,2
228711,2
228712,0
228713,2
228714,0
228715,1
228716,2
228717,2
228718,1
228719,0
228720,2
228721,1
228722,2
228723,1
228724,1
228725,1
228726,2
228727,0
228728,1
228729,1
228730,1
228731,0
228732,1
228733,0
228734,1
228735,0
228736,0
228737,0
228738,2
228739,1
228740,1
228741,2
228742,0
228743,2
228744,1
228745,2
228746,2
228747,1
228748,2
228749,0
228750,2
228751,2
228752,2
228753,0
228754,2
228755,1
228756,2
228757,0
228758,0
228759,1
228760,2
228761,1
228762,1
228763,2
228764,1
228765,0
228766,1
228767,1
228768,2
228769,1
228770,1
228771,2
228772,1
228773,2
228774,0
228775,1
228776,1
228777,1
228778,2
228779,1
228780,1
228781,2
228782,2
228783,2
228784,1
228785,2
228786,0
228787,0
228788,1
228789,2
228790,1
228791,2
228792,2
228793,2
228794,2
228795,0
228796,0
228797,1
228798,2
228799,0
228800,1
228801,1
228802,2
228803,0
228804,1
228805,1
228806,1
228807,0
228808,2
228809,0
228810,1
228811,1
228812,2
228813,1
228814,1
228815,0
228816,2
228817,0
228818,1
228819,2
228820,1
228821,2
228822,1
228823,0
228824,2
228825,2
228826,2
228827,1
228828,2
228829,1
228830,1
228831,0
228832,2
228833,2
228834,0
228835,2
228836,2
228837,1
228838,1
228839,1
228840,2
228841,1
228842,2
228843,0
228844,2
228845,2
228846,1
228847,2
228848,2
228849,2
228850,2
228851,2
228852,1
228853,2
228854,2
228855,1
228856,0
228857,2
228858,0
228859,1
228860,1
228861,1
228862,1
228863,2
228864,0
228865,2
228866,0
228867,1
228868,0
228869,0
228870,1
228871,1
228872,2
228873,0
228874,2
228875,1
228876,0
228877,2
228878,2
228879,2
228880,0
228881,0
228882,1
228883,1
228884,2
228885,1
228886,2
228887,1
228888,2
228889,1
228890,1
228891,1
228892,2
228893,1
228894,0
228895,1
228896,2
228897,0
228898,1
228899,0
228900,2
228901,1
228902,1
228903,0
228904,1
228905,0
228906,2
228907,1
228908,2
228909,2
228910,1
228911,0
228912,1
228913,2
228914,1
228915,2
228916,1
228917,0
228918,2
228919,0
228920,1
228921,0
228922,2
228923,2
228924,2
228925,1
228926,2
228927,0
228928,2
228929,2
228930,2
228931,1
228932,0
228933,0
228934,2
228935,1
228936,0
228937,1
228938,1
228939,0
228940,2
228941,0
228942,2
228943,2
228944,0
228945,0
228946,1
228947,1
228948,2
228949,2
228950,1
228951,1
228952,2
228953,2
228954,2
228955,2
228956,1
228957,1
228958,2
228959,1
228960,1
228961,1
228962,1
228963,1
228964,2
228965,1
228966,2
228967,2
228968,0
228969,0
228970,1
228971,2
228972,2
228973,1
228974,0
228975,0
228976,1
228977,0
228978,2
228979,0
228980,2
228981,1
228982,0
228983,2
228984,2
228985,1
228986,2
228987,1
228988,1
228989,2
228990,2
228991,0
228992,0
228993,1
228994,1
228995,0
228996,0
228997,0
228998,2
228999,2
229000,2
229001,0
229002,2
229003,1
229004,1
229005,2
229006,2
229007,0
229008,2
229009,1
229010,0
229011,1
229012,1
229013,2
229014,2
229015,1
229016,2
229017,1
229018,2
229019,2
229020,0
229021,2
229022,1
229023,1
229024,2
229025,1
229026,0
229027,2
229028,1
229029,1
229030,0
229031,2
229032,1
229033,2
229034,0
229035,2
229036,1
229037,0
229038,1
229039,2
229040,1
229041,2
229042,2
229043,2
229044,2
229045,2
229046,1
229047,2
229048,1
229049,0
229050,1
229051,2
229052,1
229053,0
229054,1
229055,2
229056,1
229057,2
229058,1
229059,1
229060,2
229061,2
229062,1
229063,1
229064,1
229065,2
229066,1
229067,2
229068,1
229069,0
229070,1
229071,1
229072,1
229073,1
229074,2
229075,1
229076,1
229077,1
229078,2
229079,0
229080,0
229081,0
229082,2
229083,1
229084,0
229085,0
229086,1
229087,2
229088,1
229089,2
229090,2
229091,2
229092,1
229093,2
229094,0
229095,2
229096,2
229097,1
229098,1
229099,0
229100,1
229101,2
229102,2
229103,1
229104,2
229105,1
229106,1
229107,1
229108,1
229109,1
229110,0
229111,1
229112,2
229113,1
229114,0
229115,0
229116,0
229117,1
229118,1
229119,2
229120,1
229121,2
229122,1
229123,2
229124,2
229125,2
229126,0
229127,1
229128,1
229129,2
229130,1
229131,0
229132,0
229133,2
229134,1
229135,0
229136,2
229137,0
229138,1
229139,2
229140,2
229141,1
229142,2
229143,2
229144,2
229145,2
229146,2
229147,2
229148,2
229149,0
229150,1
229151,2
229152,2
229153,1
229154,2
229155,2
229156,2
229157,1
229158,2
229159,2
229160,2
229161,2
229162,2
229163,2
229164,2
229165,2
229166,2
229167,1
229168,2
229169,1
229170,0
229171,1
229172,1
229173,0
229174,2
229175,1
229176,0
229177,0
229178,2
229179,2
229180,2
229181,1
229182,2
229183,0
229184,1
229185,0
229186,1
229187,2
229188,2
229189,2
229190,2
229191,2
229192,2
229193,1
229194,0
229195,2
229196,1
229197,2
229198,2
229199,1
229200,2
229201,1
229202,2
229203,2
229204,1
229205,0
229206,2
229207,1
229208,2
229209,2
229210,0
229211,2
229212,1
229213,2
229214,1
229215,1
229216,2
229217,1
229218,1
229219,0
229220,2
229221,1
229222,0
229223,1
229224,2
229225,1
229226,1
229227,1
229228,2
229229,0
229230,2
229231,1
229232,1
229233,1
229234,0
229235,1
229236,0
229237,0
229238,2
229239,1
229240,2
229241,2
229242,1
229243,2
229244,1
229245,1
229246,2
229247,2
229248,1
229249,1
229250,1
229251,1
229252,1
229253,2
229254,2
229255,1
229256,2
229257,2
229258,1
229259,0
229260,2
229261,1
229262,1
229263,2
229264,1
229265,2
229266,0
229267,1
229268,0
229269,1
229270,1
229271,0
229272,1
229273,1
229274,1
229275,1
229276,1
229277,1
229278,1
229279,1
229280,1
229281,2
229282,0
229283,2
229284,0
229285,1
229286,2
229287,1
229288,1
229289,1
229290,1
229291,2
229292,1
229293,2
229294,2
229295,2
229296,2
229297,1
229298,0
229299,0
229300,2
229301,1
229302,1
229303,1
229304,1
229305,2
229306,2
229307,2
229308,0
229309,0
229310,1
229311,2
229312,2
229313,2
229314,1
229315,1
229316,2
229317,2
229318,1
229319,2
229320,1
229321,2
229322,2
229323,1
229324,1
229325,0
229326,1
229327,2
229328,1
229329,2
229330,2
229331,2
229332,1
229333,2
229334,1
229335,2
229336,0
229337,2
229338,2
229339,2
229340,2
229341,1
229342,1
229343,2
229344,2
229345,2
229346,2
229347,1
229348,1
229349,1
229350,0
229351,2
229352,0
229353,2
229354,1
229355,2
229356,2
229357,1
229358,0
229359,0
229360,1
229361,2
229362,2
229363,2
229364,0
229365,1
229366,1
229367,1
229368,1
229369,2
229370,1
229371,2
229372,1
229373,1
229374,2
229375,1
229376,1
229377,2
229378,1
229379,1
229380,1
229381,0
229382,2
229383,1
229384,1
229385,2
229386,2
229387,1
229388,2
229389,2
229390,2
229391,2
229392,2
229393,1
229394,2
229395,0
229396,1
229397,1
229398,1
229399,1
229400,0
229401,1
229402,1
229403,0
229404,0
229405,0
229406,1
229407,2
229408,2
229409,2
229410,2
229411,1
229412,2
229413,0
229414,2
229415,2
229416,1
229417,1
229418,1
229419,0
229420,2
229421,1
229422,2
229423,2
229424,1
229425,1
229426,2
229427,2
229428,0
229429,2
229430,1
229431,2
229432,2
229433,2
229434,2
229435,0
229436,2
229437,1
229438,1
229439,2
229440,2
229441,1
229442,1
229443,1
229444,2
229445,0
229446,1
229447,2
229448,0
229449,1
229450,0
229451,2
229452,0
229453,0
229454,1
229455,2
229456,2
229457,0
229458,1
229459,2
229460,1
229461,0
229462,0
229463,2
229464,2
229465,1
229466,1
229467,2
229468,1
229469,1
229470,1
229471,0
229472,1
229473,0
229474,2
229475,2
229476,2
229477,1
229478,2
229479,1
229480,2
229481,2
229482,2
229483,1
229484,2
229485,1
229486,1
229487,0
229488,1
229489,2
229490,1
229491,1
229492,2
229493,0
229494,1
229495,1
229496,1
229497,1
229498,2
229499,1
229500,1
229501,1
229502,2
229503,1
229504,1
229505,2
229506,2
229507,2
229508,2
229509,2
229510,2
229511,1
229512,2
229513,2
229514,2
229515,1
229516,1
229517,2
229518,2
229519,1
229520,1
229521,2
229522,0
229523,1
229524,2
229525,2
229526,1
229527,2
229528,2
229529,1
229530,2
229531,1
229532,1
229533,2
229534,2
229535,1
229536,0
229537,1
229538,0
229539,2
229540,1
229541,0
229542,1
229543,2
229544,2
229545,1
229546,1
229547,0
229548,0
229549,2
229550,1
229551,0
229552,2
229553,1
229554,0
229555,2
229556,0
229557,2
229558,1
229559,2
229560,2
229561,2
229562,0
229563,2
229564,0
229565,2
229566,2
229567,1
229568,2
229569,0
229570,1
229571,2
229572,2
229573,2
229574,0
229575,1
229576,2
229577,1
229578,0
229579,2
229580,0
229581,2
229582,2
229583,2
229584,1
229585,2
229586,1
229587,2
229588,2
229589,2
229590,0
229591,2
229592,2
229593,0
229594,2
229595,1
229596,1
229597,0
229598,1
229599,1
229600,2
229601,2
229602,2
229603,1
229604,0
229605,2
229606,1
229607,1
229608,0
229609,2
229610,1
229611,1
229612,0
229613,0
229614,1
229615,2
229616,1
229617,2
229618,0
229619,0
229620,1
229621,1
229622,1
229623,1
229624,0
229625,2
229626,1
229627,2
229628,1
229629,1
229630,1
229631,0
229632,1
229633,2
229634,1
229635,1
229636,2
229637,2
229638,1
229639,2
229640,2
229641,1
229642,1
229643,2
229644,1
229645,2
229646,1
229647,1
229648,0
229649,0
229650,2
229651,1
229652,2
229653,2
229654,2
229655,1
229656,1
229657,1
229658,2
229659,2
229660,1
229661,1
229662,2
229663,1
229664,2
229665,0
229666,1
229667,1
229668,2
229669,2
229670,1
229671,2
229672,1
229673,2
229674,0
229675,2
229676,2
229677,0
229678,1
229679,1
229680,1
229681,2
229682,0
229683,0
229684,0
229685,1
229686,1
229687,2
229688,0
229689,2
229690,2
229691,2
229692,1
229693,1
229694,1
229695,1
229696,2
229697,2
229698,0
229699,2
229700,0
229701,0
229702,2
229703,2
229704,1
229705,2
229706,2
229707,2
229708,2
229709,2
229710,1
229711,2
229712,1
229713,2
229714,0
229715,2
229716,0
229717,1
229718,0
229719,1
229720,0
229721,1
229722,1
229723,0
229724,0
229725,0
229726,0
229727,2
229728,2
229729,0
229730,1
229731,1
229732,2
229733,1
229734,1
229735,1
229736,1
229737,1
229738,1
229739,1
229740,1
229741,2
229742,0
229743,2
229744,1
229745,1
229746,2
229747,1
229748,0
229749,1
229750,1
229751,2
229752,1
229753,0
229754,2
229755,2
229756,2
229757,1
229758,2
229759,2
229760,2
229761,2
229762,1
229763,1
229764,0
229765,2
229766,1
229767,1
229768,1
229769,1
229770,2
229771,2
229772,1
229773,0
229774,1
229775,1
229776,2
229777,0
229778,0
229779,1
229780,1
229781,2
229782,1
229783,2
229784,0
229785,2
229786,0
229787,1
229788,1
229789,1
229790,2
229791,2
229792,1
229793,2
229794,2
229795,2
229796,1
229797,2
229798,2
229799,0
229800,1
229801,2
229802,2
229803,2
229804,0
229805,2
229806,0
229807,2
229808,2
229809,2
229810,1
229811,2
229812,2
229813,1
229814,2
229815,2
229816,1
229817,0
229818,1
229819,1
229820,2
229821,1
229822,2
229823,1
229824,0
229825,1
229826,1
229827,2
229828,1
229829,2
229830,1
229831,0
229832,2
229833,1
229834,2
229835,0
229836,1
229837,2
229838,1
229839,2
229840,2
229841,1
229842,2
229843,0
229844,1
229845,2
229846,0
229847,2
229848,2
229849,2
229850,2
229851,0
229852,1
229853,1
229854,1
229855,1
229856,2
229857,2
229858,1
229859,1
229860,2
229861,1
229862,2
229863,1
229864,2
229865,2
229866,2
229867,0
229868,1
229869,2
229870,1
229871,2
229872,1
229873,0
229874,1
229875,1
229876,2
229877,1
229878,2
229879,2
229880,0
229881,1
229882,0
229883,1
229884,0
229885,2
229886,2
229887,1
229888,1
229889,2
229890,0
229891,0
229892,2
229893,1
229894,1
229895,1
229896,2
229897,1
229898,1
229899,0
229900,0
229901,1
229902,1
229903,2
229904,1
229905,1
229906,1
229907,1
229908,1
229909,1
229910,1
229911,1
229912,1
229913,2
229914,1
229915,1
229916,1
229917,2
229918,2
229919,1
229920,2
229921,2
229922,2
229923,0
229924,1
229925,1
229926,1
229927,1
229928,2
229929,2
229930,1
229931,1
229932,0
229933,2
229934,1
229935,1
229936,0
229937,0
229938,0
229939,0
229940,0
229941,2
229942,1
229943,1
229944,2
229945,2
229946,0
229947,0
229948,1
229949,0
229950,1
229951,2
229952,1
229953,1
229954,1
229955,2
229956,0
229957,2
229958,2
229959,2
229960,1
229961,1
229962,0
229963,0
229964,2
229965,1
229966,1
229967,1
229968,1
229969,1
229970,1
229971,2
229972,1
229973,0
229974,0
229975,2
229976,1
229977,1
229978,1
229979,1
229980,2
229981,2
229982,2
229983,1
229984,1
229985,2
229986,1
229987,0
229988,2
229989,0
229990,2
229991,2
229992,1
229993,2
229994,0
229995,1
229996,2
229997,2
229998,2
229999,2
230000,1
230001,2
230002,2
230003,1
230004,1
230005,1
230006,2
230007,2
230008,0
230009,2
230010,1
230011,1
230012,2
230013,2
230014,2
230015,1
230016,0
230017,2
230018,0
230019,0
230020,0
230021,1
230022,1
230023,1
230024,1
230025,2
230026,1
230027,0
230028,2
230029,1
230030,2
230031,2
230032,1
230033,2
230034,2
230035,2
230036,1
230037,2
230038,2
230039,1
230040,0
230041,1
230042,2
230043,0
230044,1
230045,0
230046,1
230047,1
230048,0
230049,0
230050,0
230051,1
230052,2
230053,2
230054,0
230055,1
230056,2
230057,2
230058,2
230059,2
230060,1
230061,0
230062,1
230063,2
230064,2
230065,2
230066,1
230067,1
230068,0
230069,2
230070,0
230071,0
230072,1
230073,1
230074,2
230075,1
230076,0
230077,2
230078,1
230079,0
230080,1
230081,0
230082,1
230083,1
230084,0
230085,2
230086,1
230087,2
230088,1
230089,2
230090,2
230091,1
230092,1
230093,2
230094,0
230095,1
230096,0
230097,2
230098,1
230099,1
230100,0
230101,1
230102,2
230103,1
230104,2
230105,1
230106,2
230107,2
230108,1
230109,0
230110,2
230111,1
230112,2
230113,2
230114,2
230115,2
230116,2
230117,2
230118,2
230119,1
230120,1
230121,1
230122,0
230123,2
230124,0
230125,1
230126,0
230127,1
230128,1
230129,0
230130,2
230131,1
230132,0
230133,1
230134,1
230135,1
230136,1
230137,2
230138,1
230139,0
230140,2
230141,2
230142,1
230143,1
230144,2
230145,2
230146,1
230147,2
230148,2
230149,0
230150,2
230151,2
230152,1
230153,1
230154,1
230155,0
230156,1
230157,2
230158,0
230159,1
230160,1
230161,1
230162,2
230163,1
230164,1
230165,0
230166,0
230167,1
230168,1
230169,2
230170,1
230171,1
230172,0
230173,2
230174,1
230175,0
230176,2
230177,2
230178,0
230179,0
230180,1
230181,0
230182,2
230183,0
230184,2
230185,0
230186,2
230187,2
230188,0
230189,1
230190,2
230191,0
230192,0
230193,2
230194,1
230195,2
230196,1
230197,0
230198,1
230199,2
230200,2
230201,2
230202,1
230203,0
230204,0
230205,1
230206,1
230207,0
230208,0
230209,2
230210,0
230211,0
230212,0
230213,1
230214,2
230215,1
230216,2
230217,2
230218,2
230219,1
230220,2
230221,1
230222,2
230223,0
230224,0
230225,2
230226,1
230227,1
230228,2
230229,0
230230,0
230231,0
230232,1
230233,1
230234,2
230235,2
230236,1
230237,2
230238,1
230239,0
230240,0
230241,0
230242,0
230243,2
230244,1
230245,0
230246,1
230247,1
230248,2
230249,2
230250,0
230251,2
230252,2
230253,2
230254,1
230255,2
230256,2
230257,2
230258,0
230259,1
230260,2
230261,1
230262,1
230263,1
230264,2
230265,1
230266,1
230267,0
230268,1
230269,1
230270,2
230271,0
230272,1
230273,1
230274,1
230275,1
230276,1
230277,2
230278,2
230279,1
230280,0
230281,0
230282,2
230283,0
230284,2
230285,1
230286,1
230287,2
230288,1
230289,1
230290,2
230291,0
230292,1
230293,0
230294,1
230295,1
230296,2
230297,2
230298,0
230299,0
230300,2
230301,1
230302,0
230303,0
230304,2
230305,0
230306,0
230307,1
230308,1
230309,1
230310,1
230311,2
230312,1
230313,0
230314,1
230315,1
230316,2
230317,1
230318,2
230319,1
230320,2
230321,2
230322,1
230323,0
230324,1
230325,1
230326,1
230327,1
230328,1
230329,2
230330,1
230331,2
230332,2
230333,2
230334,2
230335,0
230336,1
230337,0
230338,2
230339,2
230340,1
230341,1
230342,0
230343,1
230344,0
230345,1
230346,2
230347,0
230348,0
230349,2
230350,1
230351,1
230352,1
230353,2
230354,1
230355,0
230356,1
230357,1
230358,1
230359,1
230360,1
230361,1
230362,2
230363,0
230364,2
230365,1
230366,0
230367,2
230368,2
230369,2
230370,0
230371,0
230372,2
230373,0
230374,1
230375,1
230376,0
230377,1
230378,1
230379,2
230380,2
230381,2
230382,2
230383,1
230384,2
230385,1
230386,0
230387,1
230388,0
230389,1
230390,1
230391,1
230392,1
230393,2
230394,2
230395,0
230396,1
230397,2
230398,2
230399,0
230400,2
230401,0
230402,0
230403,2
230404,0
230405,2
230406,0
230407,2
230408,0
230409,2
230410,2
230411,1
230412,1
230413,1
230414,2
230415,2
230416,0
230417,2
230418,1
230419,0
230420,0
230421,2
230422,1
230423,2
230424,0
230425,1
230426,0
230427,2
230428,2
230429,1
230430,0
230431,0
230432,0
230433,1
230434,2
230435,2
230436,2
230437,2
230438,0
230439,0
230440,1
230441,2
230442,1
230443,1
230444,2
230445,2
230446,1
230447,2
230448,2
230449,2
230450,1
230451,1
230452,0
230453,1
230454,2
230455,1
230456,2
230457,1
230458,2
230459,2
230460,2
230461,2
230462,2
230463,1
230464,1
230465,2
230466,2
230467,2
230468,2
230469,1
230470,0
230471,1
230472,0
230473,1
230474,2
230475,2
230476,2
230477,2
230478,2
230479,2
230480,2
230481,2
230482,2
230483,2
230484,2
230485,1
230486,0
230487,0
230488,1
230489,1
230490,2
230491,2
230492,1
230493,1
230494,2
230495,2
230496,0
230497,0
230498,2
230499,2
230500,2
230501,2
230502,0
230503,1
230504,2
230505,1
230506,2
230507,1
230508,2
230509,2
230510,1
230511,0
230512,1
230513,2
230514,1
230515,1
230516,1
230517,2
230518,0
230519,2
230520,2
230521,1
230522,0
230523,0
230524,0
230525,2
230526,1
230527,1
230528,2
230529,1
230530,0
230531,1
230532,1
230533,2
230534,1
230535,0
230536,0
230537,2
230538,2
230539,0
230540,1
230541,0
230542,1
230543,2
230544,1
230545,2
230546,1
230547,2
230548,1
230549,2
230550,2
230551,2
230552,2
230553,0
230554,2
230555,2
230556,1
230557,2
230558,1
230559,2
230560,1
230561,0
230562,1
230563,1
230564,2
230565,2
230566,0
230567,1
230568,1
230569,2
230570,1
230571,2
230572,1
230573,2
230574,1
230575,2
230576,1
230577,2
230578,0
230579,1
230580,0
230581,1
230582,2
230583,2
230584,2
230585,2
230586,1
230587,1
230588,2
230589,0
230590,1
230591,0
230592,1
230593,0
230594,2
230595,1
230596,1
230597,1
230598,1
230599,1
230600,2
230601,1
230602,0
230603,2
230604,2
230605,2
230606,1
230607,2
230608,2
230609,1
230610,0
230611,2
230612,2
230613,2
230614,1
230615,1
230616,2
230617,1
230618,0
230619,2
230620,2
230621,1
230622,0
230623,2
230624,1
230625,0
230626,1
230627,2
230628,2
230629,2
230630,2
230631,2
230632,2
230633,1
230634,2
230635,0
230636,1
230637,2
230638,2
230639,2
230640,2
230641,0
230642,0
230643,0
230644,2
230645,2
230646,0
230647,2
230648,2
230649,2
230650,1
230651,1
230652,2
230653,2
230654,1
230655,0
230656,1
230657,2
230658,0
230659,0
230660,2
230661,0
230662,1
230663,1
230664,2
230665,1
230666,2
230667,2
230668,2
230669,1
230670,1
230671,2
230672,1
230673,1
230674,1
230675,1
230676,1
230677,1
230678,2
230679,1
230680,1
230681,2
230682,1
230683,2
230684,2
230685,2
230686,0
230687,0
230688,0
230689,0
230690,0
230691,1
230692,0
230693,2
230694,2
230695,2
230696,0
230697,0
230698,1
230699,2
230700,1
230701,1
230702,2
230703,2
230704,1
230705,2
230706,1
230707,1
230708,1
230709,2
230710,1
230711,1
230712,2
230713,2
230714,2
230715,2
230716,2
230717,1
230718,1
230719,2
230720,2
230721,1
230722,1
230723,2
230724,1
230725,1
230726,1
230727,2
230728,1
230729,1
230730,2
230731,0
230732,2
230733,2
230734,2
230735,2
230736,0
230737,2
230738,1
230739,1
230740,1
230741,1
230742,2
230743,2
230744,2
230745,1
230746,2
230747,2
230748,1
230749,2
230750,2
230751,2
230752,1
230753,2
230754,1
230755,1
230756,2
230757,0
230758,1
230759,2
230760,2
230761,2
230762,2
230763,0
230764,0
230765,0
230766,1
230767,2
230768,1
230769,2
230770,0
230771,2
230772,1
230773,0
230774,2
230775,0
230776,1
230777,2
230778,1
230779,1
230780,1
230781,2
230782,0
230783,2
230784,2
230785,2
230786,1
230787,2
230788,1
230789,2
230790,1
230791,1
230792,2
230793,1
230794,2
230795,2
230796,0
230797,1
230798,2
230799,0
230800,1
230801,0
230802,1
230803,2
230804,0
230805,2
230806,1
230807,1
230808,1
230809,0
230810,1
230811,2
230812,2
230813,2
230814,2
230815,1
230816,1
230817,1
230818,1
230819,1
230820,2
230821,1
230822,2
230823,1
230824,2
230825,2
230826,0
230827,0
230828,2
230829,2
230830,1
230831,0
230832,1
230833,2
230834,1
230835,2
230836,2
230837,2
230838,1
230839,1
230840,2
230841,1
230842,1
230843,2
230844,0
230845,2
230846,2
230847,2
230848,1
230849,1
230850,2
230851,0
230852,0
230853,2
230854,2
230855,0
230856,2
230857,2
230858,1
230859,1
230860,2
230861,2
230862,1
230863,0
230864,2
230865,0
230866,1
230867,0
230868,1
230869,1
230870,1
230871,1
230872,0
230873,2
230874,0
230875,2
230876,2
230877,1
230878,2
230879,2
230880,2
230881,1
230882,1
230883,0
230884,2
230885,2
230886,1
230887,2
230888,2
230889,1
230890,2
230891,2
230892,2
230893,0
230894,0
230895,2
230896,0
230897,2
230898,2
230899,1
230900,2
230901,1
230902,1
230903,0
230904,0
230905,1
230906,2
230907,2
230908,0
230909,1
230910,1
230911,2
230912,1
230913,2
230914,1
230915,0
230916,1
230917,2
230918,1
230919,2
230920,2
230921,1
230922,2
230923,0
230924,2
230925,0
230926,2
230927,1
230928,2
230929,2
230930,0
230931,0
230932,1
230933,1
230934,1
230935,2
230936,2
230937,2
230938,2
230939,0
230940,1
230941,1
230942,2
230943,1
230944,1
230945,1
230946,2
230947,1
230948,1
230949,2
230950,0
230951,2
230952,0
230953,2
230954,0
230955,1
230956,1
230957,2
230958,0
230959,2
230960,1
230961,1
230962,0
230963,1
230964,2
230965,1
230966,1
230967,2
230968,1
230969,0
230970,0
230971,1
230972,0
230973,0
230974,2
230975,2
230976,2
230977,0
230978,1
230979,1
230980,0
230981,2
230982,1
230983,1
230984,1
230985,2
230986,0
230987,2
230988,2
230989,1
230990,1
230991,2
230992,2
230993,0
230994,1
230995,0
230996,2
230997,2
230998,0
230999,0
231000,2
231001,2
231002,2
231003,2
231004,2
231005,2
231006,1
231007,1
231008,1
231009,0
231010,1
231011,1
231012,2
231013,1
231014,0
231015,2
231016,0
231017,1
231018,2
231019,1
231020,1
231021,2
231022,1
231023,2
231024,1
231025,0
231026,1
231027,2
231028,0
231029,1
231030,2
231031,1
231032,1
231033,2
231034,2
231035,1
231036,0
231037,0
231038,0
231039,0
231040,1
231041,0
231042,2
231043,1
231044,2
231045,2
231046,2
231047,2
231048,1
231049,2
231050,1
231051,0
231052,2
231053,1
231054,1
231055,0
231056,1
231057,1
231058,2
231059,1
231060,1
231061,0
231062,2
231063,2
231064,2
231065,0
231066,1
231067,1
231068,0
231069,0
231070,0
231071,0
231072,0
231073,1
231074,0
231075,0
231076,2
231077,2
231078,1
231079,2
231080,0
231081,0
231082,2
231083,1
231084,1
231085,2
231086,1
231087,1
231088,1
231089,1
231090,2
231091,0
231092,1
231093,2
231094,2
231095,2
231096,2
231097,2
231098,0
231099,1
231100,0
231101,2
231102,0
231103,1
231104,1
231105,1
231106,1
231107,0
231108,1
231109,1
231110,2
231111,2
231112,1
231113,2
231114,2
231115,1
231116,1
231117,1
231118,2
231119,2
231120,2
231121,2
231122,0
231123,1
231124,2
231125,1
231126,1
231127,0
231128,2
231129,2
231130,1
231131,1
231132,2
231133,0
231134,1
231135,1
231136,2
231137,1
231138,2
231139,2
231140,1
231141,0
231142,1
231143,0
231144,2
231145,0
231146,1
231147,2
231148,1
231149,2
231150,2
231151,1
231152,1
231153,1
231154,1
231155,2
231156,1
231157,1
231158,1
231159,1
231160,1
231161,0
231162,0
231163,0
231164,1
231165,1
231166,0
231167,1
231168,2
231169,2
231170,1
231171,2
231172,0
231173,2
231174,0
231175,2
231176,0
231177,1
231178,0
231179,2
231180,2
231181,2
231182,2
231183,2
231184,1
231185,0
231186,1
231187,2
231188,2
231189,0
231190,0
231191,2
231192,1
231193,2
231194,1
231195,2
231196,1
231197,2
231198,2
231199,1
231200,2
231201,2
231202,2
231203,2
231204,2
231205,2
231206,2
231207,2
231208,1
231209,1
231210,2
231211,1
231212,0
231213,2
231214,1
231215,1
231216,1
231217,1
231218,1
231219,2
231220,2
231221,1
231222,1
231223,2
231224,0
231225,1
231226,2
231227,0
231228,1
231229,2
231230,0
231231,1
231232,1
231233,1
231234,2
231235,1
231236,2
231237,0
231238,1
231239,2
231240,2
231241,1
231242,2
231243,1
231244,2
231245,1
231246,0
231247,1
231248,2
231249,1
231250,2
231251,2
231252,2
231253,2
231254,2
231255,0
231256,1
231257,2
231258,2
231259,1
231260,1
231261,0
231262,2
231263,2
231264,2
231265,2
231266,2
231267,2
231268,2
231269,2
231270,2
231271,2
231272,0
231273,2
231274,2
231275,1
231276,2
231277,2
231278,1
231279,1
231280,1
231281,2
231282,0
231283,2
231284,2
231285,1
231286,1
231287,1
231288,1
231289,0
231290,2
231291,0
231292,1
231293,2
231294,2
231295,2
231296,2
231297,2
231298,2
231299,2
231300,1
231301,1
231302,1
231303,2
231304,1
231305,1
231306,2
231307,1
231308,1
231309,2
231310,2
231311,2
231312,1
231313,2
231314,2
231315,1
231316,1
231317,2
231318,1
231319,1
231320,0
231321,2
231322,1
231323,2
231324,0
231325,1
231326,1
231327,1
231328,2
231329,2
231330,2
231331,0
231332,2
231333,1
231334,2
231335,2
231336,1
231337,0
231338,1
231339,0
231340,0
231341,2
231342,2
231343,2
231344,2
231345,1
231346,2
231347,2
231348,1
231349,1
231350,2
231351,1
231352,1
231353,0
231354,1
231355,2
231356,2
231357,2
231358,1
231359,2
231360,1
231361,1
231362,2
231363,2
231364,0
231365,1
231366,2
231367,2
231368,1
231369,1
231370,0
231371,2
231372,2
231373,0
231374,1
231375,1
231376,2
231377,2
231378,2
231379,0
231380,0
231381,2
231382,1
231383,1
231384,1
231385,2
231386,1
231387,2
231388,0
231389,2
231390,1
231391,2
231392,2
231393,1
231394,1
231395,1
231396,1
231397,1
231398,2
231399,0
231400,1
231401,0
231402,0
231403,0
231404,2
231405,2
231406,2
231407,2
231408,2
231409,1
231410,1
231411,2
231412,2
231413,1
231414,1
231415,2
231416,0
231417,0
231418,0
231419,2
231420,0
231421,2
231422,2
231423,0
231424,1
231425,1
231426,2
231427,1
231428,2
231429,2
231430,1
231431,0
231432,2
231433,2
231434,2
231435,0
231436,0
231437,2
231438,2
231439,1
231440,2
231441,0
231442,0
231443,1
231444,0
231445,2
231446,2
231447,1
231448,2
231449,1
231450,1
231451,1
231452,0
231453,1
231454,2
231455,2
231456,2
231457,2
231458,1
231459,0
231460,2
231461,0
231462,2
231463,1
231464,2
231465,2
231466,1
231467,2
231468,1
231469,0
231470,2
231471,2
231472,0
231473,2
231474,2
231475,1
231476,2
231477,1
231478,0
231479,1
231480,0
231481,2
231482,2
231483,1
231484,0
231485,1
231486,0
231487,2
231488,2
231489,2
231490,2
231491,0
231492,0
231493,2
231494,2
231495,1
231496,2
231497,1
231498,0
231499,2
231500,1
231501,1
231502,0
231503,1
231504,0
231505,2
231506,1
231507,2
231508,2
231509,1
231510,0
231511,1
231512,0
231513,1
231514,0
231515,1
231516,1
231517,2
231518,2
231519,2
231520,0
231521,0
231522,0
231523,0
231524,1
231525,1
231526,0
231527,2
231528,2
231529,2
231530,0
231531,1
231532,1
231533,1
231534,0
231535,2
231536,1
231537,1
231538,1
231539,2
231540,1
231541,1
231542,1
231543,0
231544,2
231545,0
231546,2
231547,1
231548,2
231549,2
231550,2
231551,2
231552,1
231553,0
231554,1
231555,1
231556,2
231557,2
231558,1
231559,2
231560,0
231561,1
231562,2
231563,2
231564,1
231565,2
231566,2
231567,0
231568,0
231569,1
231570,2
231571,1
231572,2
231573,2
231574,2
231575,0
231576,0
231577,2
231578,1
231579,2
231580,2
231581,2
231582,2
231583,2
231584,1
231585,0
231586,2
231587,1
231588,1
231589,0
231590,1
231591,1
231592,0
231593,2
231594,2
231595,2
231596,0
231597,2
231598,2
231599,1
231600,1
231601,1
231602,0
231603,2
231604,2
231605,1
231606,0
231607,1
231608,2
231609,0
231610,0
231611,2
231612,0
231613,0
231614,2
231615,0
231616,2
231617,2
231618,2
231619,2
231620,2
231621,2
231622,1
231623,2
231624,2
231625,0
231626,2
231627,2
231628,0
231629,1
231630,1
231631,0
231632,0
231633,2
231634,2
231635,2
231636,2
231637,1
231638,2
231639,2
231640,2
231641,2
231642,1
231643,0
231644,2
231645,0
231646,2
231647,2
231648,1
231649,1
231650,0
231651,2
231652,2
231653,2
231654,2
231655,2
231656,0
231657,1
231658,1
231659,1
231660,0
231661,2
231662,0
231663,1
231664,2
231665,2
231666,2
231667,2
231668,0
231669,2
231670,2
231671,2
231672,0
231673,2
231674,1
231675,1
231676,2
231677,2
231678,1
231679,0
231680,1
231681,2
231682,0
231683,0
231684,2
231685,2
231686,0
231687,0
231688,1
231689,2
231690,1
231691,1
231692,1
231693,1
231694,2
231695,2
231696,1
231697,2
231698,2
231699,2
231700,2
231701,1
231702,1
231703,2
231704,2
231705,2
231706,0
231707,1
231708,2
231709,2
231710,2
231711,1
231712,2
231713,2
231714,0
231715,0
231716,1
231717,0
231718,2
231719,2
231720,1
231721,2
231722,1
231723,1
231724,1
231725,1
231726,1
231727,0
231728,2
231729,2
231730,1
231731,1
231732,2
231733,2
231734,0
231735,0
231736,1
231737,1
231738,2
231739,0
231740,2
231741,0
231742,1
231743,2
231744,0
231745,2
231746,2
231747,1
231748,1
231749,0
231750,2
231751,2
231752,2
231753,2
231754,0
231755,2
231756,2
231757,2
231758,0
231759,2
231760,1
231761,1
231762,0
231763,1
231764,0
231765,1
231766,1
231767,2
231768,1
231769,2
231770,0
231771,1
231772,2
231773,2
231774,2
231775,2
231776,2
231777,0
231778,1
231779,2
231780,1
231781,2
231782,2
231783,2
231784,1
231785,1
231786,0
231787,2
231788,1
231789,2
231790,1
231791,2
231792,0
231793,2
231794,1
231795,0
231796,2
231797,0
231798,1
231799,2
231800,1
231801,0
231802,0
231803,2
231804,2
231805,2
231806,1
231807,2
231808,1
231809,1
231810,1
231811,2
231812,2
231813,2
231814,2
231815,2
231816,2
231817,2
231818,0
231819,1
231820,1
231821,1
231822,1
231823,1
231824,2
231825,2
231826,1
231827,2
231828,0
231829,2
231830,2
231831,2
231832,2
231833,1
231834,1
231835,0
231836,1
231837,1
231838,1
231839,1
231840,0
231841,2
231842,2
231843,1
231844,0
231845,0
231846,0
231847,1
231848,1
231849,1
231850,2
231851,1
231852,2
231853,2
231854,0
231855,1
231856,2
231857,0
231858,2
231859,1
231860,2
231861,0
231862,2
231863,2
231864,0
231865,0
231866,2
231867,2
231868,2
231869,0
231870,0
231871,1
231872,2
231873,2
231874,2
231875,1
231876,2
231877,1
231878,1
231879,2
231880,0
231881,1
231882,1
231883,1
231884,2
231885,2
231886,1
231887,2
231888,2
231889,1
231890,1
231891,1
231892,1
231893,2
231894,2
231895,1
231896,1
231897,2
231898,2
231899,1
231900,1
231901,2
231902,1
231903,2
231904,2
231905,2
231906,2
231907,1
231908,0
231909,2
231910,0
231911,0
231912,1
231913,2
231914,2
231915,0
231916,1
231917,2
231918,1
231919,0
231920,0
231921,0
231922,1
231923,2
231924,1
231925,2
231926,2
231927,2
231928,2
231929,2
231930,2
231931,0
231932,1
231933,2
231934,2
231935,0
231936,2
231937,0
231938,2
231939,1
231940,1
231941,2
231942,2
231943,1
231944,1
231945,2
231946,2
231947,1
231948,2
231949,1
231950,1
231951,0
231952,2
231953,2
231954,0
231955,2
231956,1
231957,1
231958,2
231959,2
231960,2
231961,2
231962,2
231963,0
231964,1
231965,1
231966,2
231967,1
231968,2
231969,2
231970,0
231971,1
231972,1
231973,1
231974,0
231975,2
231976,0
231977,2
231978,0
231979,1
231980,1
231981,1
231982,2
231983,1
231984,2
231985,2
231986,2
231987,2
231988,1
231989,0
231990,0
231991,2
231992,1
231993,1
231994,2
231995,2
231996,2
231997,1
231998,1
231999,2
232000,2
232001,2
232002,1
232003,1
232004,2
232005,0
232006,1
232007,2
232008,0
232009,1
232010,0
232011,1
232012,2
232013,2
232014,1
232015,0
232016,2
232017,2
232018,2
232019,2
232020,2
232021,2
232022,0
232023,1
232024,1
232025,2
232026,1
232027,0
232028,1
232029,0
232030,0
232031,1
232032,2
232033,2
232034,1
232035,0
232036,1
232037,2
232038,2
232039,0
232040,1
232041,2
232042,1
232043,0
232044,1
232045,1
232046,1
232047,1
232048,0
232049,0
232050,2
232051,1
232052,1
232053,0
232054,1
232055,2
232056,2
232057,2
232058,1
232059,1
232060,1
232061,1
232062,2
232063,2
232064,2
232065,0
232066,1
232067,2
232068,1
232069,2
232070,2
232071,2
232072,1
232073,2
232074,2
232075,2
232076,0
232077,2
232078,2
232079,1
232080,0
232081,2
232082,0
232083,2
232084,0
232085,1
232086,2
232087,1
232088,2
232089,1
232090,2
232091,1
232092,2
232093,1
232094,2
232095,2
232096,2
232097,1
232098,2
232099,2
232100,2
232101,2
232102,1
232103,0
232104,2
232105,1
232106,2
232107,1
232108,0
232109,1
232110,0
232111,2
232112,0
232113,1
232114,2
232115,2
232116,2
232117,0
232118,1
232119,0
232120,0
232121,2
232122,1
232123,1
232124,1
232125,2
232126,2
232127,2
232128,2
232129,0
232130,0
232131,2
232132,1
232133,2
232134,2
232135,0
232136,2
232137,1
232138,1
232139,2
232140,0
232141,1
232142,1
232143,2
232144,0
232145,2
232146,1
232147,1
232148,2
232149,1
232150,2
232151,2
232152,1
232153,2
232154,2
232155,1
232156,0
232157,2
232158,2
232159,1
232160,2
232161,2
232162,0
232163,2
232164,0
232165,0
232166,0
232167,0
232168,1
232169,1
232170,1
232171,2
232172,2
232173,0
232174,1
232175,1
232176,2
232177,1
232178,0
232179,1
232180,0
232181,0
232182,0
232183,0
232184,1
232185,2
232186,2
232187,1
232188,1
232189,1
232190,2
232191,2
232192,2
232193,1
232194,2
232195,0
232196,2
232197,2
232198,2
232199,0
232200,2
232201,2
232202,0
232203,1
232204,2
232205,1
232206,2
232207,0
232208,2
232209,0
232210,1
232211,2
232212,2
232213,0
232214,1
232215,1
232216,1
232217,1
232218,0
232219,2
232220,2
232221,1
232222,2
232223,0
232224,2
232225,2
232226,2
232227,1
232228,1
232229,1
232230,0
232231,1
232232,0
232233,0
232234,1
232235,1
232236,0
232237,1
232238,0
232239,1
232240,2
232241,0
232242,1
232243,1
232244,2
232245,0
232246,2
232247,2
232248,1
232249,1
232250,2
232251,2
232252,1
232253,2
232254,2
232255,2
232256,2
232257,1
232258,2
232259,2
232260,1
232261,0
232262,1
232263,1
232264,2
232265,1
232266,2
232267,2
232268,2
232269,1
232270,1
232271,1
232272,0
232273,2
232274,2
232275,0
232276,1
232277,0
232278,0
232279,2
232280,0
232281,0
232282,2
232283,2
232284,1
232285,0
232286,1
232287,2
232288,0
232289,1
232290,0
232291,2
232292,1
232293,0
232294,2
232295,2
232296,2
232297,1
232298,2
232299,1
232300,1
232301,1
232302,0
232303,2
232304,2
232305,1
232306,1
232307,2
232308,0
232309,0
232310,2
232311,2
232312,1
232313,0
232314,1
232315,2
232316,2
232317,1
232318,2
232319,2
232320,0
232321,2
232322,0
232323,2
232324,1
232325,0
232326,1
232327,2
232328,1
232329,2
232330,2
232331,0
232332,1
232333,0
232334,2
232335,0
232336,1
232337,0
232338,2
232339,2
232340,2
232341,2
232342,1
232343,1
232344,1
232345,1
232346,1
232347,1
232348,2
232349,1
232350,1
232351,0
232352,1
232353,1
232354,2
232355,1
232356,2
232357,2
232358,2
232359,2
232360,2
232361,1
232362,2
232363,1
232364,1
232365,0
232366,1
232367,2
232368,1
232369,1
232370,2
232371,2
232372,2
232373,0
232374,1
232375,2
232376,1
232377,0
232378,2
232379,0
232380,0
232381,0
232382,1
232383,0
232384,2
232385,1
232386,2
232387,1
232388,2
232389,0
232390,2
232391,2
232392,2
232393,0
232394,2
232395,1
232396,1
232397,1
232398,1
232399,0
232400,2
232401,1
232402,2
232403,0
232404,1
232405,2
232406,1
232407,1
232408,2
232409,2
232410,2
232411,2
232412,0
232413,2
232414,1
232415,2
232416,1
232417,0
232418,1
232419,2
232420,2
232421,0
232422,2
232423,2
232424,1
232425,1
232426,0
232427,2
232428,0
232429,0
232430,0
232431,0
232432,1
232433,2
232434,1
232435,0
232436,0
232437,0
232438,1
232439,1
232440,2
232441,0
232442,2
232443,1
232444,2
232445,0
232446,2
232447,2
232448,2
232449,2
232450,1
232451,2
232452,1
232453,1
232454,2
232455,2
232456,2
232457,2
232458,0
232459,0
232460,1
232461,1
232462,2
232463,1
232464,0
232465,1
232466,2
232467,2
232468,1
232469,1
232470,1
232471,2
232472,1
232473,1
232474,2
232475,2
232476,1
232477,1
232478,1
232479,2
232480,0
232481,0
232482,2
232483,2
232484,0
232485,2
232486,2
232487,0
232488,2
232489,0
232490,2
232491,2
232492,1
232493,1
232494,1
232495,0
232496,2
232497,2
232498,2
232499,2
232500,2
232501,0
232502,0
232503,0
232504,1
232505,2
232506,0
232507,0
232508,1
232509,1
232510,2
232511,1
232512,1
232513,1
232514,0
232515,1
232516,2
232517,0
232518,1
232519,1
232520,2
232521,0
232522,2
232523,1
232524,0
232525,1
232526,0
232527,2
232528,1
232529,1
232530,1
232531,2
232532,1
232533,1
232534,0
232535,2
232536,2
232537,2
232538,0
232539,1
232540,0
232541,1
232542,1
232543,0
232544,0
232545,2
232546,1
232547,1
232548,2
232549,0
232550,2
232551,2
232552,0
232553,0
232554,1
232555,2
232556,2
232557,1
232558,1
232559,1
232560,1
232561,0
232562,2
232563,2
232564,2
232565,2
232566,2
232567,1
232568,0
232569,2
232570,1
232571,2
232572,2
232573,1
232574,1
232575,2
232576,1
232577,1
232578,2
232579,2
232580,0
232581,2
232582,1
232583,2
232584,1
232585,1
232586,0
232587,0
232588,1
232589,0
232590,2
232591,2
232592,1
232593,1
232594,2
232595,1
232596,2
232597,2
232598,1
232599,0
232600,2
232601,2
232602,1
232603,1
232604,1
232605,0
232606,1
232607,0
232608,2
232609,0
232610,0
232611,2
232612,2
232613,0
232614,0
232615,1
232616,2
232617,2
232618,2
232619,2
232620,0
232621,2
232622,0
232623,0
232624,2
232625,0
232626,2
232627,1
232628,0
232629,1
232630,1
232631,1
232632,2
232633,1
232634,2
232635,2
232636,2
232637,0
232638,1
232639,2
232640,1
232641,1
232642,0
232643,0
232644,0
232645,2
232646,1
232647,0
232648,1
232649,0
232650,0
232651,2
232652,2
232653,0
232654,1
232655,1
232656,0
232657,1
232658,1
232659,0
232660,0
232661,2
232662,1
232663,0
232664,0
232665,2
232666,2
232667,2
232668,2
232669,1
232670,0
232671,1
232672,1
232673,1
232674,2
232675,2
232676,1
232677,1
232678,1
232679,2
232680,2
232681,1
232682,2
232683,1
232684,0
232685,1
232686,1
232687,2
232688,1
232689,2
232690,0
232691,1
232692,2
232693,2
232694,1
232695,2
232696,1
232697,0
232698,1
232699,1
232700,1
232701,2
232702,2
232703,1
232704,1
232705,1
232706,1
232707,1
232708,1
232709,0
232710,1
232711,2
232712,2
232713,1
232714,1
232715,2
232716,2
232717,0
232718,2
232719,0
232720,1
232721,2
232722,2
232723,1
232724,2
232725,2
232726,0
232727,2
232728,2
232729,1
232730,1
232731,1
232732,2
232733,0
232734,0
232735,2
232736,2
232737,0
232738,1
232739,1
232740,0
232741,1
232742,1
232743,0
232744,2
232745,2
232746,2
232747,2
232748,2
232749,2
232750,2
232751,1
232752,0
232753,1
232754,2
232755,0
232756,0
232757,1
232758,2
232759,0
232760,2
232761,1
232762,1
232763,0
232764,0
232765,2
232766,1
232767,0
232768,2
232769,1
232770,1
232771,2
232772,1
232773,2
232774,1
232775,2
232776,2
232777,0
232778,1
232779,2
232780,1
232781,1
232782,2
232783,1
232784,2
232785,2
232786,1
232787,0
232788,1
232789,0
232790,1
232791,2
232792,2
232793,0
232794,2
232795,2
232796,2
232797,2
232798,1
232799,2
232800,1
232801,2
232802,2
232803,2
232804,2
232805,1
232806,0
232807,2
232808,2
232809,0
232810,1
232811,2
232812,2
232813,2
232814,1
232815,2
232816,2
232817,1
232818,2
232819,1
232820,2
232821,0
232822,0
232823,1
232824,0
232825,2
232826,0
232827,2
232828,1
232829,2
232830,0
232831,2
232832,2
232833,2
232834,2
232835,0
232836,0
232837,2
232838,2
232839,1
232840,1
232841,1
232842,2
232843,2
232844,0
232845,1
232846,1
232847,1
232848,1
232849,2
232850,1
232851,2
232852,2
232853,2
232854,1
232855,1
232856,1
232857,1
232858,1
232859,2
232860,0
232861,2
232862,2
232863,1
232864,2
232865,1
232866,2
232867,2
232868,1
232869,1
232870,0
232871,1
232872,1
232873,2
232874,2
232875,1
232876,2
232877,0
232878,1
232879,1
232880,1
232881,2
232882,2
232883,1
232884,2
232885,2
232886,1
232887,1
232888,0
232889,1
232890,2
232891,0
232892,0
232893,2
232894,1
232895,2
232896,0
232897,2
232898,1
232899,1
232900,0
232901,2
232902,1
232903,0
232904,0
232905,0
232906,2
232907,1
232908,0
232909,1
232910,2
232911,2
232912,1
232913,1
232914,1
232915,1
232916,1
232917,2
232918,2
232919,1
232920,2
232921,1
232922,2
232923,2
232924,2
232925,1
232926,1
232927,1
232928,1
232929,2
232930,2
232931,1
232932,1
232933,0
232934,2
232935,1
232936,1
232937,2
232938,0
232939,1
232940,1
232941,2
232942,2
232943,2
232944,2
232945,1
232946,2
232947,0
232948,2
232949,1
232950,0
232951,0
232952,1
232953,1
232954,2
232955,2
232956,2
232957,0
232958,2
232959,1
232960,0
232961,1
232962,0
232963,2
232964,1
232965,1
232966,0
232967,2
232968,2
232969,0
232970,0
232971,2
232972,1
232973,1
232974,2
232975,1
232976,1
232977,0
232978,2
232979,2
232980,2
232981,1
232982,1
232983,0
232984,0
232985,0
232986,2
232987,0
232988,0
232989,1
232990,2
232991,1
232992,2
232993,0
232994,2
232995,1
232996,0
232997,1
232998,2
232999,1
233000,2
233001,2
233002,2
233003,1
233004,0
233005,2
233006,2
233007,1
233008,0
233009,0
233010,1
233011,2
233012,2
233013,2
233014,2
233015,2
233016,2
233017,0
233018,1
233019,2
233020,1
233021,2
233022,2
233023,2
233024,1
233025,1
233026,2
233027,1
233028,0
233029,2
233030,0
233031,1
233032,1
233033,0
233034,1
233035,1
233036,1
233037,1
233038,1
233039,2
233040,2
233041,2
233042,1
233043,2
233044,1
233045,1
233046,2
233047,0
233048,2
233049,1
233050,2
233051,1
233052,2
233053,1
233054,1
233055,2
233056,1
233057,0
233058,2
233059,2
233060,2
233061,2
233062,1
233063,0
233064,1
233065,0
233066,0
233067,1
233068,2
233069,2
233070,0
233071,0
233072,1
233073,1
233074,2
233075,1
233076,1
233077,0
233078,2
233079,0
233080,2
233081,2
233082,2
233083,2
233084,2
233085,2
233086,1
233087,0
233088,0
233089,2
233090,2
233091,1
233092,1
233093,0
233094,2
233095,2
233096,1
233097,2
233098,0
233099,0
233100,1
233101,1
233102,2
233103,2
233104,2
233105,0
233106,1
233107,2
233108,1
233109,2
233110,0
233111,0
233112,0
233113,2
233114,1
233115,1
233116,2
233117,1
233118,1
233119,2
233120,2
233121,2
233122,2
233123,2
233124,2
233125,2
233126,1
233127,0
233128,2
233129,0
233130,1
233131,1
233132,1
233133,2
233134,1
233135,1
233136,2
233137,1
233138,0
233139,2
233140,2
233141,1
233142,0
233143,1
233144,2
233145,1
233146,0
233147,1
233148,2
233149,1
233150,0
233151,1
233152,0
233153,1
233154,2
233155,2
233156,2
233157,2
233158,1
233159,0
233160,0
233161,1
233162,1
233163,2
233164,2
233165,2
233166,1
233167,1
233168,2
233169,0
233170,0
233171,2
233172,1
233173,1
233174,0
233175,2
233176,2
233177,1
233178,0
233179,1
233180,2
233181,1
233182,0
233183,2
233184,1
233185,2
233186,1
233187,1
233188,2
233189,1
233190,2
233191,1
233192,2
233193,0
233194,1
233195,2
233196,0
233197,2
233198,2
233199,2
233200,1
233201,2
233202,1
233203,1
233204,2
233205,0
233206,1
233207,0
233208,1
233209,1
233210,2
233211,0
233212,1
233213,2
233214,2
233215,2
233216,1
233217,1
233218,0
233219,2
233220,2
233221,0
233222,2
233223,1
233224,1
233225,2
233226,0
233227,1
233228,2
233229,1
233230,0
233231,2
233232,2
233233,1
233234,0
233235,2
233236,2
233237,1
233238,1
233239,2
233240,2
233241,2
233242,0
233243,0
233244,0
233245,2
233246,0
233247,1
233248,1
233249,1
233250,0
233251,1
233252,1
233253,1
233254,2
233255,2
233256,2
233257,2
233258,1
233259,1
233260,1
233261,2
233262,2
233263,1
233264,1
233265,1
233266,2
233267,2
233268,0
233269,2
233270,2
233271,1
233272,0
233273,1
233274,2
233275,1
233276,2
233277,0
233278,2
233279,1
233280,1
233281,1
233282,2
233283,2
233284,0
233285,2
233286,1
233287,1
233288,0
233289,1
233290,2
233291,1
233292,0
233293,0
233294,0
233295,2
233296,1
233297,1
233298,1
233299,1
233300,2
233301,2
233302,2
233303,2
233304,2
233305,0
233306,0
233307,0
233308,0
233309,0
233310,1
233311,0
233312,2
233313,2
233314,2
233315,2
233316,1
233317,0
233318,0
233319,1
233320,0
233321,0
233322,2
233323,1
233324,2
233325,0
233326,0
233327,2
233328,2
233329,1
233330,2
233331,2
233332,2
233333,2
233334,0
233335,2
233336,0
233337,1
233338,1
233339,0
233340,2
233341,1
233342,0
233343,1
233344,1
233345,0
233346,2
233347,2
233348,1
233349,2
233350,2
233351,0
233352,0
233353,2
233354,0
233355,0
233356,2
233357,1
233358,1
233359,1
233360,1
233361,0
233362,1
233363,2
233364,1
233365,1
233366,1
233367,2
233368,1
233369,1
233370,1
233371,2
233372,0
233373,2
233374,2
233375,1
233376,0
233377,1
233378,0
233379,2
233380,2
233381,1
233382,1
233383,1
233384,0
233385,1
233386,2
233387,1
233388,1
233389,1
233390,2
233391,1
233392,1
233393,0
233394,1
233395,1
233396,0
233397,1
233398,1
233399,2
233400,1
233401,2
233402,1
233403,1
233404,1
233405,0
233406,2
233407,2
233408,2
233409,1
233410,2
233411,2
233412,1
233413,1
233414,1
233415,2
233416,2
233417,2
233418,0
233419,2
233420,2
233421,2
233422,2
233423,2
233424,1
233425,0
233426,2
233427,0
233428,1
233429,1
233430,1
233431,2
233432,2
233433,1
233434,0
233435,2
233436,1
233437,2
233438,1
233439,2
233440,2
233441,2
233442,2
233443,2
233444,0
233445,0
233446,0
233447,1
233448,2
233449,2
233450,0
233451,2
233452,2
233453,1
233454,1
233455,2
233456,2
233457,2
233458,1
233459,2
233460,2
233461,1
233462,1
233463,1
233464,1
233465,2
233466,2
233467,2
233468,2
233469,0
233470,2
233471,1
233472,0
233473,1
233474,2
233475,0
233476,2
233477,1
233478,1
233479,2
233480,2
233481,2
233482,2
233483,2
233484,1
233485,0
233486,0
233487,1
233488,1
233489,1
233490,2
233491,2
233492,1
233493,2
233494,1
233495,2
233496,2
233497,1
233498,2
233499,1
233500,2
233501,1
233502,2
233503,2
233504,2
233505,2
233506,1
233507,2
233508,1
233509,1
233510,0
233511,1
233512,0
233513,0
233514,1
233515,0
233516,1
233517,0
233518,2
233519,1
233520,1
233521,2
233522,2
233523,1
233524,1
233525,2
233526,1
233527,0
233528,2
233529,2
233530,0
233531,0
233532,2
233533,1
233534,2
233535,1
233536,2
233537,1
233538,0
233539,1
233540,1
233541,0
233542,0
233543,1
233544,1
233545,2
233546,1
233547,1
233548,1
233549,2
233550,1
233551,2
233552,0
233553,1
233554,1
233555,0
233556,0
233557,2
233558,2
233559,2
233560,0
233561,1
233562,2
233563,0
233564,1
233565,2
233566,2
233567,1
233568,2
233569,2
233570,2
233571,0
233572,1
233573,2
233574,1
233575,1
233576,1
233577,2
233578,2
233579,1
233580,2
233581,1
233582,0
233583,1
233584,2
233585,2
233586,1
233587,2
233588,2
233589,1
233590,0
233591,1
233592,1
233593,1
233594,1
233595,0
233596,2
233597,2
233598,2
233599,1
233600,0
233601,2
233602,2
233603,2
233604,1
233605,0
233606,2
233607,1
233608,1
233609,1
233610,1
233611,1
233612,0
233613,2
233614,1
233615,2
233616,0
233617,1
233618,1
233619,1
233620,1
233621,0
233622,2
233623,0
233624,2
233625,2
233626,2
233627,1
233628,2
233629,1
233630,0
233631,2
233632,1
233633,1
233634,1
233635,2
233636,2
233637,2
233638,2
233639,1
233640,2
233641,1
233642,2
233643,2
233644,2
233645,1
233646,1
233647,1
233648,0
233649,1
233650,0
233651,2
233652,1
233653,1
233654,0
233655,0
233656,2
233657,1
233658,2
233659,2
233660,2
233661,2
233662,2
233663,1
233664,2
233665,2
233666,1
233667,1
233668,2
233669,2
233670,1
233671,1
233672,0
233673,1
233674,1
233675,1
233676,2
233677,2
233678,1
233679,2
233680,0
233681,0
233682,2
233683,1
233684,1
233685,2
233686,1
233687,1
233688,1
233689,0
233690,0
233691,1
233692,1
233693,2
233694,0
233695,2
233696,1
233697,1
233698,2
233699,0
233700,0
233701,0
233702,1
233703,1
233704,0
233705,2
233706,2
233707,1
233708,1
233709,2
233710,1
233711,1
233712,2
233713,1
233714,2
233715,2
233716,1
233717,2
233718,1
233719,1
233720,2
233721,2
233722,1
233723,2
233724,0
233725,2
233726,0
233727,2
233728,1
233729,0
233730,0
233731,2
233732,2
233733,1
233734,1
233735,2
233736,0
233737,2
233738,2
233739,1
233740,2
233741,1
233742,0
233743,1
233744,1
233745,2
233746,2
233747,1
233748,1
233749,2
233750,2
233751,0
233752,2
233753,1
233754,1
233755,2
233756,2
233757,1
233758,0
233759,0
233760,2
233761,2
233762,2
233763,0
233764,0
233765,1
233766,0
233767,2
233768,0
233769,0
233770,1
233771,0
233772,0
233773,2
233774,2
233775,2
233776,2
233777,1
233778,1
233779,2
233780,1
233781,2
233782,1
233783,1
233784,1
233785,2
233786,2
233787,2
233788,1
233789,1
233790,2
233791,1
233792,1
233793,2
233794,2
233795,2
233796,0
233797,1
233798,1
233799,0
233800,1
233801,1
233802,2
233803,2
233804,1
233805,1
233806,1
233807,0
233808,2
233809,1
233810,2
233811,2
233812,1
233813,1
233814,2
233815,0
233816,1
233817,2
233818,2
233819,1
233820,0
233821,0
233822,1
233823,2
233824,1
233825,0
233826,2
233827,0
233828,2
233829,2
233830,1
233831,1
233832,2
233833,2
233834,2
233835,0
233836,0
233837,1
233838,0
233839,1
233840,0
233841,1
233842,2
233843,1
233844,0
233845,0
233846,0
233847,2
233848,2
233849,2
233850,0
233851,0
233852,1
233853,2
233854,0
233855,0
233856,0
233857,2
233858,1
233859,2
233860,0
233861,2
233862,2
233863,1
233864,0
233865,2
233866,1
233867,1
233868,1
233869,1
233870,1
233871,1
233872,1
233873,2
233874,1
233875,1
233876,2
233877,2
233878,0
233879,1
233880,2
233881,1
233882,0
233883,1
233884,2
233885,2
233886,1
233887,2
233888,1
233889,0
233890,0
233891,2
233892,2
233893,1
233894,0
233895,1
233896,2
233897,2
233898,2
233899,1
233900,0
233901,0
233902,2
233903,1
233904,1
233905,1
233906,2
233907,2
233908,1
233909,2
233910,2
233911,1
233912,2
233913,2
233914,1
233915,1
233916,0
233917,2
233918,0
233919,1
233920,0
233921,0
233922,2
233923,2
233924,2
233925,2
233926,1
233927,2
233928,2
233929,1
233930,0
233931,1
233932,0
233933,1
233934,1
233935,0
233936,1
233937,1
233938,1
233939,2
233940,1
233941,2
233942,0
233943,2
233944,1
233945,1
233946,2
233947,1
233948,2
233949,2
233950,2
233951,0
233952,2
233953,1
233954,1
233955,2
233956,2
233957,2
233958,0
233959,0
233960,2
233961,2
233962,1
233963,1
233964,2
233965,1
233966,1
233967,2
233968,0
233969,2
233970,1
233971,2
233972,0
233973,2
233974,1
233975,2
233976,2
233977,0
233978,2
233979,2
233980,2
233981,2
233982,1
233983,0
233984,2
233985,0
233986,1
233987,2
233988,1
233989,0
233990,2
233991,1
233992,2
233993,2
233994,1
233995,1
233996,1
233997,2
233998,1
233999,1
234000,2
234001,1
234002,2
234003,2
234004,0
234005,2
234006,0
234007,1
234008,1
234009,2
234010,2
234011,1
234012,1
234013,2
234014,0
234015,0
234016,1
234017,0
234018,0
234019,0
234020,2
234021,2
234022,0
234023,0
234024,1
234025,2
234026,1
234027,1
234028,2
234029,0
234030,2
234031,1
234032,1
234033,2
234034,1
234035,2
234036,2
234037,2
234038,1
234039,0
234040,2
234041,1
234042,2
234043,0
234044,0
234045,0
234046,2
234047,2
234048,2
234049,1
234050,1
234051,1
234052,2
234053,2
234054,2
234055,2
234056,2
234057,0
234058,2
234059,1
234060,2
234061,2
234062,1
234063,0
234064,1
234065,1
234066,2
234067,0
234068,0
234069,1
234070,2
234071,0
234072,1
234073,2
234074,2
234075,1
234076,1
234077,1
234078,0
234079,0
234080,0
234081,0
234082,2
234083,1
234084,1
234085,1
234086,2
234087,1
234088,1
234089,1
234090,1
234091,0
234092,1
234093,0
234094,2
234095,2
234096,0
234097,1
234098,2
234099,2
234100,1
234101,2
234102,1
234103,2
234104,2
234105,2
234106,1
234107,2
234108,1
234109,2
234110,2
234111,0
234112,1
234113,2
234114,1
234115,1
234116,1
234117,2
234118,0
234119,1
234120,1
234121,2
234122,1
234123,2
234124,1
234125,2
234126,2
234127,2
234128,1
234129,2
234130,2
234131,1
234132,1
234133,1
234134,0
234135,2
234136,1
234137,0
234138,2
234139,2
234140,2
234141,0
234142,1
234143,2
234144,2
234145,2
234146,2
234147,2
234148,2
234149,2
234150,0
234151,2
234152,1
234153,1
234154,2
234155,0
234156,0
234157,0
234158,2
234159,0
234160,1
234161,2
234162,2
234163,0
234164,1
234165,0
234166,0
234167,2
234168,0
234169,2
234170,2
234171,2
234172,1
234173,2
234174,0
234175,0
234176,0
234177,0
234178,0
234179,2
234180,0
234181,1
234182,0
234183,0
234184,1
234185,0
234186,1
234187,1
234188,1
234189,1
234190,0
234191,1
234192,2
234193,1
234194,1
234195,0
234196,2
234197,2
234198,2
234199,0
234200,1
234201,1
234202,2
234203,0
234204,1
234205,0
234206,0
234207,0
234208,2
234209,0
234210,1
234211,2
234212,2
234213,2
234214,1
234215,1
234216,2
234217,0
234218,1
234219,1
234220,0
234221,0
234222,2
234223,1
234224,2
234225,2
234226,1
234227,1
234228,1
234229,0
234230,2
234231,1
234232,2
234233,1
234234,2
234235,2
234236,2
234237,0
234238,2
234239,0
234240,0
234241,2
234242,0
234243,0
234244,0
234245,2
234246,1
234247,2
234248,2
234249,2
234250,1
234251,1
234252,0
234253,2
234254,2
234255,0
234256,2
234257,2
234258,2
234259,2
234260,2
234261,2
234262,2
234263,2
234264,1
234265,2
234266,2
234267,0
234268,2
234269,1
234270,2
234271,2
234272,2
234273,2
234274,1
234275,2
234276,1
234277,1
234278,2
234279,1
234280,1
234281,1
234282,2
234283,1
234284,1
234285,1
234286,2
234287,1
234288,2
234289,1
234290,2
234291,1
234292,2
234293,0
234294,2
234295,2
234296,1
234297,1
234298,0
234299,2
234300,1
234301,2
234302,2
234303,2
234304,2
234305,1
234306,2
234307,1
234308,1
234309,1
234310,1
234311,0
234312,2
234313,2
234314,2
234315,0
234316,1
234317,2
234318,1
234319,1
234320,0
234321,0
234322,2
234323,1
234324,2
234325,1
234326,0
234327,0
234328,0
234329,2
234330,0
234331,1
234332,0
234333,2
234334,1
234335,1
234336,2
234337,0
234338,2
234339,1
234340,1
234341,1
234342,2
234343,1
234344,2
234345,2
234346,1
234347,2
234348,1
234349,2
234350,2
234351,2
234352,0
234353,0
234354,1
234355,2
234356,2
234357,1
234358,0
234359,2
234360,0
234361,2
234362,1
234363,2
234364,0
234365,1
234366,1
234367,1
234368,1
234369,0
234370,2
234371,2
234372,2
234373,2
234374,1
234375,2
234376,2
234377,1
234378,2
234379,0
234380,0
234381,1
234382,1
234383,1
234384,0
234385,2
234386,2
234387,0
234388,0
234389,1
234390,2
234391,0
234392,1
234393,1
234394,0
234395,2
234396,2
234397,2
234398,2
234399,0
234400,1
234401,2
234402,2
234403,1
234404,2
234405,1
234406,2
234407,1
234408,1
234409,0
234410,1
234411,0
234412,1
234413,0
234414,1
234415,1
234416,1
234417,2
234418,0
234419,2
234420,1
234421,1
234422,2
234423,2
234424,1
234425,1
234426,0
234427,2
234428,1
234429,2
234430,1
234431,2
234432,0
234433,2
234434,0
234435,2
234436,2
234437,0
234438,1
234439,2
234440,1
234441,1
234442,2
234443,0
234444,0
234445,0
234446,2
234447,2
234448,1
234449,0
234450,2
234451,2
234452,2
234453,2
234454,2
234455,0
234456,2
234457,2
234458,2
234459,1
234460,1
234461,0
234462,2
234463,2
234464,0
234465,0
234466,2
234467,0
234468,0
234469,0
234470,0
234471,1
234472,0
234473,0
234474,1
234475,2
234476,2
234477,1
234478,1
234479,0
234480,1
234481,0
234482,1
234483,2
234484,0
234485,2
234486,2
234487,0
234488,1
234489,1
234490,0
234491,2
234492,1
234493,2
234494,1
234495,2
234496,1
234497,1
234498,0
234499,2
234500,1
234501,0
234502,0
234503,1
234504,2
234505,0
234506,1
234507,1
234508,2
234509,0
234510,1
234511,2
234512,0
234513,1
234514,0
234515,0
234516,0
234517,1
234518,2
234519,2
234520,1
234521,2
234522,2
234523,2
234524,2
234525,2
234526,2
234527,2
234528,1
234529,2
234530,1
234531,2
234532,1
234533,2
234534,1
234535,1
234536,2
234537,1
234538,0
234539,2
234540,1
234541,1
234542,2
234543,2
234544,0
234545,2
234546,1
234547,0
234548,1
234549,1
234550,2
234551,2
234552,0
234553,1
234554,2
234555,0
234556,2
234557,2
234558,0
234559,2
234560,0
234561,0
234562,2
234563,1
234564,0
234565,1
234566,0
234567,2
234568,2
234569,2
234570,2
234571,1
234572,1
234573,1
234574,1
234575,1
234576,0
234577,2
234578,1
234579,2
234580,1
234581,2
234582,2
234583,1
234584,2
234585,2
234586,2
234587,2
234588,1
234589,1
234590,2
234591,2
234592,0
234593,2
234594,2
234595,2
234596,2
234597,1
234598,1
234599,2
234600,2
234601,2
234602,0
234603,1
234604,1
234605,0
234606,2
234607,1
234608,1
234609,0
234610,0
234611,2
234612,2
234613,1
234614,1
234615,1
234616,0
234617,1
234618,1
234619,1
234620,2
234621,0
234622,1
234623,2
234624,1
234625,1
234626,2
234627,2
234628,1
234629,2
234630,1
234631,1
234632,2
234633,2
234634,0
234635,0
234636,0
234637,1
234638,1
234639,1
234640,1
234641,2
234642,2
234643,2
234644,1
234645,2
234646,1
234647,2
234648,1
234649,2
234650,1
234651,1
234652,1
234653,1
234654,1
234655,1
234656,0
234657,2
234658,0
234659,2
234660,1
234661,0
234662,1
234663,1
234664,1
234665,2
234666,0
234667,2
234668,0
234669,0
234670,1
234671,2
234672,1
234673,2
234674,2
234675,2
234676,2
234677,2
234678,2
234679,0
234680,1
234681,2
234682,0
234683,0
234684,1
234685,0
234686,2
234687,1
234688,2
234689,1
234690,1
234691,1
234692,2
234693,1
234694,2
234695,2
234696,2
234697,2
234698,0
234699,2
234700,0
234701,1
234702,1
234703,1
234704,1
234705,0
234706,1
234707,2
234708,0
234709,0
234710,0
234711,2
234712,2
234713,2
234714,2
234715,1
234716,2
234717,2
234718,1
234719,1
234720,1
234721,2
234722,0
234723,1
234724,2
234725,1
234726,1
234727,0
234728,2
234729,1
234730,1
234731,0
234732,2
234733,0
234734,2
234735,0
234736,1
234737,0
234738,2
234739,0
234740,2
234741,1
234742,0
234743,1
234744,0
234745,0
234746,0
234747,1
234748,1
234749,1
234750,0
234751,2
234752,1
234753,2
234754,2
234755,0
234756,2
234757,1
234758,2
234759,1
234760,1
234761,2
234762,2
234763,0
234764,2
234765,1
234766,1
234767,2
234768,2
234769,0
234770,2
234771,0
234772,0
234773,1
234774,1
234775,0
234776,1
234777,2
234778,0
234779,0
234780,1
234781,2
234782,0
234783,2
234784,2
234785,0
234786,0
234787,1
234788,2
234789,2
234790,2
234791,2
234792,2
234793,0
234794,2
234795,1
234796,2
234797,1
234798,1
234799,2
234800,2
234801,1
234802,2
234803,1
234804,0
234805,0
234806,0
234807,2
234808,0
234809,2
234810,0
234811,2
234812,2
234813,1
234814,2
234815,1
234816,1
234817,1
234818,1
234819,1
234820,2
234821,1
234822,2
234823,2
234824,1
234825,2
234826,2
234827,2
234828,0
234829,1
234830,0
234831,2
234832,2
234833,2
234834,2
234835,0
234836,2
234837,2
234838,2
234839,0
234840,2
234841,1
234842,2
234843,2
234844,1
234845,1
234846,1
234847,2
234848,1
234849,1
234850,1
234851,2
234852,1
234853,1
234854,0
234855,2
234856,1
234857,1
234858,0
234859,1
234860,0
234861,2
234862,1
234863,2
234864,0
234865,2
234866,2
234867,1
234868,1
234869,0
234870,2
234871,1
234872,0
234873,0
234874,2
234875,2
234876,1
234877,1
234878,1
234879,1
234880,2
234881,1
234882,0
234883,0
234884,1
234885,2
234886,2
234887,2
234888,0
234889,1
234890,0
234891,1
234892,1
234893,1
234894,1
234895,0
234896,2
234897,1
234898,2
234899,2
234900,0
234901,0
234902,1
234903,1
234904,2
234905,2
234906,0
234907,1
234908,0
234909,2
234910,1
234911,1
234912,1
234913,0
234914,1
234915,1
234916,0
234917,2
234918,0
234919,2
234920,2
234921,1
234922,0
234923,2
234924,2
234925,2
234926,2
234927,1
234928,1
234929,0
234930,0
234931,2
234932,2
234933,0
234934,2
234935,1
234936,1
234937,1
234938,2
234939,2
234940,1
234941,1
234942,0
234943,2
234944,1
234945,2
234946,1
234947,2
234948,1
234949,2
234950,2
234951,0
234952,1
234953,2
234954,2
234955,2
234956,1
234957,2
234958,1
234959,2
234960,2
234961,2
234962,2
234963,1
234964,1
234965,0
234966,1
234967,1
234968,2
234969,2
234970,1
234971,1
234972,1
234973,0
234974,1
234975,1
234976,2
234977,0
234978,2
234979,0
234980,2
234981,1
234982,2
234983,0
234984,1
234985,0
234986,1
234987,1
234988,1
234989,2
234990,2
234991,2
234992,2
234993,1
234994,2
234995,0
234996,2
234997,2
234998,2
234999,2
235000,2
235001,2
235002,2
235003,2
235004,0
235005,1
235006,2
235007,1
235008,0
235009,2
235010,2
235011,0
235012,0
235013,1
235014,0
235015,0
235016,2
235017,1
235018,1
235019,2
235020,0
235021,1
235022,2
235023,0
235024,1
235025,1
235026,1
235027,1
235028,0
235029,2
235030,1
235031,1
235032,1
235033,2
235034,2
235035,1
235036,2
235037,2
235038,0
235039,1
235040,2
235041,2
235042,1
235043,0
235044,1
235045,0
235046,1
235047,2
235048,2
235049,2
235050,1
235051,2
235052,0
235053,1
235054,0
235055,2
235056,1
235057,0
235058,0
235059,2
235060,1
235061,1
235062,1
235063,2
235064,1
235065,2
235066,0
235067,1
235068,2
235069,2
235070,2
235071,0
235072,0
235073,1
235074,0
235075,0
235076,0
235077,2
235078,1
235079,1
235080,2
235081,1
235082,2
235083,1
235084,1
235085,2
235086,1
235087,1
235088,2
235089,0
235090,0
235091,0
235092,0
235093,2
235094,1
235095,2
235096,0
235097,2
235098,1
235099,2
235100,1
235101,0
235102,0
235103,1
235104,1
235105,0
235106,2
235107,0
235108,1
235109,0
235110,1
235111,1
235112,1
235113,1
235114,1
235115,1
235116,2
235117,2
235118,2
235119,2
235120,2
235121,2
235122,1
235123,1
235124,1
235125,1
235126,1
235127,1
235128,2
235129,2
235130,2
235131,1
235132,0
235133,1
235134,2
235135,2
235136,2
235137,1
235138,0
235139,2
235140,2
235141,2
235142,1
235143,1
235144,1
235145,2
235146,2
235147,1
235148,1
235149,2
235150,1
235151,1
235152,0
235153,1
235154,1
235155,1
235156,2
235157,2
235158,0
235159,0
235160,2
235161,1
235162,2
235163,1
235164,1
235165,0
235166,1
235167,2
235168,1
235169,0
235170,2
235171,2
235172,0
235173,2
235174,2
235175,2
235176,1
235177,1
235178,2
235179,2
235180,1
235181,2
235182,1
235183,0
235184,2
235185,2
235186,1
235187,1
235188,2
235189,1
235190,2
235191,0
235192,2
235193,2
235194,1
235195,0
235196,1
235197,0
235198,1
235199,1
235200,1
235201,0
235202,0
235203,2
235204,2
235205,1
235206,2
235207,0
235208,2
235209,0
235210,1
235211,2
235212,1
235213,2
235214,0
235215,0
235216,2
235217,1
235218,2
235219,1
235220,2
235221,2
235222,1
235223,1
235224,1
235225,0
235226,1
235227,2
235228,1
235229,2
235230,1
235231,1
235232,2
235233,2
235234,0
235235,1
235236,1
235237,1
235238,0
235239,0
235240,2
235241,1
235242,2
235243,1
235244,0
235245,1
235246,0
235247,2
235248,2
235249,1
235250,0
235251,1
235252,1
235253,2
235254,2
235255,2
235256,2
235257,1
235258,2
235259,1
235260,2
235261,0
235262,2
235263,0
235264,1
235265,1
235266,1
235267,2
235268,2
235269,2
235270,0
235271,2
235272,2
235273,1
235274,1
235275,0
235276,0
235277,2
235278,2
235279,2
235280,1
235281,1
235282,2
235283,1
235284,1
235285,2
235286,0
235287,1
235288,1
235289,2
235290,1
235291,1
235292,0
235293,1
235294,0
235295,1
235296,2
235297,1
235298,2
235299,1
235300,0
235301,1
235302,1
235303,1
235304,2
235305,1
235306,0
235307,2
235308,2
235309,2
235310,2
235311,1
235312,0
235313,1
235314,0
235315,2
235316,1
235317,2
235318,0
235319,2
235320,2
235321,1
235322,0
235323,0
235324,1
235325,1
235326,2
235327,0
235328,1
235329,1
235330,2
235331,2
235332,1
235333,1
235334,2
235335,1
235336,0
235337,1
235338,2
235339,0
235340,0
235341,2
235342,2
235343,1
235344,0
235345,2
235346,1
235347,0
235348,2
235349,2
235350,1
235351,0
235352,2
235353,1
235354,2
235355,0
235356,0
235357,0
235358,2
235359,2
235360,2
235361,2
235362,2
235363,0
235364,1
235365,2
235366,2
235367,1
235368,0
235369,0
235370,1
235371,2
235372,0
235373,0
235374,0
235375,1
235376,1
235377,1
235378,0
235379,2
235380,2
235381,2
235382,1
235383,0
235384,2
235385,2
235386,2
235387,1
235388,1
235389,1
235390,0
235391,2
235392,0
235393,2
235394,2
235395,2
235396,1
235397,2
235398,1
235399,2
235400,2
235401,1
235402,1
235403,2
235404,2
235405,2
235406,1
235407,0
235408,1
235409,2
235410,0
235411,1
235412,2
235413,2
235414,0
235415,2
235416,1
235417,1
235418,1
235419,2
235420,0
235421,2
235422,1
235423,2
235424,1
235425,0
235426,2
235427,2
235428,1
235429,0
235430,2
235431,2
235432,1
235433,2
235434,2
235435,1
235436,1
235437,2
235438,0
235439,1
235440,0
235441,2
235442,1
235443,2
235444,1
235445,2
235446,0
235447,0
235448,2
235449,2
235450,2
235451,2
235452,1
235453,0
235454,2
235455,0
235456,0
235457,2
235458,0
235459,1
235460,0
235461,0
235462,2
235463,0
235464,0
235465,2
235466,1
235467,1
235468,1
235469,2
235470,0
235471,1
235472,1
235473,1
235474,2
235475,1
235476,1
235477,1
235478,1
235479,2
235480,1
235481,2
235482,1
235483,1
235484,2
235485,1
235486,2
235487,2
235488,2
235489,2
235490,2
235491,1
235492,2
235493,2
235494,2
235495,0
235496,2
235497,1
235498,2
235499,0
235500,1
235501,1
235502,1
235503,2
235504,2
235505,0
235506,0
235507,2
235508,2
235509,1
235510,2
235511,1
235512,1
235513,0
235514,2
235515,2
235516,0
235517,0
235518,0
235519,2
235520,2
235521,2
235522,2
235523,2
235524,0
235525,1
235526,0
235527,1
235528,2
235529,1
235530,2
235531,1
235532,0
235533,1
235534,1
235535,2
235536,2
235537,1
235538,1
235539,0
235540,2
235541,2
235542,1
235543,2
235544,0
235545,1
235546,2
235547,1
235548,0
235549,2
235550,1
235551,2
235552,2
235553,2
235554,0
235555,0
235556,2
235557,1
235558,0
235559,0
235560,0
235561,0
235562,1
235563,1
235564,0
235565,1
235566,2
235567,2
235568,0
235569,0
235570,0
235571,0
235572,1
235573,2
235574,2
235575,2
235576,1
235577,0
235578,0
235579,1
235580,2
235581,0
235582,2
235583,1
235584,0
235585,2
235586,0
235587,0
235588,0
235589,2
235590,2
235591,1
235592,0
235593,1
235594,1
235595,1
235596,2
235597,2
235598,2
235599,1
235600,1
235601,1
235602,0
235603,2
235604,2
235605,1
235606,2
235607,2
235608,0
235609,1
235610,2
235611,2
235612,1
235613,1
235614,0
235615,2
235616,0
235617,2
235618,0
235619,2
235620,0
235621,2
235622,1
235623,2
235624,1
235625,2
235626,2
235627,2
235628,2
235629,1
235630,1
235631,1
235632,0
235633,2
235634,2
235635,2
235636,1
235637,2
235638,0
235639,0
235640,2
235641,2
235642,2
235643,2
235644,0
235645,1
235646,2
235647,1
235648,1
235649,0
235650,2
235651,1
235652,2
235653,2
235654,1
235655,0
235656,2
235657,2
235658,2
235659,2
235660,2
235661,0
235662,2
235663,0
235664,0
235665,0
235666,1
235667,1
235668,2
235669,1
235670,2
235671,2
235672,1
235673,2
235674,1
235675,2
235676,2
235677,2
235678,2
235679,0
235680,1
235681,0
235682,2
235683,2
235684,1
235685,0
235686,1
235687,2
235688,2
235689,2
235690,0
235691,2
235692,2
235693,1
235694,2
235695,1
235696,2
235697,2
235698,2
235699,2
235700,2
235701,2
235702,2
235703,2
235704,1
235705,1
235706,1
235707,2
235708,1
235709,2
235710,1
235711,2
235712,2
235713,2
235714,0
235715,0
235716,2
235717,2
235718,2
235719,2
235720,0
235721,1
235722,2
235723,2
235724,1
235725,1
235726,2
235727,0
235728,1
235729,2
235730,1
235731,2
235732,2
235733,2
235734,2
235735,2
235736,0
235737,1
235738,1
235739,1
235740,0
235741,0
235742,2
235743,2
235744,0
235745,2
235746,2
235747,2
235748,1
235749,1
235750,2
235751,1
235752,2
235753,2
235754,0
235755,2
235756,0
235757,2
235758,2
235759,0
235760,1
235761,0
235762,0
235763,1
235764,1
235765,1
235766,1
235767,1
235768,1
235769,2
235770,2
235771,1
235772,1
235773,2
235774,2
235775,2
235776,0
235777,0
235778,2
235779,1
235780,0
235781,2
235782,0
235783,1
235784,2
235785,2
235786,0
235787,2
235788,2
235789,1
235790,1
235791,1
235792,1
235793,2
235794,0
235795,0
235796,1
235797,0
235798,1
235799,2
235800,1
235801,2
235802,2
235803,1
235804,2
235805,0
235806,2
235807,1
235808,2
235809,0
235810,2
235811,1
235812,1
235813,1
235814,2
235815,2
235816,2
235817,0
235818,0
235819,0
235820,2
235821,2
235822,0
235823,2
235824,2
235825,0
235826,2
235827,2
235828,1
235829,2
235830,0
235831,0
235832,1
235833,1
235834,2
235835,2
235836,1
235837,0
235838,2
235839,1
235840,2
235841,2
235842,1
235843,1
235844,1
235845,2
235846,1
235847,0
235848,2
235849,0
235850,2
235851,1
235852,2
235853,1
235854,1
235855,2
235856,1
235857,2
235858,1
235859,0
235860,1
235861,2
235862,2
235863,0
235864,2
235865,1
235866,1
235867,2
235868,0
235869,1
235870,2
235871,0
235872,2
235873,1
235874,1
235875,2
235876,1
235877,1
235878,2
235879,2
235880,0
235881,1
235882,2
235883,2
235884,0
235885,2
235886,1
235887,2
235888,2
235889,0
235890,0
235891,0
235892,2
235893,1
235894,2
235895,2
235896,2
235897,1
235898,2
235899,2
235900,1
235901,2
235902,0
235903,0
235904,2
235905,2
235906,2
235907,0
235908,0
235909,2
235910,0
235911,1
235912,2
235913,1
235914,2
235915,1
235916,1
235917,1
235918,0
235919,1
235920,2
235921,2
235922,1
235923,0
235924,2
235925,2
235926,1
235927,0
235928,2
235929,1
235930,2
235931,2
235932,1
235933,1
235934,2
235935,0
235936,1
235937,2
235938,1
235939,1
235940,1
235941,2
235942,2
235943,2
235944,2
235945,2
235946,1
235947,0
235948,1
235949,2
235950,1
235951,2
235952,1
235953,2
235954,1
235955,1
235956,0
235957,2
235958,2
235959,1
235960,2
235961,2
235962,2
235963,1
235964,0
235965,0
235966,2
235967,0
235968,1
235969,1
235970,0
235971,2
235972,2
235973,0
235974,1
235975,0
235976,2
235977,2
235978,2
235979,1
235980,1
235981,2
235982,2
235983,0
235984,2
235985,1
235986,0
235987,1
235988,1
235989,1
235990,1
235991,1
235992,2
235993,1
235994,2
235995,2
235996,0
235997,2
235998,1
235999,0
236000,2
236001,2
236002,0
236003,1
236004,2
236005,1
236006,1
236007,1
236008,0
236009,2
236010,2
236011,2
236012,0
236013,1
236014,2
236015,1
236016,2
236017,2
236018,0
236019,2
236020,0
236021,0
236022,1
236023,1
236024,0
236025,2
236026,2
236027,2
236028,1
236029,2
236030,2
236031,2
236032,0
236033,0
236034,2
236035,2
236036,2
236037,2
236038,2
236039,1
236040,1
236041,0
236042,1
236043,0
236044,0
236045,0
236046,1
236047,1
236048,2
236049,1
236050,0
236051,0
236052,2
236053,2
236054,0
236055,1
236056,1
236057,2
236058,0
236059,1
236060,1
236061,0
236062,0
236063,1
236064,1
236065,2
236066,1
236067,1
236068,2
236069,2
236070,2
236071,1
236072,2
236073,0
236074,2
236075,1
236076,1
236077,1
236078,1
236079,1
236080,1
236081,1
236082,2
236083,1
236084,2
236085,0
236086,2
236087,0
236088,1
236089,1
236090,0
236091,0
236092,2
236093,2
236094,0
236095,0
236096,2
236097,0
236098,0
236099,1
236100,2
236101,2
236102,0
236103,0
236104,0
236105,1
236106,2
236107,1
236108,1
236109,1
236110,0
236111,0
236112,1
236113,1
236114,1
236115,1
236116,2
236117,2
236118,2
236119,1
236120,2
236121,1
236122,0
236123,0
236124,1
236125,0
236126,1
236127,1
236128,2
236129,2
236130,2
236131,1
236132,1
236133,2
236134,0
236135,0
236136,1
236137,0
236138,2
236139,1
236140,1
236141,2
236142,2
236143,0
236144,1
236145,2
236146,1
236147,1
236148,1
236149,2
236150,2
236151,1
236152,0
236153,2
236154,0
236155,2
236156,1
236157,2
236158,2
236159,2
236160,2
236161,2
236162,1
236163,1
236164,1
236165,2
236166,1
236167,0
236168,2
236169,1
236170,2
236171,0
236172,2
236173,1
236174,0
236175,1
236176,0
236177,2
236178,0
236179,1
236180,1
236181,0
236182,2
236183,0
236184,1
236185,0
236186,2
236187,1
236188,2
236189,0
236190,2
236191,1
236192,1
236193,1
236194,2
236195,2
236196,1
236197,1
236198,1
236199,2
236200,0
236201,0
236202,2
236203,2
236204,2
236205,1
236206,2
236207,0
236208,2
236209,2
236210,2
236211,1
236212,0
236213,1
236214,1
236215,1
236216,1
236217,1
236218,1
236219,2
236220,2
236221,1
236222,1
236223,1
236224,2
236225,1
236226,2
236227,1
236228,2
236229,2
236230,1
236231,0
236232,1
236233,1
236234,2
236235,0
236236,1
236237,1
236238,2
236239,1
236240,1
236241,0
236242,2
236243,2
236244,1
236245,2
236246,2
236247,1
236248,0
236249,0
236250,2
236251,0
236252,2
236253,1
236254,2
236255,0
236256,1
236257,2
236258,2
236259,0
236260,2
236261,2
236262,0
236263,2
236264,2
236265,2
236266,0
236267,2
236268,0
236269,1
236270,2
236271,2
236272,0
236273,2
236274,1
236275,1
236276,1
236277,1
236278,2
236279,2
236280,2
236281,2
236282,1
236283,1
236284,1
236285,1
236286,1
236287,1
236288,0
236289,1
236290,1
236291,2
236292,0
236293,0
236294,2
236295,1
236296,0
236297,0
236298,1
236299,1
236300,2
236301,0
236302,2
236303,1
236304,1
236305,2
236306,2
236307,1
236308,1
236309,1
236310,2
236311,2
236312,1
236313,0
236314,1
236315,2
236316,1
236317,0
236318,1
236319,2
236320,2
236321,2
236322,0
236323,2
236324,1
236325,2
236326,1
236327,2
236328,1
236329,0
236330,1
236331,0
236332,2
236333,0
236334,2
236335,2
236336,0
236337,0
236338,2
236339,2
236340,1
236341,2
236342,2
236343,2
236344,2
236345,1
236346,2
236347,2
236348,0
236349,2
236350,1
236351,1
236352,1
236353,2
236354,2
236355,0
236356,1
236357,2
236358,1
236359,1
236360,2
236361,2
236362,0
236363,2
236364,1
236365,0
236366,2
236367,0
236368,2
236369,2
236370,1
236371,1
236372,2
236373,2
236374,1
236375,1
236376,0
236377,1
236378,2
236379,2
236380,0
236381,1
236382,2
236383,2
236384,2
236385,1
236386,2
236387,1
236388,1
236389,2
236390,1
236391,1
236392,2
236393,1
236394,0
236395,1
236396,2
236397,1
236398,2
236399,1
236400,0
236401,0
236402,0
236403,0
236404,2
236405,2
236406,2
236407,1
236408,2
236409,0
236410,1
236411,0
236412,2
236413,0
236414,2
236415,2
236416,2
236417,0
236418,2
236419,1
236420,1
236421,1
236422,0
236423,1
236424,1
236425,1
236426,2
236427,0
236428,0
236429,2
236430,2
236431,2
236432,0
236433,0
236434,0
236435,1
236436,1
236437,0
236438,1
236439,2
236440,2
236441,2
236442,2
236443,1
236444,1
236445,1
236446,2
236447,2
236448,2
236449,2
236450,0
236451,0
236452,0
236453,0
236454,0
236455,2
236456,0
236457,2
236458,2
236459,2
236460,2
236461,2
236462,0
236463,2
236464,2
236465,1
236466,2
236467,2
236468,2
236469,2
236470,1
236471,0
236472,1
236473,0
236474,2
236475,2
236476,0
236477,1
236478,0
236479,1
236480,1
236481,1
236482,1
236483,2
236484,1
236485,2
236486,1
236487,2
236488,0
236489,1
236490,1
236491,2
236492,0
236493,1
236494,2
236495,2
236496,2
236497,2
236498,1
236499,0
236500,2
236501,0
236502,0
236503,1
236504,1
236505,1
236506,2
236507,2
236508,2
236509,2
236510,1
236511,0
236512,2
236513,0
236514,2
236515,2
236516,2
236517,1
236518,1
236519,0
236520,2
236521,1
236522,1
236523,0
236524,1
236525,1
236526,1
236527,0
236528,1
236529,2
236530,1
236531,1
236532,1
236533,2
236534,2
236535,1
236536,0
236537,1
236538,1
236539,2
236540,0
236541,0
236542,2
236543,1
236544,2
236545,2
236546,2
236547,0
236548,1
236549,2
236550,1
236551,1
236552,2
236553,2
236554,1
236555,1
236556,2
236557,0
236558,2
236559,1
236560,0
236561,2
236562,1
236563,2
236564,1
236565,1
236566,1
236567,2
236568,1
236569,0
236570,2
236571,0
236572,1
236573,0
236574,2
236575,2
236576,2
236577,0
236578,1
236579,2
236580,1
236581,1
236582,2
236583,1
236584,2
236585,2
236586,0
236587,2
236588,0
236589,2
236590,2
236591,0
236592,1
236593,1
236594,2
236595,0
236596,1
236597,1
236598,2
236599,1
236600,0
236601,2
236602,1
236603,2
236604,1
236605,1
236606,0
236607,2
236608,2
236609,2
236610,1
236611,1
236612,2
236613,2
236614,2
236615,2
236616,0
236617,0
236618,0
236619,2
236620,0
236621,0
236622,1
236623,2
236624,1
236625,0
236626,2
236627,1
236628,1
236629,0
236630,1
236631,1
236632,2
236633,2
236634,0
236635,1
236636,1
236637,1
236638,1
236639,2
236640,0
236641,1
236642,2
236643,2
236644,2
236645,1
236646,0
236647,1
236648,2
236649,2
236650,2
236651,2
236652,2
236653,0
236654,0
236655,1
236656,2
236657,2
236658,2
236659,2
236660,2
236661,1
236662,2
236663,2
236664,1
236665,1
236666,1
236667,1
236668,0
236669,0
236670,0
236671,2
236672,2
236673,0
236674,2
236675,2
236676,1
236677,1
236678,2
236679,1
236680,2
236681,2
236682,0
236683,0
236684,0
236685,2
236686,1
236687,1
236688,2
236689,2
236690,2
236691,0
236692,1
236693,1
236694,2
236695,0
236696,2
236697,1
236698,0
236699,0
236700,2
236701,0
236702,2
236703,1
236704,0
236705,2
236706,1
236707,1
236708,0
236709,2
236710,2
236711,1
236712,2
236713,2
236714,1
236715,1
236716,2
236717,1
236718,2
236719,1
236720,2
236721,1
236722,1
236723,2
236724,0
236725,0
236726,2
236727,1
236728,1
236729,0
236730,0
236731,2
236732,2
236733,0
236734,0
236735,0
236736,0
236737,2
236738,0
236739,1
236740,2
236741,1
236742,1
236743,2
236744,1
236745,2
236746,2
236747,2
236748,1
236749,1
236750,0
236751,1
236752,1
236753,1
236754,1
236755,0
236756,1
236757,1
236758,1
236759,2
236760,0
236761,1
236762,1
236763,2
236764,1
236765,1
236766,1
236767,1
236768,2
236769,1
236770,2
236771,2
236772,2
236773,1
236774,1
236775,1
236776,2
236777,2
236778,2
236779,2
236780,0
236781,0
236782,1
236783,0
236784,0
236785,2
236786,2
236787,2
236788,0
236789,2
236790,2
236791,1
236792,2
236793,2
236794,1
236795,2
236796,0
236797,2
236798,2
236799,2
236800,0
236801,0
236802,2
236803,1
236804,1
236805,0
236806,2
236807,2
236808,0
236809,2
236810,1
236811,2
236812,1
236813,2
236814,2
236815,0
236816,1
236817,2
236818,2
236819,2
236820,2
236821,1
236822,1
236823,2
236824,1
236825,2
236826,2
236827,2
236828,2
236829,0
236830,2
236831,0
236832,2
236833,1
236834,2
236835,2
236836,1
236837,0
236838,2
236839,2
236840,1
236841,0
236842,0
236843,2
236844,0
236845,1
236846,2
236847,1
236848,1
236849,1
236850,1
236851,1
236852,2
236853,0
236854,2
236855,2
236856,2
236857,2
236858,1
236859,1
236860,0
236861,1
236862,2
236863,1
236864,2
236865,2
236866,1
236867,1
236868,1
236869,2
236870,1
236871,1
236872,2
236873,0
236874,1
236875,1
236876,2
236877,2
236878,0
236879,0
236880,1
236881,1
236882,2
236883,2
236884,2
236885,1
236886,0
236887,1
236888,1
236889,2
236890,2
236891,0
236892,2
236893,2
236894,1
236895,2
236896,0
236897,1
236898,1
236899,2
236900,1
236901,2
236902,1
236903,1
236904,0
236905,0
236906,1
236907,0
236908,1
236909,2
236910,2
236911,1
236912,1
236913,0
236914,1
236915,1
236916,0
236917,1
236918,1
236919,1
236920,1
236921,1
236922,1
236923,2
236924,2
236925,2
236926,1
236927,0
236928,0
236929,0
236930,0
236931,1
236932,0
236933,2
236934,0
236935,1
236936,1
236937,1
236938,0
236939,0
236940,2
236941,2
236942,1
236943,0
236944,1
236945,2
236946,0
236947,1
236948,1
236949,1
236950,2
236951,2
236952,2
236953,1
236954,1
236955,2
236956,0
236957,2
236958,0
236959,1
236960,1
236961,2
236962,2
236963,2
236964,0
236965,2
236966,1
236967,1
236968,2
236969,1
236970,1
236971,2
236972,2
236973,0
236974,1
236975,1
236976,2
236977,1
236978,2
236979,0
236980,1
236981,1
236982,2
236983,1
236984,2
236985,1
236986,2
236987,0
236988,1
236989,0
236990,1
236991,2
236992,0
236993,2
236994,2
236995,0
236996,1
236997,2
236998,0
236999,2
237000,0
237001,2
237002,2
237003,2
237004,1
237005,1
237006,1
237007,2
237008,2
237009,2
237010,2
237011,2
237012,0
237013,0
237014,0
237015,2
237016,0
237017,2
237018,1
237019,1
237020,1
237021,2
237022,0
237023,1
237024,1
237025,2
237026,0
237027,2
237028,1
237029,1
237030,2
237031,1
237032,1
237033,1
237034,1
237035,2
237036,2
237037,0
237038,0
237039,1
237040,0
237041,1
237042,2
237043,1
237044,1
237045,1
237046,2
237047,1
237048,2
237049,1
237050,0
237051,2
237052,0
237053,2
237054,2
237055,2
237056,2
237057,0
237058,2
237059,1
237060,2
237061,0
237062,1
237063,1
237064,1
237065,0
237066,2
237067,0
237068,2
237069,1
237070,2
237071,0
237072,2
237073,1
237074,2
237075,0
237076,1
237077,1
237078,0
237079,0
237080,1
237081,1
237082,2
237083,2
237084,0
237085,2
237086,0
237087,2
237088,2
237089,2
237090,2
237091,2
237092,1
237093,0
237094,2
237095,1
237096,2
237097,2
237098,0
237099,1
237100,2
237101,1
237102,2
237103,0
237104,0
237105,1
237106,2
237107,2
237108,0
237109,2
237110,1
237111,1
237112,1
237113,0
237114,0
237115,0
237116,2
237117,1
237118,0
237119,1
237120,1
237121,2
237122,0
237123,2
237124,2
237125,1
237126,2
237127,2
237128,2
237129,2
237130,1
237131,2
237132,0
237133,2
237134,0
237135,2
237136,0
237137,2
237138,2
237139,1
237140,1
237141,0
237142,2
237143,1
237144,1
237145,2
237146,2
237147,1
237148,2
237149,0
237150,0
237151,1
237152,1
237153,2
237154,2
237155,0
237156,0
237157,2
237158,1
237159,2
237160,1
237161,2
237162,2
237163,2
237164,2
237165,1
237166,2
237167,0
237168,2
237169,2
237170,2
237171,2
237172,0
237173,1
237174,2
237175,1
237176,2
237177,1
237178,1
237179,1
237180,1
237181,1
237182,1
237183,2
237184,2
237185,2
237186,0
237187,2
237188,1
237189,1
237190,2
237191,2
237192,1
237193,1
237194,2
237195,0
237196,2
237197,0
237198,2
237199,2
237200,2
237201,2
237202,2
237203,1
237204,0
237205,1
237206,2
237207,2
237208,2
237209,1
237210,0
237211,0
237212,1
237213,2
237214,2
237215,1
237216,1
237217,1
237218,2
237219,0
237220,1
237221,0
237222,2
237223,1
237224,0
237225,0
237226,2
237227,1
237228,2
237229,1
237230,1
237231,2
237232,0
237233,0
237234,2
237235,2
237236,0
237237,2
237238,0
237239,1
237240,2
237241,2
237242,1
237243,0
237244,1
237245,1
237246,0
237247,2
237248,0
237249,2
237250,1
237251,2
237252,2
237253,2
237254,2
237255,1
237256,2
237257,1
237258,1
237259,1
237260,2
237261,2
237262,0
237263,2
237264,2
237265,1
237266,2
237267,2
237268,0
237269,2
237270,1
237271,0
237272,1
237273,1
237274,2
237275,2
237276,0
237277,1
237278,1
237279,2
237280,1
237281,1
237282,0
237283,1
237284,0
237285,0
237286,0
237287,2
237288,2
237289,1
237290,1
237291,2
237292,1
237293,2
237294,2
237295,2
237296,0
237297,2
237298,2
237299,2
237300,0
237301,2
237302,0
237303,0
237304,1
237305,2
237306,1
237307,1
237308,2
237309,0
237310,2
237311,0
237312,1
237313,2
237314,0
237315,1
237316,1
237317,0
237318,1
237319,2
237320,2
237321,0
237322,0
237323,2
237324,1
237325,2
237326,0
237327,1
237328,1
237329,0
237330,2
237331,0
237332,1
237333,1
237334,2
237335,1
237336,0
237337,2
237338,1
237339,1
237340,0
237341,2
237342,1
237343,2
237344,1
237345,1
237346,1
237347,2
237348,1
237349,1
237350,2
237351,2
237352,0
237353,1
237354,1
237355,1
237356,1
237357,2
237358,2
237359,1
237360,1
237361,2
237362,2
237363,2
237364,1
237365,2
237366,2
237367,1
237368,2
237369,0
237370,2
237371,1
237372,1
237373,0
237374,1
237375,1
237376,2
237377,2
237378,1
237379,1
237380,2
237381,2
237382,1
237383,2
237384,2
237385,2
237386,2
237387,2
237388,1
237389,2
237390,0
237391,0
237392,2
237393,1
237394,2
237395,0
237396,2
237397,1
237398,2
237399,0
237400,1
237401,2
237402,0
237403,0
237404,1
237405,1
237406,0
237407,2
237408,2
237409,2
237410,0
237411,2
237412,1
237413,2
237414,0
237415,0
237416,2
237417,1
237418,0
237419,1
237420,1
237421,1
237422,2
237423,0
237424,1
237425,0
237426,2
237427,0
237428,0
237429,0
237430,1
237431,2
237432,1
237433,2
237434,2
237435,2
237436,1
237437,0
237438,0
237439,1
237440,0
237441,2
237442,1
237443,1
237444,2
237445,1
237446,2
237447,0
237448,2
237449,1
237450,1
237451,1
237452,2
237453,2
237454,1
237455,0
237456,1
237457,2
237458,2
237459,0
237460,2
237461,2
237462,2
237463,0
237464,2
237465,0
237466,2
237467,2
237468,1
237469,2
237470,1
237471,2
237472,0
237473,1
237474,2
237475,2
237476,1
237477,0
237478,1
237479,0
237480,2
237481,0
237482,0
237483,2
237484,2
237485,2
237486,2
237487,1
237488,2
237489,1
237490,2
237491,2
237492,0
237493,1
237494,2
237495,0
237496,0
237497,2
237498,2
237499,0
237500,2
237501,0
237502,2
237503,2
237504,2
237505,0
237506,2
237507,1
237508,1
237509,1
237510,2
237511,1
237512,2
237513,1
237514,1
237515,1
237516,1
237517,2
237518,2
237519,1
237520,1
237521,2
237522,1
237523,2
237524,1
237525,1
237526,2
237527,1
237528,2
237529,1
237530,0
237531,0
237532,2
237533,2
237534,2
237535,2
237536,1
237537,2
237538,1
237539,2
237540,2
237541,2
237542,1
237543,2
237544,1
237545,2
237546,1
237547,1
237548,2
237549,1
237550,2
237551,2
237552,1
237553,1
237554,1
237555,1
237556,2
237557,1
237558,2
237559,1
237560,0
237561,1
237562,1
237563,2
237564,0
237565,2
237566,0
237567,2
237568,1
237569,2
237570,2
237571,2
237572,2
237573,2
237574,0
237575,1
237576,1
237577,2
237578,1
237579,0
237580,0
237581,2
237582,2
237583,2
237584,1
237585,0
237586,1
237587,0
237588,2
237589,1
237590,2
237591,2
237592,1
237593,1
237594,1
237595,0
237596,1
237597,1
237598,1
237599,1
237600,0
237601,1
237602,1
237603,1
237604,0
237605,0
237606,0
237607,1
237608,1
237609,2
237610,0
237611,1
237612,1
237613,1
237614,1
237615,1
237616,2
237617,2
237618,2
237619,2
237620,1
237621,1
237622,0
237623,2
237624,0
237625,2
237626,0
237627,2
237628,0
237629,2
237630,2
237631,0
237632,1
237633,2
237634,0
237635,0
237636,1
237637,0
237638,1
237639,2
237640,2
237641,2
237642,0
237643,2
237644,1
237645,0
237646,1
237647,0
237648,2
237649,0
237650,2
237651,0
237652,2
237653,0
237654,1
237655,2
237656,2
237657,1
237658,1
237659,2
237660,1
237661,1
237662,0
237663,1
237664,1
237665,1
237666,0
237667,2
237668,1
237669,1
237670,2
237671,0
237672,2
237673,0
237674,1
237675,2
237676,0
237677,1
237678,1
237679,2
237680,0
237681,2
237682,0
237683,1
237684,0
237685,1
237686,2
237687,2
237688,1
237689,1
237690,2
237691,0
237692,2
237693,1
237694,1
237695,1
237696,2
237697,1
237698,1
237699,2
237700,2
237701,2
237702,0
237703,1
237704,2
237705,0
237706,1
237707,0
237708,2
237709,0
237710,0
237711,1
237712,2
237713,1
237714,1
237715,2
237716,0
237717,2
237718,1
237719,0
237720,2
237721,1
237722,1
237723,0
237724,0
237725,2
237726,1
237727,1
237728,2
237729,0
237730,0
237731,2
237732,2
237733,0
237734,0
237735,2
237736,0
237737,1
237738,1
237739,2
237740,2
237741,1
237742,0
237743,0
237744,1
237745,2
237746,2
237747,0
237748,2
237749,1
237750,2
237751,2
237752,2
237753,0
237754,0
237755,1
237756,0
237757,1
237758,2
237759,2
237760,2
237761,1
237762,1
237763,2
237764,2
237765,1
237766,2
237767,1
237768,1
237769,0
237770,0
237771,1
237772,2
237773,2
237774,2
237775,1
237776,1
237777,0
237778,1
237779,2
237780,1
237781,2
237782,0
237783,1
237784,1
237785,2
237786,2
237787,0
237788,2
237789,2
237790,0
237791,0
237792,0
237793,0
237794,1
237795,0
237796,0
237797,2
237798,1
237799,2
237800,2
237801,1
237802,1
237803,2
237804,2
237805,2
237806,1
237807,1
237808,1
237809,0
237810,2
237811,2
237812,2
237813,1
237814,1
237815,1
237816,2
237817,2
237818,2
237819,2
237820,1
237821,1
237822,0
237823,0
237824,0
237825,1
237826,1
237827,2
237828,2
237829,2
237830,1
237831,1
237832,1
237833,0
237834,2
237835,2
237836,0
237837,2
237838,2
237839,1
237840,2
237841,2
237842,2
237843,2
237844,0
237845,2
237846,2
237847,2
237848,2
237849,1
237850,0
237851,1
237852,2
237853,2
237854,1
237855,2
237856,0
237857,2
237858,1
237859,0
237860,1
237861,2
237862,0
237863,1
237864,1
237865,1
237866,1
237867,2
237868,2
237869,1
237870,1
237871,2
237872,1
237873,1
237874,2
237875,2
237876,1
237877,2
237878,2
237879,2
237880,0
237881,2
237882,2
237883,1
237884,0
237885,0
237886,1
237887,2
237888,1
237889,2
237890,2
237891,2
237892,0
237893,0
237894,1
237895,0
237896,2
237897,0
237898,1
237899,0
237900,2
237901,0
237902,2
237903,0
237904,0
237905,2
237906,2
237907,0
237908,2
237909,1
237910,1
237911,0
237912,1
237913,1
237914,2
237915,0
237916,1
237917,0
237918,1
237919,2
237920,0
237921,2
237922,2
237923,2
237924,1
237925,0
237926,0
237927,2
237928,1
237929,2
237930,2
237931,2
237932,2
237933,2
237934,1
237935,2
237936,2
237937,2
237938,1
237939,1
237940,1
237941,2
237942,0
237943,0
237944,1
237945,1
237946,2
237947,2
237948,1
237949,2
237950,1
237951,2
237952,2
237953,0
237954,2
237955,2
237956,2
237957,0
237958,2
237959,1
237960,1
237961,0
237962,0
237963,0
237964,1
237965,2
237966,2
237967,1
237968,2
237969,0
237970,1
237971,2
237972,2
237973,1
237974,1
237975,0
237976,0
237977,0
237978,2
237979,1
237980,2
237981,1
237982,0
237983,1
237984,2
237985,2
237986,1
237987,2
237988,0
237989,1
237990,1
237991,2
237992,0
237993,2
237994,1
237995,2
237996,0
237997,1
237998,2
237999,2
238000,1
238001,1
238002,2
238003,2
238004,0
238005,0
238006,1
238007,2
238008,2
238009,0
238010,2
238011,1
238012,0
238013,1
238014,1
238015,0
238016,0
238017,1
238018,1
238019,1
238020,2
238021,1
238022,1
238023,2
238024,1
238025,2
238026,0
238027,1
238028,1
238029,1
238030,2
238031,2
238032,0
238033,2
238034,0
238035,0
238036,2
238037,2
238038,2
238039,2
238040,1
238041,2
238042,0
238043,2
238044,2
238045,1
238046,1
238047,1
238048,2
238049,2
238050,2
238051,2
238052,0
238053,2
238054,2
238055,0
238056,1
238057,0
238058,1
238059,2
238060,1
238061,2
238062,1
238063,1
238064,2
238065,2
238066,1
238067,2
238068,2
238069,2
238070,2
238071,0
238072,1
238073,1
238074,0
238075,0
238076,2
238077,2
238078,1
238079,2
238080,1
238081,1
238082,0
238083,0
238084,2
238085,1
238086,2
238087,2
238088,0
238089,2
238090,1
238091,0
238092,2
238093,2
238094,1
238095,0
238096,0
238097,1
238098,2
238099,1
238100,2
238101,1
238102,0
238103,2
238104,0
238105,1
238106,1
238107,0
238108,1
238109,0
238110,2
238111,2
238112,1
238113,2
238114,0
238115,1
238116,1
238117,0
238118,0
238119,2
238120,1
238121,1
238122,2
238123,1
238124,1
238125,1
238126,1
238127,2
238128,0
238129,2
238130,2
238131,0
238132,1
238133,1
238134,1
238135,0
238136,1
238137,1
238138,1
238139,1
238140,1
238141,2
238142,2
238143,1
238144,1
238145,1
238146,2
238147,2
238148,2
238149,2
238150,1
238151,2
238152,2
238153,0
238154,2
238155,1
238156,1
238157,1
238158,2
238159,2
238160,1
238161,2
238162,2
238163,2
238164,0
238165,0
238166,1
238167,0
238168,2
238169,0
238170,1
238171,1
238172,0
238173,2
238174,2
238175,1
238176,0
238177,1
238178,2
238179,2
238180,2
238181,2
238182,2
238183,0
238184,2
238185,2
238186,2
238187,1
238188,1
238189,2
238190,1
238191,2
238192,0
238193,2
238194,2
238195,1
238196,2
238197,0
238198,0
238199,2
238200,1
238201,0
238202,0
238203,2
238204,1
238205,0
238206,2
238207,1
238208,1
238209,2
238210,0
238211,1
238212,2
238213,1
238214,1
238215,2
238216,2
238217,0
238218,0
238219,1
238220,1
238221,0
238222,0
238223,2
238224,1
238225,1
238226,0
238227,0
238228,1
238229,2
238230,2
238231,2
238232,1
238233,2
238234,2
238235,2
238236,2
238237,0
238238,0
238239,2
238240,2
238241,2
238242,0
238243,2
238244,0
238245,2
238246,1
238247,2
238248,1
238249,1
238250,2
238251,1
238252,2
238253,1
238254,1
238255,1
238256,2
238257,2
238258,1
238259,2
238260,2
238261,2
238262,2
238263,1
238264,2
238265,0
238266,2
238267,0
238268,2
238269,2
238270,2
238271,2
238272,1
238273,1
238274,1
238275,2
238276,2
238277,2
238278,2
238279,0
238280,1
238281,1
238282,2
238283,1
238284,0
238285,0
238286,2
238287,1
238288,2
238289,1
238290,2
238291,1
238292,2
238293,2
238294,0
238295,1
238296,1
238297,0
238298,2
238299,0
238300,1
238301,2
238302,1
238303,1
238304,1
238305,1
238306,2
238307,1
238308,1
238309,2
238310,0
238311,1
238312,2
238313,2
238314,2
238315,0
238316,0
238317,2
238318,2
238319,1
238320,2
238321,1
238322,0
238323,2
238324,2
238325,2
238326,1
238327,2
238328,0
238329,1
238330,0
238331,0
238332,2
238333,0
238334,2
238335,2
238336,2
238337,1
238338,1
238339,2
238340,1
238341,1
238342,1
238343,2
238344,2
238345,1
238346,2
238347,2
238348,0
238349,0
238350,2
238351,2
238352,2
238353,2
238354,0
238355,2
238356,2
238357,2
238358,2
238359,0
238360,1
238361,1
238362,0
238363,2
238364,1
238365,1
238366,1
238367,2
238368,0
238369,2
238370,2
238371,2
238372,1
238373,2
238374,2
238375,0
238376,1
238377,0
238378,2
238379,1
238380,1
238381,2
238382,2
238383,2
238384,0
238385,2
238386,2
238387,0
238388,2
238389,1
238390,2
238391,2
238392,0
238393,0
238394,2
238395,0
238396,1
238397,0
238398,2
238399,0
238400,1
238401,1
238402,1
238403,1
238404,1
238405,2
238406,1
238407,2
238408,1
238409,2
238410,0
238411,2
238412,1
238413,2
238414,1
238415,1
238416,2
238417,1
238418,2
238419,1
238420,2
238421,0
238422,1
238423,2
238424,1
238425,1
238426,0
238427,2
238428,1
238429,1
238430,2
238431,1
238432,1
238433,2
238434,2
238435,0
238436,2
238437,0
238438,1
238439,2
238440,0
238441,0
238442,2
238443,2
238444,1
238445,1
238446,2
238447,2
238448,2
238449,1
238450,2
238451,1
238452,2
238453,2
238454,1
238455,0
238456,2
238457,1
238458,2
238459,1
238460,2
238461,0
238462,2
238463,0
238464,0
238465,1
238466,1
238467,2
238468,0
238469,0
238470,2
238471,2
238472,1
238473,2
238474,2
238475,1
238476,1
238477,2
238478,0
238479,2
238480,0
238481,2
238482,1
238483,0
238484,0
238485,1
238486,2
238487,2
238488,0
238489,1
238490,0
238491,1
238492,2
238493,0
238494,2
238495,0
238496,1
238497,1
238498,1
238499,1
238500,0
238501,1
238502,1
238503,1
238504,2
238505,2
238506,1
238507,0
238508,0
238509,0
238510,1
238511,2
238512,2
238513,0
238514,1
238515,2
238516,1
238517,1
238518,1
238519,1
238520,0
238521,0
238522,1
238523,1
238524,2
238525,2
238526,0
238527,1
238528,1
238529,0
238530,0
238531,1
238532,0
238533,1
238534,0
238535,1
238536,2
238537,2
238538,1
238539,2
238540,2
238541,2
238542,2
238543,1
238544,2
238545,0
238546,0
238547,1
238548,2
238549,2
238550,2
238551,2
238552,1
238553,2
238554,0
238555,0
238556,0
238557,0
238558,2
238559,1
238560,0
238561,0
238562,2
238563,2
238564,2
238565,2
238566,0
238567,1
238568,2
238569,0
238570,1
238571,2
238572,2
238573,0
238574,2
238575,2
238576,1
238577,2
238578,1
238579,2
238580,2
238581,2
238582,2
238583,0
238584,2
238585,2
238586,2
238587,1
238588,1
238589,1
238590,2
238591,2
238592,2
238593,1
238594,0
238595,2
238596,2
238597,1
238598,1
238599,2
238600,1
238601,0
238602,1
238603,1
238604,2
238605,0
238606,2
238607,1
238608,2
238609,2
238610,1
238611,1
238612,2
238613,2
238614,0
238615,2
238616,2
238617,0
238618,1
238619,2
238620,2
238621,1
238622,1
238623,2
238624,2
238625,0
238626,2
238627,0
238628,0
238629,1
238630,2
238631,1
238632,2
238633,2
238634,1
238635,0
238636,1
238637,0
238638,0
238639,1
238640,2
238641,2
238642,2
238643,2
238644,2
238645,0
238646,2
238647,1
238648,0
238649,2
238650,0
238651,2
238652,1
238653,1
238654,1
238655,1
238656,2
238657,2
238658,2
238659,1
238660,1
238661,1
238662,2
238663,1
238664,1
238665,1
238666,1
238667,0
238668,2
238669,2
238670,1
238671,2
238672,1
238673,0
238674,2
238675,2
238676,2
238677,2
238678,2
238679,2
238680,2
238681,2
238682,2
238683,2
238684,0
238685,1
238686,1
238687,0
238688,0
238689,1
238690,1
238691,2
238692,0
238693,0
238694,2
238695,1
238696,1
238697,1
238698,1
238699,0
238700,0
238701,1
238702,2
238703,1
238704,1
238705,2
238706,1
238707,1
238708,1
238709,0
238710,2
238711,2
238712,2
238713,2
238714,0
238715,0
238716,0
238717,0
238718,0
238719,0
238720,2
238721,0
238722,2
238723,2
238724,2
238725,1
238726,2
238727,2
238728,1
238729,2
238730,2
238731,2
238732,1
238733,2
238734,2
238735,2
238736,1
238737,1
238738,1
238739,1
238740,1
238741,1
238742,1
238743,2
238744,2
238745,2
238746,1
238747,2
238748,0
238749,2
238750,2
238751,2
238752,0
238753,2
238754,0
238755,1
238756,1
238757,2
238758,2
238759,1
238760,0
238761,2
238762,1
238763,0
238764,1
238765,0
238766,2
238767,0
238768,2
238769,2
238770,0
238771,2
238772,0
238773,2
238774,2
238775,0
238776,1
238777,1
238778,2
238779,2
238780,1
238781,2
238782,1
238783,2
238784,1
238785,1
238786,1
238787,1
238788,0
238789,0
238790,1
238791,2
238792,0
238793,0
238794,1
238795,1
238796,0
238797,1
238798,0
238799,2
238800,1
238801,2
238802,2
238803,0
238804,1
238805,0
238806,2
238807,2
238808,1
238809,1
238810,2
238811,1
238812,2
238813,2
238814,2
238815,0
238816,2
238817,1
238818,1
238819,2
238820,0
238821,2
238822,2
238823,1
238824,0
238825,2
238826,2
238827,1
238828,2
238829,2
238830,2
238831,0
238832,0
238833,2
238834,0
238835,1
238836,2
238837,2
238838,0
238839,2
238840,2
238841,1
238842,1
238843,2
238844,2
238845,0
238846,2
238847,2
238848,2
238849,0
238850,2
238851,1
238852,1
238853,1
238854,2
238855,0
238856,2
238857,2
238858,2
238859,2
238860,0
238861,0
238862,0
238863,2
238864,1
238865,2
238866,0
238867,1
238868,0
238869,0
238870,1
238871,1
238872,1
238873,2
238874,0
238875,1
238876,0
238877,0
238878,0
238879,2
238880,2
238881,2
238882,2
238883,2
238884,2
238885,1
238886,2
238887,0
238888,0
238889,0
238890,2
238891,1
238892,2
238893,2
238894,1
238895,2
238896,1
238897,2
238898,1
238899,2
238900,0
238901,1
238902,2
238903,2
238904,2
238905,0
238906,2
238907,0
238908,2
238909,1
238910,1
238911,2
238912,0
238913,1
238914,1
238915,2
238916,1
238917,1
238918,1
238919,2
238920,2
238921,0
238922,0
238923,2
238924,2
238925,0
238926,2
238927,0
238928,0
238929,2
238930,1
238931,1
238932,0
238933,1
238934,1
238935,0
238936,1
238937,2
238938,1
238939,0
238940,0
238941,0
238942,1
238943,0
238944,1
238945,0
238946,1
238947,1
238948,2
238949,2
238950,1
238951,0
238952,2
238953,2
238954,1
238955,1
238956,2
238957,2
238958,1
238959,1
238960,2
238961,2
238962,2
238963,2
238964,1
238965,2
238966,1
238967,2
238968,1
238969,1
238970,0
238971,1
238972,0
238973,1
238974,2
238975,2
238976,0
238977,1
238978,2
238979,1
238980,2
238981,2
238982,2
238983,2
238984,0
238985,2
238986,1
238987,2
238988,2
238989,1
238990,2
238991,1
238992,2
238993,1
238994,0
238995,2
238996,2
238997,0
238998,1
238999,0
239000,0
239001,0
239002,1
239003,1
239004,1
239005,2
239006,2
239007,2
239008,0
239009,2
239010,1
239011,2
239012,2
239013,1
239014,2
239015,1
239016,2
239017,2
239018,2
239019,2
239020,0
239021,1
239022,0
239023,0
239024,1
239025,2
239026,1
239027,1
239028,0
239029,2
239030,1
239031,1
239032,2
239033,1
239034,1
239035,1
239036,1
239037,1
239038,2
239039,0
239040,2
239041,0
239042,2
239043,1
239044,0
239045,2
239046,0
239047,2
239048,2
239049,1
239050,2
239051,2
239052,2
239053,1
239054,2
239055,1
239056,0
239057,0
239058,0
239059,1
239060,2
239061,2
239062,1
239063,2
239064,2
239065,2
239066,2
239067,2
239068,0
239069,1
239070,2
239071,1
239072,1
239073,2
239074,1
239075,2
239076,2
239077,0
239078,1
239079,1
239080,1
239081,1
239082,1
239083,2
239084,1
239085,1
239086,1
239087,2
239088,0
239089,2
239090,0
239091,1
239092,1
239093,2
239094,2
239095,0
239096,0
239097,2
239098,2
239099,0
239100,2
239101,1
239102,1
239103,1
239104,1
239105,2
239106,1
239107,2
239108,2
239109,2
239110,1
239111,0
239112,2
239113,0
239114,0
239115,2
239116,0
239117,2
239118,2
239119,2
239120,2
239121,0
239122,2
239123,2
239124,1
239125,2
239126,1
239127,0
239128,0
239129,2
239130,2
239131,2
239132,1
239133,2
239134,1
239135,2
239136,1
239137,2
239138,2
239139,0
239140,2
239141,2
239142,1
239143,1
239144,1
239145,1
239146,1
239147,1
239148,1
239149,1
239150,1
239151,1
239152,0
239153,1
239154,2
239155,2
239156,2
239157,1
239158,2
239159,1
239160,2
239161,2
239162,1
239163,1
239164,1
239165,1
239166,2
239167,1
239168,0
239169,2
239170,2
239171,0
239172,1
239173,1
239174,0
239175,0
239176,0
239177,1
239178,0
239179,1
239180,0
239181,2
239182,0
239183,2
239184,1
239185,2
239186,0
239187,1
239188,0
239189,1
239190,2
239191,2
239192,0
239193,0
239194,2
239195,0
239196,1
239197,1
239198,0
239199,2
239200,2
239201,2
239202,0
239203,2
239204,2
239205,1
239206,0
239207,2
239208,0
239209,1
239210,1
239211,2
239212,2
239213,2
239214,2
239215,1
239216,2
239217,2
239218,1
239219,2
239220,2
239221,1
239222,0
239223,2
239224,2
239225,2
239226,0
239227,2
239228,1
239229,2
239230,1
239231,2
239232,2
239233,1
239234,0
239235,1
239236,1
239237,1
239238,2
239239,1
239240,2
239241,2
239242,2
239243,1
239244,2
239245,2
239246,1
239247,1
239248,2
239249,2
239250,2
239251,2
239252,2
239253,2
239254,1
239255,0
239256,2
239257,2
239258,2
239259,2
239260,1
239261,1
239262,2
239263,2
239264,1
239265,2
239266,1
239267,1
239268,0
239269,2
239270,2
239271,2
239272,1
239273,2
239274,0
239275,2
239276,0
239277,0
239278,2
239279,2
239280,1
239281,2
239282,0
239283,2
239284,2
239285,2
239286,1
239287,2
239288,2
239289,2
239290,1
239291,0
239292,2
239293,1
239294,1
239295,1
239296,2
239297,0
239298,1
239299,2
239300,0
239301,0
239302,1
239303,0
239304,0
239305,2
239306,2
239307,1
239308,2
239309,1
239310,0
239311,2
239312,2
239313,1
239314,0
239315,1
239316,1
239317,2
239318,0
239319,0
239320,2
239321,0
239322,1
239323,1
239324,1
239325,2
239326,2
239327,0
239328,1
239329,2
239330,1
239331,1
239332,1
239333,2
239334,1
239335,1
239336,2
239337,2
239338,1
239339,1
239340,2
239341,0
239342,0
239343,2
239344,2
239345,1
239346,1
239347,0
239348,1
239349,0
239350,0
239351,2
239352,2
239353,2
239354,1
239355,2
239356,1
239357,2
239358,0
239359,1
239360,1
239361,2
239362,1
239363,1
239364,1
239365,0
239366,2
239367,1
239368,2
239369,0
239370,1
239371,0
239372,1
239373,1
239374,1
239375,1
239376,1
239377,0
239378,2
239379,1
239380,0
239381,1
239382,2
239383,1
239384,2
239385,1
239386,1
239387,1
239388,0
239389,2
239390,1
239391,2
239392,1
239393,2
239394,1
239395,0
239396,1
239397,1
239398,2
239399,0
239400,0
239401,2
239402,2
239403,2
239404,1
239405,2
239406,0
239407,2
239408,2
239409,1
239410,2
239411,2
239412,1
239413,1
239414,1
239415,2
239416,1
239417,1
239418,1
239419,0
239420,0
239421,1
239422,0
239423,1
239424,1
239425,2
239426,1
239427,0
239428,2
239429,0
239430,0
239431,2
239432,1
239433,0
239434,0
239435,2
239436,1
239437,0
239438,2
239439,0
239440,2
239441,2
239442,0
239443,2
239444,2
239445,2
239446,1
239447,2
239448,0
239449,2
239450,2
239451,0
239452,2
239453,1
239454,2
239455,1
239456,1
239457,2
239458,0
239459,0
239460,2
239461,2
239462,0
239463,2
239464,2
239465,0
239466,2
239467,2
239468,0
239469,2
239470,2
239471,2
239472,1
239473,2
239474,1
239475,2
239476,0
239477,1
239478,1
239479,1
239480,1
239481,1
239482,2
239483,2
239484,2
239485,2
239486,1
239487,2
239488,0
239489,1
239490,1
239491,2
239492,1
239493,0
239494,2
239495,0
239496,0
239497,1
239498,2
239499,2
239500,2
239501,2
239502,2
239503,1
239504,2
239505,1
239506,1
239507,1
239508,1
239509,0
239510,0
239511,2
239512,1
239513,1
239514,2
239515,2
239516,1
239517,2
239518,2
239519,0
239520,2
239521,0
239522,0
239523,1
239524,2
239525,2
239526,2
239527,1
239528,1
239529,1
239530,2
239531,1
239532,1
239533,1
239534,2
239535,1
239536,1
239537,1
239538,2
239539,1
239540,2
239541,2
239542,1
239543,0
239544,2
239545,1
239546,2
239547,0
239548,0
239549,2
239550,2
239551,0
239552,2
239553,2
239554,0
239555,1
239556,1
239557,0
239558,0
239559,2
239560,0
239561,1
239562,2
239563,2
239564,1
239565,1
239566,2
239567,2
239568,0
239569,1
239570,1
239571,1
239572,1
239573,1
239574,0
239575,2
239576,2
239577,1
239578,2
239579,2
239580,0
239581,1
239582,0
239583,2
239584,2
239585,0
239586,1
239587,0
239588,1
239589,1
239590,2
239591,2
239592,1
239593,1
239594,2
239595,0
239596,0
239597,1
239598,2
239599,0
239600,2
239601,1
239602,2
239603,1
239604,1
239605,2
239606,1
239607,1
239608,1
239609,0
239610,0
239611,2
239612,2
239613,1
239614,1
239615,1
239616,1
239617,1
239618,0
239619,1
239620,2
239621,2
239622,1
239623,2
239624,0
239625,2
239626,0
239627,2
239628,2
239629,2
239630,0
239631,1
239632,1
239633,1
239634,2
239635,1
239636,0
239637,2
239638,2
239639,0
239640,2
239641,1
239642,0
239643,1
239644,1
239645,1
239646,1
239647,1
239648,1
239649,2
239650,2
239651,2
239652,0
239653,1
239654,0
239655,1
239656,2
239657,1
239658,1
239659,1
239660,2
239661,2
239662,2
239663,1
239664,0
239665,1
239666,1
239667,2
239668,1
239669,2
239670,1
239671,1
239672,2
239673,1
239674,2
239675,1
239676,1
239677,0
239678,1
239679,0
239680,1
239681,2
239682,2
239683,0
239684,2
239685,2
239686,1
239687,0
239688,1
239689,2
239690,1
239691,1
239692,1
239693,2
239694,2
239695,1
239696,0
239697,2
239698,2
239699,1
239700,1
239701,2
239702,2
239703,0
239704,2
239705,0
239706,2
239707,1
239708,2
239709,2
239710,2
239711,1
239712,2
239713,2
239714,2
239715,2
239716,1
239717,1
239718,2
239719,0
239720,2
239721,2
239722,2
239723,2
239724,0
239725,1
239726,0
239727,2
239728,1
239729,1
239730,1
239731,2
239732,1
239733,1
239734,2
239735,0
239736,1
239737,2
239738,2
239739,2
239740,1
239741,1
239742,1
239743,2
239744,2
239745,1
239746,2
239747,2
239748,2
239749,1
239750,2
239751,1
239752,2
239753,2
239754,1
239755,0
239756,0
239757,2
239758,2
239759,2
239760,0
239761,1
239762,1
239763,0
239764,1
239765,2
239766,1
239767,1
239768,1
239769,2
239770,0
239771,1
239772,0
239773,2
239774,1
239775,2
239776,1
239777,0
239778,2
239779,1
239780,1
239781,2
239782,2
239783,1
239784,0
239785,2
239786,2
239787,2
239788,1
239789,2
239790,1
239791,2
239792,2
239793,2
239794,1
239795,2
239796,2
239797,2
239798,2
239799,0
239800,1
239801,0
239802,2
239803,2
239804,2
239805,2
239806,1
239807,1
239808,2
239809,1
239810,2
239811,2
239812,0
239813,2
239814,0
239815,2
239816,2
239817,0
239818,2
239819,2
239820,2
239821,1
239822,0
239823,0
239824,1
239825,1
239826,2
239827,1
239828,0
239829,1
239830,0
239831,2
239832,0
239833,0
239834,1
239835,2
239836,2
239837,2
239838,2
239839,2
239840,0
239841,1
239842,1
239843,2
239844,1
239845,2
239846,1
239847,0
239848,1
239849,0
239850,2
239851,0
239852,2
239853,2
239854,2
239855,1
239856,2
239857,1
239858,2
239859,2
239860,1
239861,0
239862,0
239863,2
239864,2
239865,1
239866,1
239867,0
239868,0
239869,1
239870,0
239871,1
239872,1
239873,1
239874,2
239875,0
239876,1
239877,1
239878,0
239879,2
239880,1
239881,2
239882,1
239883,1
239884,1
239885,1
239886,2
239887,2
239888,1
239889,1
239890,1
239891,2
239892,2
239893,1
239894,1
239895,1
239896,2
239897,1
239898,1
239899,2
239900,2
239901,1
239902,1
239903,0
239904,1
239905,0
239906,0
239907,2
239908,2
239909,1
239910,2
239911,0
239912,2
239913,2
239914,0
239915,2
239916,0
239917,2
239918,0
239919,1
239920,1
239921,2
239922,1
239923,1
239924,1
239925,2
239926,2
239927,1
239928,1
239929,1
239930,1
239931,2
239932,2
239933,1
239934,2
239935,0
239936,1
239937,2
239938,1
239939,2
239940,2
239941,2
239942,2
239943,1
239944,1
239945,2
239946,1
239947,0
239948,1
239949,1
239950,2
239951,2
239952,1
239953,2
239954,0
239955,1
239956,1
239957,2
239958,2
239959,0
239960,1
239961,1
239962,1
239963,1
239964,0
239965,1
239966,1
239967,0
239968,0
239969,2
239970,1
239971,2
239972,1
239973,2
239974,1
239975,2
239976,0
239977,2
239978,1
239979,0
239980,2
239981,1
239982,2
239983,2
239984,0
239985,1
239986,0
239987,2
239988,0
239989,1
239990,0
239991,0
239992,2
239993,2
239994,1
239995,0
239996,1
239997,2
239998,0
239999,1
240000,1
240001,0
240002,1
240003,1
240004,2
240005,1
240006,1
240007,2
240008,1
240009,2
240010,1
240011,0
240012,2
240013,2
240014,2
240015,2
240016,2
240017,2
240018,2
240019,1
240020,0
240021,1
240022,0
240023,1
240024,2
240025,2
240026,1
240027,2
240028,2
240029,1
240030,1
240031,1
240032,2
240033,0
240034,1
240035,1
240036,2
240037,1
240038,1
240039,0
240040,1
240041,2
240042,1
240043,2
240044,2
240045,2
240046,2
240047,1
240048,0
240049,2
240050,2
240051,1
240052,1
240053,0
240054,0
240055,1
240056,1
240057,2
240058,2
240059,0
240060,2
240061,0
240062,0
240063,2
240064,0
240065,0
240066,1
240067,1
240068,0
240069,0
240070,0
240071,2
240072,1
240073,1
240074,2
240075,1
240076,1
240077,0
240078,1
240079,2
240080,2
240081,1
240082,1
240083,2
240084,2
240085,1
240086,2
240087,1
240088,2
240089,2
240090,2
240091,0
240092,2
240093,1
240094,2
240095,2
240096,0
240097,2
240098,1
240099,0
240100,2
240101,1
240102,1
240103,1
240104,0
240105,1
240106,2
240107,2
240108,2
240109,0
240110,0
240111,2
240112,1
240113,0
240114,2
240115,1
240116,0
240117,0
240118,1
240119,1
240120,0
240121,1
240122,1
240123,2
240124,0
240125,0
240126,2
240127,2
240128,2
240129,2
240130,1
240131,0
240132,2
240133,0
240134,2
240135,2
240136,2
240137,2
240138,0
240139,0
240140,1
240141,1
240142,1
240143,2
240144,2
240145,0
240146,2
240147,0
240148,0
240149,1
240150,2
240151,1
240152,1
240153,1
240154,0
240155,1
240156,2
240157,2
240158,2
240159,2
240160,2
240161,1
240162,2
240163,1
240164,1
240165,2
240166,0
240167,0
240168,2
240169,0
240170,1
240171,0
240172,0
240173,1
240174,0
240175,2
240176,1
240177,1
240178,1
240179,1
240180,1
240181,1
240182,1
240183,0
240184,2
240185,1
240186,2
240187,0
240188,2
240189,0
240190,2
240191,2
240192,1
240193,1
240194,2
240195,2
240196,1
240197,2
240198,2
240199,1
240200,2
240201,1
240202,1
240203,0
240204,2
240205,1
240206,0
240207,0
240208,1
240209,1
240210,2
240211,2
240212,0
240213,1
240214,1
240215,1
240216,2
240217,0
240218,2
240219,0
240220,2
240221,1
240222,2
240223,0
240224,1
240225,1
240226,0
240227,0
240228,2
240229,2
240230,0
240231,2
240232,1
240233,0
240234,2
240235,0
240236,2
240237,2
240238,1
240239,2
240240,2
240241,0
240242,2
240243,1
240244,1
240245,1
240246,1
240247,2
240248,1
240249,1
240250,2
240251,2
240252,1
240253,0
240254,0
240255,1
240256,2
240257,1
240258,2
240259,2
240260,1
240261,1
240262,2
240263,0
240264,0
240265,2
240266,1
240267,0
240268,2
240269,1
240270,2
240271,2
240272,2
240273,0
240274,0
240275,2
240276,2
240277,0
240278,1
240279,0
240280,1
240281,1
240282,0
240283,2
240284,1
240285,0
240286,1
240287,2
240288,2
240289,1
240290,2
240291,2
240292,0
240293,1
240294,1
240295,0
240296,2
240297,0
240298,2
240299,1
240300,2
240301,2
240302,0
240303,2
240304,2
240305,0
240306,2
240307,1
240308,0
240309,2
240310,1
240311,2
240312,2
240313,2
240314,0
240315,0
240316,2
240317,2
240318,2
240319,1
240320,2
240321,1
240322,2
240323,1
240324,0
240325,0
240326,2
240327,1
240328,2
240329,0
240330,1
240331,1
240332,2
240333,2
240334,1
240335,0
240336,1
240337,1
240338,1
240339,2
240340,2
240341,0
240342,1
240343,2
240344,2
240345,1
240346,1
240347,0
240348,2
240349,1
240350,1
240351,2
240352,2
240353,1
240354,0
240355,1
240356,2
240357,0
240358,1
240359,1
240360,1
240361,1
240362,0
240363,2
240364,0
240365,0
240366,1
240367,1
240368,2
240369,2
240370,2
240371,2
240372,0
240373,0
240374,0
240375,0
240376,2
240377,1
240378,0
240379,1
240380,0
240381,2
240382,1
240383,0
240384,0
240385,2
240386,1
240387,2
240388,1
240389,0
240390,2
240391,2
240392,2
240393,2
240394,0
240395,2
240396,0
240397,2
240398,2
240399,1
240400,2
240401,1
240402,1
240403,1
240404,0
240405,2
240406,1
240407,0
240408,2
240409,0
240410,2
240411,0
240412,1
240413,1
240414,2
240415,2
240416,1
240417,2
240418,1
240419,1
240420,1
240421,2
240422,1
240423,2
240424,0
240425,1
240426,2
240427,1
240428,0
240429,2
240430,0
240431,1
240432,0
240433,1
240434,1
240435,2
240436,1
240437,1
240438,2
240439,0
240440,2
240441,2
240442,1
240443,2
240444,2
240445,2
240446,0
240447,2
240448,0
240449,0
240450,1
240451,1
240452,2
240453,1
240454,1
240455,2
240456,2
240457,2
240458,0
240459,2
240460,1
240461,2
240462,1
240463,1
240464,2
240465,2
240466,2
240467,1
240468,1
240469,2
240470,1
240471,1
240472,0
240473,2
240474,0
240475,0
240476,2
240477,0
240478,1
240479,2
240480,0
240481,2
240482,1
240483,0
240484,2
240485,0
240486,1
240487,2
240488,1
240489,1
240490,0
240491,2
240492,0
240493,1
240494,2
240495,1
240496,2
240497,0
240498,2
240499,0
240500,2
240501,0
240502,2
240503,1
240504,1
240505,1
240506,2
240507,2
240508,0
240509,2
240510,2
240511,1
240512,2
240513,0
240514,1
240515,2
240516,2
240517,1
240518,1
240519,0
240520,1
240521,2
240522,0
240523,2
240524,1
240525,0
240526,0
240527,0
240528,0
240529,0
240530,1
240531,2
240532,2
240533,0
240534,2
240535,2
240536,0
240537,1
240538,2
240539,1
240540,0
240541,2
240542,1
240543,2
240544,0
240545,2
240546,0
240547,1
240548,0
240549,2
240550,2
240551,1
240552,2
240553,1
240554,2
240555,2
240556,2
240557,2
240558,0
240559,0
240560,2
240561,1
240562,0
240563,2
240564,2
240565,2
240566,1
240567,2
240568,2
240569,2
240570,0
240571,2
240572,2
240573,1
240574,1
240575,2
240576,2
240577,2
240578,2
240579,2
240580,2
240581,1
240582,0
240583,2
240584,1
240585,2
240586,0
240587,0
240588,1
240589,0
240590,2
240591,2
240592,2
240593,1
240594,1
240595,2
240596,0
240597,0
240598,0
240599,0
240600,2
240601,0
240602,2
240603,2
240604,2
240605,0
240606,1
240607,1
240608,2
240609,1
240610,2
240611,0
240612,0
240613,1
240614,2
240615,2
240616,1
240617,1
240618,2
240619,2
240620,1
240621,2
240622,0
240623,1
240624,2
240625,1
240626,1
240627,2
240628,1
240629,1
240630,2
240631,1
240632,2
240633,2
240634,0
240635,2
240636,0
240637,2
240638,2
240639,1
240640,0
240641,2
240642,1
240643,1
240644,2
240645,2
240646,2
240647,0
240648,2
240649,2
240650,2
240651,0
240652,2
240653,1
240654,0
240655,1
240656,2
240657,2
240658,1
240659,2
240660,2
240661,1
240662,1
240663,2
240664,1
240665,2
240666,2
240667,2
240668,1
240669,1
240670,1
240671,1
240672,2
240673,0
240674,1
240675,1
240676,0
240677,2
240678,0
240679,1
240680,2
240681,1
240682,0
240683,1
240684,1
240685,1
240686,1
240687,2
240688,2
240689,2
240690,1
240691,2
240692,0
240693,2
240694,1
240695,0
240696,1
240697,2
240698,0
240699,2
240700,1
240701,1
240702,2
240703,0
240704,2
240705,1
240706,2
240707,0
240708,2
240709,2
240710,1
240711,0
240712,0
240713,0
240714,2
240715,1
240716,0
240717,2
240718,0
240719,2
240720,1
240721,2
240722,2
240723,0
240724,2
240725,0
240726,2
240727,1
240728,1
240729,2
240730,2
240731,1
240732,2
240733,2
240734,2
240735,1
240736,2
240737,1
240738,0
240739,2
240740,0
240741,1
240742,0
240743,2
240744,2
240745,2
240746,1
240747,0
240748,1
240749,0
240750,1
240751,1
240752,1
240753,0
240754,1
240755,2
240756,1
240757,1
240758,2
240759,2
240760,2
240761,2
240762,1
240763,1
240764,1
240765,0
240766,0
240767,2
240768,0
240769,1
240770,0
240771,0
240772,1
240773,1
240774,2
240775,0
240776,2
240777,2
240778,1
240779,2
240780,1
240781,1
240782,2
240783,2
240784,1
240785,1
240786,0
240787,1
240788,2
240789,0
240790,1
240791,2
240792,1
240793,1
240794,1
240795,2
240796,2
240797,1
240798,2
240799,2
240800,1
240801,1
240802,0
240803,1
240804,1
240805,1
240806,2
240807,1
240808,2
240809,0
240810,2
240811,0
240812,0
240813,2
240814,2
240815,2
240816,1
240817,2
240818,2
240819,0
240820,1
240821,0
240822,2
240823,2
240824,1
240825,0
240826,0
240827,0
240828,1
240829,0
240830,2
240831,0
240832,0
240833,2
240834,2
240835,2
240836,1
240837,0
240838,1
240839,1
240840,0
240841,2
240842,2
240843,0
240844,1
240845,0
240846,1
240847,2
240848,1
240849,2
240850,2
240851,1
240852,1
240853,0
240854,2
240855,0
240856,2
240857,1
240858,0
240859,2
240860,2
240861,2
240862,2
240863,2
240864,2
240865,0
240866,2
240867,2
240868,1
240869,1
240870,1
240871,1
240872,0
240873,2
240874,2
240875,1
240876,2
240877,2
240878,2
240879,1
240880,2
240881,2
240882,2
240883,2
240884,2
240885,1
240886,2
240887,1
240888,2
240889,2
240890,1
240891,0
240892,2
240893,2
240894,2
240895,1
240896,2
240897,2
240898,0
240899,1
240900,1
240901,2
240902,1
240903,2
240904,1
240905,2
240906,2
240907,1
240908,2
240909,2
240910,1
240911,2
240912,1
240913,0
240914,2
240915,1
240916,1
240917,1
240918,1
240919,0
240920,1
240921,2
240922,2
240923,2
240924,1
240925,1
240926,2
240927,1
240928,1
240929,0
240930,1
240931,2
240932,2
240933,0
240934,2
240935,1
240936,2
240937,0
240938,1
240939,1
240940,0
240941,2
240942,1
240943,1
240944,2
240945,1
240946,2
240947,2
240948,2
240949,1
240950,2
240951,0
240952,1
240953,2
240954,2
240955,0
240956,2
240957,2
240958,0
240959,1
240960,2
240961,1
240962,2
240963,0
240964,2
240965,2
240966,0
240967,2
240968,0
240969,0
240970,2
240971,2
240972,1
240973,0
240974,1
240975,2
240976,1
240977,1
240978,2
240979,2
240980,2
240981,0
240982,1
240983,1
240984,2
240985,2
240986,1
240987,1
240988,1
240989,0
240990,1
240991,2
240992,2
240993,2
240994,0
240995,2
240996,2
240997,2
240998,0
240999,2
241000,1
241001,1
241002,1
241003,1
241004,1
241005,1
241006,1
241007,1
241008,1
241009,2
241010,0
241011,2
241012,0
241013,0
241014,1
241015,0
241016,0
241017,2
241018,2
241019,1
241020,0
241021,2
241022,0
241023,2
241024,0
241025,0
241026,2
241027,2
241028,2
241029,0
241030,2
241031,0
241032,2
241033,1
241034,1
241035,0
241036,2
241037,2
241038,2
241039,2
241040,0
241041,1
241042,1
241043,1
241044,2
241045,0
241046,1
241047,1
241048,1
241049,2
241050,0
241051,2
241052,1
241053,2
241054,2
241055,2
241056,2
241057,2
241058,2
241059,0
241060,1
241061,1
241062,2
241063,1
241064,1
241065,1
241066,1
241067,2
241068,2
241069,1
241070,2
241071,1
241072,1
241073,2
241074,1
241075,2
241076,2
241077,0
241078,2
241079,1
241080,2
241081,1
241082,1
241083,0
241084,2
241085,0
241086,2
241087,1
241088,1
241089,2
241090,1
241091,1
241092,2
241093,2
241094,2
241095,2
241096,1
241097,0
241098,2
241099,1
241100,1
241101,1
241102,0
241103,2
241104,1
241105,2
241106,2
241107,2
241108,1
241109,1
241110,1
241111,0
241112,0
241113,1
241114,2
241115,2
241116,2
241117,0
241118,0
241119,2
241120,1
241121,1
241122,2
241123,2
241124,1
241125,1
241126,1
241127,2
241128,2
241129,2
241130,2
241131,2
241132,0
241133,0
241134,2
241135,1
241136,1
241137,1
241138,2
241139,2
241140,2
241141,1
241142,1
241143,1
241144,2
241145,2
